asin,name,main_category,sub_category,reviewText,overall,no_of_ratings,discount_price,actual_price
B00000JD34,Motorola 53724 Remote Speaker Mic,"tv, audio & cameras",Speakers,"The sound quality is good. I purchased these to plug into walkie talkies. As someone who's been use to wearing the actual walkie talkie unit on his pants I had to begin to clip it on my shirts because the plug and its cord are short and tight. If I wear the walkie on my belt and have the speaker on my shoulder, the audio jack always pulls out of the walkie unit because of the tension.For my purposes these are not ideal and if you are use to wearing the walkie unit on your belt line then don't purchase these.If you're okay with wearing the walkie unit on your shirt or somewhere a lot higher than your belt line then go for it. I haven't really tried this yet, it hangs in my wah and whacks me in the head while I'm driving....I have to rig up some cord restraints that will allow me to still use the thing....I think it will help me communicate when I get the instalation worked out i bought this because when i do my volunteer work it is extremely hard to hear. so with this one i could hear everything that goes over the radio. THIS IS A 1 PIN REMOTE SPEAKER. YOUR RADIO NEEDS TO HAVE A SLOT FOR 1 PIN TO USE THIS.pro.-built nicely-able to have the radio on low and still be able to hear everything (keep in mind of the noise around you)-push to talk built incon-i use a safety pin so i could attach it my uniform better. may pull the clothes down a bit (need to break in the wires has to be looser) this is something smallthis does have a clip on the back of the speakers but i dont like to use it.overallprice cheaper now compared to when it first name came out (about $15 less)sound goodjust overall its very good.i would recommend this. Bought it for skiing and although its convenient, its hard to understand people on it. I think itay just be the cold temperature but its been pretty awful about every time I've skied. I used it on a warm day to test it and it seemed fine though. Guess it just isn't great for what I had in mind . The cord is also very short. These Motorola mics worked great for our GMRS radios.  Our crew prefers using these in the attics instead of pulling the walkies out of their pocket or belt clips.Speaker:- When you plug in the microphone the sound you hear come out of the mic- When you press the transmit button on the mic or the radio the microphone acts like a microphone.- Sound quality is nice- Volume is adjustable by volume control on radioCord:- My main gripe is the cord- The coiled cord on the new mics are tight from waist to shoulder- By stretching the coil out this problem goes away. Almost wish that the cord came pre-stretched so the new cords weren't so tight.Clip:- The clip clips at the top of the mic.- It would have been better if the clip swiveled on the back of the mic as everyone doesn't like to clip the mic on their shoulder lapel or collar. I prefer the mic in front of me and being able to swivel the clip would have been a major plus.Quality:- The mics are high quality and work well.  Out of the 8 I ordered I only had to return 1 due to failure right out of the package.Overall, great mics at a descent price.  At first the cord will be annoying but with time it should stretch and work better on adults. May look a little funny though if all your kids had these mics on their shoulders. People may give you strange looks.",3.9523809523809526,"1,520",6820.0,9749.0
B00001P4ZH,Koss Porta Pro I Prolite Wired On Ear Headphone without Mic (Black),"tv, audio & cameras",Headphones,"PortaPro headphones did not dissapoint.  Sound was good, and a good alternative to in ear headphones. I bought these headphones because they collapsed into a portable state. Unfortunately the bag, though of very nice material, was not at all big enough to enable me to store the phones in it. The whole experience of trying to fit the collapsed phones into the bag was quite frustrating and I'm surprised that an otherwise good sounding pair as these were (but not great) would be matched with such an unsatisfactory bag as far as size is concerned. However, I did lol use the bag for other things and was very happy with the bag in this case.I found the sound quality not up to the past reviews which gave the PortaPros such a great reputation though. Well this product has absolutely exceeded my expectations in terms of the overall sound quality .. . And for the price that its offered. . .i can recommend any one to just buy it .. without thinking twice. ..Cons :  Not as comfortable as over the ear headphones. .. I had a Koss CD player when I was little, and the bass was unmatched in a bookshelf system.  It made me the envy of my friends and translated into loyalty with KOSS headphones.  I can't say enough about these lightweight, gorgeous-sounding, funky headphones.  PortaPros have a lifetime warranty, look like something out of Tron, and spoil the listener with comfort and bass reproduction.  Buy 'em, and find something else to worry about, in life.  Highly recommended. I'm on my second pair of these headphones. I'm no audiophile - just a gym rat who uses them every day to drive my workouts.Considering the class of headphones under $50 that I have used, for this one:The Good features:  great sound, light on head, excellent bang for the buck.The Bad features:  I carry them in my gym bag along with my other stuff. The cord gets tangled up half the time.  Also, after some time (1-2 years) the ear cushions become shredded, and must be replaced.June 22, 2012 update.  I have purchased another pair, and I'm very impressed. (New headphones needed since the previous pair would intermittently drop the signal.)  The cord seems shorter, and it is thicker so it only gets a little tangled. Also the ear muffins appear larger.  For the price, I know of nothing that's better.  A great buy.",4.464730290456432,"13,848",4099.0,4990.0
B00004T8R2,Panasonic RP-HT21 Wired On Ear Headphones without Mic (Black),"tv, audio & cameras",Headphones,"It is good. Terrific headphones for the price. You certainly won't come anywhere dedicated listening headphones with these, but they are a significant step up from earbuds. Surprisingly good low end - not too detailed, but strong. I bought a set of these for someone that has problems wearing earbuds (IEM), as well as staying away from my JVC-HAFX67B. These phones are perfect for the pc or laptop if you're looking for a 'quick' and simple device to catch news-feeds or watching tutorial videos. Please note that these are not noise-canceling headphones, but for the price with shipping, you really can't go wrong and they are pretty comfortable around your ears!About the phones:Works well with computers but I wouldn't recommend tagging it along with your portable music device -- such as an iPod. The reason being is that they do not do a very good job of suppressing or isolating sounds, which means you can still hear ambient noise and people sitting around you can also hear them. The earcups are designed at an angle facing inwards from the front (shaping your ears) and out towards the rear, this is good for people with flappy ears, but not for me and probably the majority. To get the full sound I'd have to press and hold them in flat, the XBS Bass effect works well but all other frequencies quickly becomes muddled, and surely one can't be doing this all along while wearing it.In retrospect, sound quality is decent, from a scale of 1 to 10 (being best) I'd say 6. You can hear the Bass but you won't feel it, it is there, only not as rich and tight. The Trebles could be better if it weren't for the Mids being a bit too high which resulted to somewhat of an overall 'flat' sounding device.Back to the design as I mentioned before, the angled-cup design could be a small problem to some people. It is certainly for me because this also reduces the overall volume decibel compared to my uber-rich soundingJVC HAFX67Bwhich at 25% volume level, I get a fairly high sound decibel as apposed to 50% level with the Panasonic. Also, I didn't like the angle plug, this could be a plus or minus to some. The reason: when it's plugged in to my Nano next to its charging socket, the angle-plug prohibits me to lay the Nano down on a flat surface, or I'd have to swivel the plug opposite but it'll stick up in the air (see my photos). In case you're asking, it CAN'T be swiveled to the sides because it is very tight with the charger plugged in, if I try, it WILL bend and damage the socket and phone jack plugs!Pros:Price, price and price (under 5 bucks)!Free shippingDecent soundBass (okay, but not rich or tight)Cons:Ear cup designAngled Plug (may or my not be for others)Flat soundingSound escapes even at decent volume levels These were inexpensive and are comfortable. I use them almost daily and after 4 weeks there are no issues whatsoever. I Bought one set to check them out and found they also fit both my four and 10 year old kids. Then I bought 2 more sets just for them as an alternative to the in the ear phones that,(for them,) can be uncomfortable. They reproduce sound well, fit comfortably and have held up well from constant use.  The cord is long if thats important to you, the headband not too tight and is adjustable, and the felt covers on the earpieces are thin but comfortable.And also, Thank you Amazon.com. The convenience of ordering 2 more sets was but a couple of mouseclicks and the earphones were at my door in 2 days.",4.378623188405797,"13,002",2758.0,4800.0
B00004Z7G9,Koss Pro-4AA Studio Quality Headphones,"tv, audio & cameras",Headphones,"When I was 15 (35 years ago), I was hired by my next door neighbour to stain her garage.  With my profits, I went headphone shopping.  For around 60 to 70 bucks Canadian, I splurged on a pair of Koss Pro-4AA headphones.  Wow!  Great bass, terrific highs, fine midrange.  I was in love with the sounds enveloping my head.  At that time, there was no better headphone in its price range.  I still remember when I was 17 and in my first semester of university and was listening to the first album by Deep Purple with the phones on while reading Jane Austin's Emma sprawled out on the chesterfield.  Them was the days.A lot has happened since then.  I not only finished reading Jane Austin's Emma, but I actually finished college a few times, got a job, and along the way purchased some other cans: Sennheiser 595, Grado SR-60, and a pair of AKG 271S.  I have an Ipod clone and a Total Bithead headphone amp.  I use my cans on my regular stereo kit with an Adcom 565 preamp headphone outlet.  Each headphone has its virtues and warts.  I enjoy them all, but usually listen to the AKG 271S (I listen to a lot of jazz, folk, world music, but also other genres as I teach courses like the sociology of music and popular culture for a living).Re-evaluating my Koss Pro-4AAs, I'm surprised at how good they sound for a pair of 35 year old headphones!  They are still involving, good overall sound, with excellent sound isolation and a snug, vise-like fit.  If the darn things weren't so robust (read: a pain in the neck after a while as they are rather heavy) and so tight, I'd probably use them more often.  I've been spoiled by the competition (and with the exception of the Grado SR-60s, paid substantially more for the other cans).The sound of the Pro-4AA's is pretty well balanced--some over emphasis of bass, but that isn't displeasing and is oftentimes welcome (it isn't super accurate like the AKG 271S phones which excell in monitoring music, studio use, and mixing).  The bass does get a bit muddy and the overall sound presentation isn't as smooth as the AKG 271S and the Sennheiser 595.  The midrange of the AKG 271S is hard to beat.  The midrange on the Pro-4AA's holds its own, but is not as smooth and detailed at the AKG.  In some ways, the Pro-4AAs are more ""musical"" than the AKG 271S.  The Pro-4AAs are fun to listen to and are very good.  The AKG 271S is much more accuate and for me, a better phone for critical listening when I really want to dissect a song.  In a sense, the Pro-4AA's are like good home stereo speakers; the AKG 271 sounds like studio monitor speakers.  Both have their place in the world, but if it's a party, go with the Koss Pro-4AAs.  If you are into analysis or studio work, go with the AKG 271S.I still like the Pro-4AAs and listen to them every now and then.  If you want sealed cans and are on a budget, you'd get an excellent bang for your buck with these headphones.  If you don't mind leaking sound, the on the ear, Grado SR-60s are a delight.  If you have the lolly and really want an accurate pair of sealed headphones, the AKG 271S is well worth it (don't bother with the MkII version as it really isn't all that different than the original version and is much more expensive).  If you just want a pair of musical and involving headphones and want comfort, go with the Sennheiser 595s.  Still, for a lot less, you can get the Pro-4AAs and if you are a casual listener the weight and the vise-like grip shouldn't be a detriment.35 years later, the Koss Pro-4AAs are still viable and a very good pair of cans that can still kick the jams. I just got these babies yesterday and I'm so happy with them! I was pleasantly surprised to see ""assembled in the USA"" on the box too. I'm burning them in and when I'm done I'll leave a better review. I'm going to DJ with these old school looking headphones. I gave them a test last night and they worked great with my Denon MC3000 and Virtual DJ setup.4/17/13 They are a treat to DJ with because of how well they isolate the sound and with 24 hours of burn in on them so far they sound both amazing and much better than they did out of the box.5/16/13 They are the best DJ headphones I've used hands down. They isolate background noise so well, play loud, are strong, and look so damn utilitarian cool that I can't imagine what more any DJ could ask for. Love the old school look of them and they sound fantastic.  I have a huge noggin and they feel fine.  They are supposed to be tight by design for all those experts that write about it in the other reviews.  Everything is right where it should be without being to high or to bassy. Listened to a Deadmau concert on Netflix and felt like I was there. I'm not an audiophile in the sense that I have a $1500 receiver and a $3000 speaker setup, but I like upper ""mid-grade"" and lower ""high-end"" 'sounding' audio equipment. I'm always looking for budget audio equipment that delivers excellent sound comparative to more expensive stuff, the Koss Pro-4AA did not fit that bill for me.If you read reviews very carefully, many of them are basing the sound quality on the originals (gel ear pads, 70s vomit green color). But I read positive reviews on even the new ones (supposedly), so be wary.Without a headphone amp, the ""soundstage"" (think stereo widening, or feeling encompassed in sound) is terrible. The bass is pathetic, and the upper-mid to high end is very weak. I even ""burned them in"" after two weeks of usage for about 4 days non-stop (running frequency sweeps, pink noise, and white noise through them) hoping that the sound would improve, It didn't. My ultra cheap-o Sennheiser HD-202s and Koss KSC-75s sound much better in every application I attempted.I tried two different sound cards (Sound Blaster Audigy NX, Razer AC-1) and also directly into my Sony 5.1 receiver. The sound stayed basically the same, lifeless. No matter how I tweaked the EQ, or how loud I cranked it, it still sounded lifeless.The only thing I can think of, is that you NEED a headphone amp in order for these to sound any good at all. The impedance on these suckers is a whopping 250ohms! Compare that to the HD-202s 32ohms or even the HD-595s at 50ohms!. For all you ""average Joe's"" out there, that means that you need way more juice to get these things to work well. I just wish someone said that before I bought them.So basically, these WILL sound terrible if you don't use a headphone amp. I just wish I HAD an amp to test these with a proper amount of juice. So if you don't want to use an amp, look at the Sennheisers or Grados.Summary: Buy a headphone amp or look elsewhere. On this newer production run, you may expect the majority of the output to be at 2.3k, with practically no bass or upper treble.  This can be fixed with a headphone amplifier; however, this description doesn't match the classic Pro-4AA.  What you have here is a newly redecorated Pro4AAA, and that's not the same thing.  Therefore, what you receive probably won't match what you expect.The classic Pro4AA is gone.  Only its appearance remains.This new item can work for voice communications, speech therapy, language learning, and many other applications where a voice-only response is appropriate.  They're also useful as a movie prop.I had mistakenly purchased these for music, not realizing that they had been changed.",4.057142857142857,630,10716.3,13490.0
B00004ZC8Y,Tiffen 46mm Circular Polarizer,"tv, audio & cameras",Camera Accessories,"Good filter, does the job.  Using this on my Canon 24-105mm Lens, no problems. ... ... ... ... .. .. this thing eventually fell apart and after pretty minimal use...filters should simply not fall apart or should have a lifetime warranty, will never buy from this company again.UPDATE: Called customer support and they are either going to fix or send me a new one at no additional charge.  Spoke directly to a customer service rep, he took the initiative for this course of action...great customer service, back on the Tiffen train. I really like this polarizer.  Works greatest when you are 90 degrees to the sun.  It works great to make the sky a nice darker blue during the middle of the day. I use this on my 18-55mm kit lens and it works well with no issues. Tiffen is known for making decent quality filters. Great fit on my new 55mm lense.  Arrived as described, on time and the price is great, as well.  Excellent choice.",4.392045454545454,95,3680.0,8600.0
B000051ZOA,Bushnell 13-3450C 10x50 Falcon Wide Angle Binocular (Black),"tv, audio & cameras",Cameras,"Man, for the price it is one decent piece of equipment for my modest needs of occasional tourist. It also got some tough treatment and withstood it heroically. It is sharp enough for me. If you need a binocular of the size for general field trip where kids and other people who do not care too much about gentle optics will use it, it is one you wish to buy. On other hand, if you know binoculars and expect top performance you need something more refined. For a general, not fancy, public it is awesome buy! I like the quality on this binoculars.First pair and none other to compare to, but is it normal to have double vision? Is it adjustable? or is this a defect pair? i really like the build of this binocular. planning to use it for hiking trip in future. Delivery was prompt and the price was reasonable. Our family has been through several pairs of binoculars! Having kids and grandkids has been rough on binoculars, no matter how careful they may try to be. If these get dropped, we will not feel  devastated because they are not that expensive.  The wide field of view (for 10X) is ideal for the rural area we live in. The focus is easy, with or without glasses and the image is sharp. There is no color distortion as you see with some binoculars.  We were not impressed with the lens caps, which are pretty loose, but we don't normally use them anyway.  These binoculars  are big and not as portable as the 7X35's, but that's understandable for 10X50's.  I have looked at the moon and some stars, although I had to to &#34;prop&#34; them to get a steady view. If you plan to carry your binoculars  for long walks, you might want to get something a little smaller, but for us, these are perfect. I'm a total amateur using binoculars, so it took me some time to get used to focus clearly, however, I quickly discovered that focusing shouldn't be so hard, and then realized that the product had a defect in one of the objectives. It was twisted a little bit to the left, so it always made hard to visualize correctly and you needed to give some space between your eyes and the binos.I really don't recommend the product. This is fixed 10x -- not a zoom. Didn't realize that when I bought... even so, it works fine for the price. Using this, in the suburbs, I was able to see (albeit faintly) the Andromeda galaxy and the orion nebula. I can't wait to try out somewhere in the countryside... these are useful but of course, now I am left wanting more.",3.9375,"5,502",5490.0,7300.0
B00005LEN4,Nikon 50mm Nikkor F/1.8D AF Prime Lens for DSLR Camera (Black),"tv, audio & cameras",Cameras,"even though i have other expensive lens, i still put it on my bag This is my primary lens on my Nikon D300!  Tack sharp and great bokeh.  A great lens for portraits and works very, very well in low-light conditions!  Highly recommended! I needed a prime lens for my Nikon D-5000, to use for digiscoping. It came in good condition, with a rubber cap and a filter that I do not use. This is a compact and fast f/1.8 lens.  It stays on my older Nikon D100 camera for everyday use, and is the perfect companion lens for travel, portrait pictures, and general photography.  I use this for low-light and/or indoor events, especially birthdays and special gatherings that go well into the night.  I don't mind not having zoom on this lens, if it means capturing a great non-blurred shot 99% of the time.I purchased this with theTiffen 52mm UV Protection Filter, mostly to protect against surface scratches and dirt.  A more economical alternative to having to replace the lens.I would not go so far as to say it is the best lens out there.  But, it is an excellent lens, and maybe the best in its class.  I have two of these; one always mounted on a D100, and one in my camera bag as a backup lens for my D200. I've had this lens for several months. It's fast, and the image quality is decent, but for the price it's quite good. Focuses well, even in low-light conditions...rare focusing misses from time to time. The colors do tend to shoot a little on the warm side. Chromatic aberration is often present in high contrast areas. SO WHY ONLY 3 STARS? It shoots soft images. If you're a casual shooter, you may not care or notice; but if you're someone who's a stickler for this type of thing, you may want to spend a little more, and buy the 1.4.So, it's difficult to know how to write a review for a budget lens. Do I rate it based off of price or product quality, or both. I opted for a little of both, leaning more towards quality. Obviously one cannot expect pro-level optics for the price of this lens. Is this lens worth the price, sure; but if your budget allows for the 1.4 ($350), I'd opt for that over the 1.8.",4.752380952380952,"5,649",7399.0,7450.0
B00005T3BD,Polk Audio Wired Polk Rc60I 2-Way in-Ceiling Speakers - White,"tv, audio & cameras",Speakers,"Mounted these in ceiling as my rear surround for my Denon X3000, and couldn't be more pleased-- especially for the price range!In my case, since I was using as rear surround I set the tweeters to fire toward my back wall, and this adds to the depth of surround sound.PROS: good quality build, sound is excellent, and tweeters are adjustable to fire in the direction of your choice.CONS: None really. A little nit picky-- I would have liked if the speakers came with a mounting box to put behind the speaker inside the ceiling. This would keep insulation, dust, etc out of the back side of the speaker. I created one of my own. I purchased 2 sets to place in my bedroom ceiling for surround sound and they work great with my system. They are well made, heavy speakers, easily installed-comes with a round templet to draw circle for cut out. I purchased these speakers for use as my side channels in my 7.1 surround sound system. I was surprised at how easy they were to install. I'd rate my ""handiness"" skill as amaturish at best, but a friend and I were able to get these installed in the ceiling and working in under 1 hr.  The hardest part was cutting the hole in the ceiling.  The speakers come with a cardboard stencil to draw the line for the cut and the design of the speaker itself is pretty forgiving in case you're not so hot with the drywall saw. Once the hole was in the ceiling, the speakers go in and after a quick twist of the screwdriver, they're in.They sound pretty good for ceiling speakers and they definitely serve my purpose as side channels.  I probably wouldn't opt to use them as my primary speakers, but they're not bad. I'm considering buying another set or two to set up a whole home system for music and install them in the bedroom and the office.Pros: Ease of installation, they look great and sound pretty goodCons: They're not going to replace your main speakers, and although they say that they're paintable, painting the grill requires you to use spray paint so not to gum up the grill. This may make it difficult to match your existing paint. I didn't paint mine, but they still look really good in their original white and match my light switch and outlet covers. These are great speakers. I was putting 2 ceiling speakers in my medium sized kitchen, and was between these for $75 or the RC80i for twice as much. I ended up going with the RC60s since it was just my kitchen and they would only be used for background music. I'm glad I did. I tested the first one by itself after installing it to make sure the wiring worked and it pretty much filled the room by itself. After I had them both in and cranked some music they easily filled the entire room and then some. RC80s would've been overkill. If you need to fill a very large room they are probably a good choice, but for a medium to small sized room 2 RC60s will do you just fine. Sound quality is very good. Very easy to install, but if you are using it in an Acoustical ceiling format, I would recommend leaving the ceiling tile in place and then cutting the hole. Really makes the process a lot easier. I purchased 2 pairs of these, and so far they deliver great sound to my home theater. Amazing product!",4.536,"1,126",18500.0,20000.0
B0000665V6,"Celestron 93625 Universal 1.25-inch Camera T-Adapter, Single","tv, audio & cameras",Camera Accessories,"Works as advertised. This is a great adaptor, HOWEVER it is not in my opinion a complete adaptor. I purchased this thinking that I could use it with my Nikon DSLR camera, and realized after an hour of setting up my telescope and getting it zeroed in, this does NOT attach to the camera, and you need an ADDITIONAL adaptor that fits into this one for your camera ring. These are specific to your camera so I understand that you can't sell a ""universal"" kit, but it would have been nice to know that up front. I bought this adapter to mount an old celestron c90 to my new Olympus OMD EM-5. With a t-mount/micro four thirds adapter on the end it works like a charm. Any 1.25&#34; eyepiece will slide in, stay in place with the set screw and provide you with massive amounts of magnification and the ability to photograph it all. I need take pictures of the sky with my nexstar 4se, i buy a DSLR camera and this article is very useful for this task..thanks Do not expect too much out of the product. The adapter works, however its kind of flimsy. For the price however, I kind complaint too much.",4.25,"1,169",3699.0,4999.0
B00006HOKR,AM/FM Stereo Speaker Clock/Ra,"tv, audio & cameras",Speakers,"Expectation before buy : 9Fullfilment : 6.5Sensitivity : 6Selectivity : did not have a chance to test in a crowded spectrumFeatures : 8 (no bass boost... definitely a missing addition )Audio power: 10 will definitely deafen you !!! (miss bass boost though ..ggggrrrr !!! )After reading the other reviews, I felt this was the model I waslooking for since everybody was praising its sensitivity and selectivity.Looked the nice pictures and decided to buy it.The first disappointment: the display does not highlite...sigh..There is no bass boost feature: it is a nice addition unlessyou use a really good pair of headphones.And talking about the headphones, the radio come with earbudsthat does provide a reasonable good sound but they don't fitin my right ear.. I must have some genetic ear mutation...The buds are a bit bulky and there is no padding what make themslip off pretty easy... and being bulky you will get sore earsafter a little time wearing them.First thing I did was to go to Walmart and get a pair of thosebehind the ears model since I want to use the radio in the gymto shut off those idiotic shows on the TV. I'm happy with this solution. Anyway...The controls are simple enough and once you put all the stationsyou like on the memories, you use one button to scroll them.There is only one memory scroll button so you always navigateforward and once it reaches the 19th, it will flip to 1st again.A distinctive feature of the memory is that you can fill it inwith any combination of AM and FM: there is no separation, so youmay find it annoying to have mixed stations to select from.I like this feature but after a week with it, I think I am backto wishing they were separated. There is not enough FM stationsthat the gadget will pick up to fill 19 memories ... and topreset some crap in there, just doesn't pay off.Too bad one cannot cancel some unused memories (I would probably get rid of about 13 of them !)Another feature that made me chose this model is that it uses2xAA batteries as opposed to 3-aaa...I've been using it for 2 weeks now with rechargeables NiMH and it's working great.The radio comes also with a clip to attach to the belt... itfeels a little flimsy though, i.e. not suited to the gym.. nowI think that a armstrap would work best.The buttons are soo sensitive that I think a Summer draft would activate them...There is a ""lock"" button to prevent accidental operation, but Ifound it a bit annoyng to use it.For the reception, it did better than a few boomboxes I broughtto the office (I really like listening to the radio).Actually less than 5 radio stations were possible to listen to.The radio has a mono/stereo switch that helps to get rid ofthe buzzing when the FM reception is weak (and I had to use itall the time in the office), however, when you change station the reception defaults back to stereo.I am completely disappointed though that it cannot get thesignal of my favorite radio station neither in the office or the gym...TV band ? Who cares ? I want to be away from the TV :-)Am I happy with it ?(...)Finally, something I forgot to talk before: the auto shutoff. It will turn your radio off in 60 minutes unless you change something on the controls (not counting on volume or lock).If you want it to be on by your side for more than one hour, on the same station ,you better hit something, like mono/stereo just to reset the timer.  It's great for those who like to sleep with it since the feature will save your batteries. I was unfamiliar with Sangean's products until I started searching Amazon for a compact radio last spring.  None of the handful of models made the cut, simply because I didn't desire the expense or additional shortwave bands of the Sangean models under consideration.  Instead, I chose the very cheap but surprisingly good GE 7-2664 AM/FM portable (Amazon sells it,) a very rugged, very basic radio.  I've used it constantly for months without any complaints save one, which is that it is not a pocket model and therefore is less convenient for someone who is moving around a lot.  This little Sangean is the answer, combining a very good digital tuner with up to 20 total presets in three bands, AM, FM, and TV channels 2-13.  Presets are handy, but Sangean made a big mistake when they decided to do them with only a single button that forces you to flip through all the presets in order to reach the previous one in the sequence--a better way would be to use a rocker switch that goes backward or forward (hope the manufacturer will read this and take note.)  Reception is outstanding for a pocket radio.  Sound from the included earbuds is decent, especially for talk shows, though they are obviously something of an afterthought from the manufacturer's standpoint.  I tossed them in favor of my better-sounding old Panasonics, which don't hurt to use and reveal the fine sound this radio produces.  There is a 1"" speaker that serves well-enough for AM talk radio, and just barely for FM music programs if it's held near the ear--think of it as a backup to the headphones.  That's it for the electronics.And that's where the trouble begins, as I see it, that being the case construction, which is pretty shoddy and ill-fitting.  There are gaps that should not exist on a $50 pocket radio, which is why it is imperative that the unit is kept out of the elements; one errant raindrop could ruin it--totally inexcusable.  A gasket should be between the two halves of the plastic case, both as weatherization and as a shock absorber.  Those buttons should be rubberized, or at least somewhat less permeable to dust and liquids.  I can see one of the batteries behind the poorly-fitting compartment lid. I can also see the day when the lid breaks and I will need to secure it with rubber bands.  And the detachable belt clip doesn't look that durable, either.Nevertheless, it is the electronic component, namely the excellent digital tuner, that make this a worthwhile acquisition.  This radio has been manufactured basically unchanged, according to one source, since 1996, which means Sangean considers it a proven design.  For an update, I hope they tighten up the case in order to make it a classic.  For now, it is merely ""very good.""**EDIT:  Failed after a year and a half (out of warranty, naturally.) Nice little radio I didn't necessarily buy this for the external speaker sound quality (which was predictable from a one-inch speaker), or its FM reception (which is iffy in the heart of an urban environment, that's endemic with most Sangeans).  I bought it for its sound quality through headphones (bass boost helps a lot), and its AM reception.  And those work as advertised. Wait!  Stop the presses!!!  Here's my review of a few months back:  ""Maybe I got a lemon, but I doubt it.  This is a cute radio.  It looks nice.  That's about it.  I turned it on and the AM reception is distorted on every station.  The sound is very very thin.  It is unlistenable.  The FM isn't much better.  I just took out the batteries and put the radio in the trash.  Lesson learned.  If you want a tiny good pocket radio, get the new CC Pocket radio.  This is a major disappointment.  I don't want to waste the time sending it back.  Major waste of money.  I was very surprised.  The Sangean DT-210 is MUCH better.  No contest.  Again, I COULD have gotten a lemon but I don't think so.  Don't say you weren't warned.""Well, being a huge pocket transistor radio fan, I pulled the trigger again and ordered another one when I found out the newest models are strictly AM-FM with NO TV.  The TV capable ones are the old ones but would be useless anyway since analog TV signals ended a few years back.  I was pleasantly surprised upon receipt to find out that this radio worked a heckuva lot better than the one I blasted above.  I like this radio!!  I'm going from a ONE star to a FOUR star rating.  It is a bit tinny sounding, yes, but the speaker is so small that it couldn't be anything but a bit tinny.  I now would put in on par with the CC Pocket radio and would recommend this to others.  The sound isn't as full as the equally tiny DT-210 from Sangean, but what it lacks in sound it makes up for in ""cuteness.""  This is the tiniest, cutest AM-FM digital pocket radio out there, and again, I must have gotten something ""lemoney"" at first, but I'm very satisfied now.  If you like tiny, cute, digital, 19 presents and portability, this is a sure bet.  As for ghost voices, mine doesn't have a setting for those.",4.2560975609756095,"1,493",0.0,7991.0
B00006I5J7,Nikon JAD10101 52mm Snap-On Front Lens Cap,"tv, audio & cameras",Camera Accessories,"Fit perfectly. Keeps falling off my camera.  Not like the original. What's to say, it's a Nikon LC-52 Snap on Front Lens Cap. Fits as described and protects your expensive lens. A must have for any Nikon owner. No big deal, this is the &#34;original&#34; Nikon lens cap like the one you probably received with a lens purchase in the past decade. Looks just like the lost one, seems identical to the lost one ..... Lost our original one at a football game...oops! This is a perfect replacement for our stock 18-55 lens on our D5000",4.7272727272727275,"2,988",0.0,0.0
B00006I5JA,Nikon JAD10201 58mm Snap-On Front Lens Cap,"tv, audio & cameras",Camera Accessories,"Not much to say except that it fits my lens and appears to be well made.  Wish I was able to attach to camera so I don't lose it. You need to protect your lens at all times, having a clean lens is always the diference. ... what more needs to be said. It is a Nikon lens cap, it fits my Nikon lens like a glove. It is the best lens cap it can be. I lost my original lens cap.  This one looks, feels and works just like the original.  No complaints. Nikon nailed this one.  Yes its a simple original cap but Nikon's is so much better than canon's.  The pinch mothod in the middle of the cap is so much better that little area of the cap that is pinched on canon's version of this very simple product.It's the little things that count and here Nikon takes the cake.I've used it for my nikon P7700 with step up ring and larger UV filter. No vignetting and larger more of a standard sized cap that is easier to handle and apply then original small one that came with the camera. Not that it makes a difference but many people have complimented me on how nice the P7700 looks with this somewhat cosmetic upgrade.",4.814814814814815,293,0.0,200.0
B00006I5JC,Nikon JAD10501 72mm Snap-On Front Lens Cap,"tv, audio & cameras",Camera Accessories,"Great cap. Nikon quality. Wife had an off brand on her camera for a while until it somehow got stuck behind her car seat. The force form the seat on the cap pushed the cap into the lens and broke the filter. It happened because the off brand cap had poor tolerances and didn't fit exactly as it should. Spend the extra $ on the Nikon cap. This is a real Deal Nikon cap. I was a bit skeptical, However i just want to let everyone know it is legit I ordered this particular lens cap because it looks like the older model, which I prefer marginally to the newer one. I find it easier to drop the newer design, especially with gloves on, which is how I lost the last one while changing lenses on horseback. It's a good product (I have one for every lens I own), but the one pictured is better, IMHO. Not much you can say about a Nikon lens cap, so maybe a Haiku?Not a thousand wordsNeed describe my Nikon capIt is a fine cap Lost my lens cap in New York City. Had to buy a quicky generic (non-Nikon) replacement on the street ($25): lousy quality at a high price. The minute I got home, I ordered this at half the price and am a happy shooter once more. :)",4.75,417,850.0,1499.0
B00006JN3G,Nikon 7072 Lens Pen Cleaning System,"tv, audio & cameras",Camera Accessories,"Excellent product, works for any type of lens. He arrived in the estimated time. It  works.  Not so sure what to do to clean the brush from gathered lent particles.  Some have the  spin  brush feature to sling off particles  and entergize the magnetic field to  gather new dust particles.  Oh well.... It  does look  good and it has a nice NIKON brand  name on it. I got these to replace the cloth that came with my Ray Bans. They work quite nicely although I don't believe the brush does anything special. The &#34;squeegee&#34; does the trick to remove most of the oil and grim though. I use this on my Canon Rebel XTi and my lens for the camera. I have even used it on my glasses that I wear. Works well cleans away dust and smudges. Happy with the price as well. This is a nice, compact, stylish little unit that has the brush extend and retract into itself to keep the bristles straight and clean. But it's only part of the solution. It would have been nice to somehow incorporate some type of air blower in this pen. However small the blower design would have been, it would have been useful in combination with the brush. This cleaning pen, a soft, lens cleaning cloth, a compact blower, all enclosed in a small ziplock bag and you have some of the basics for lens cleaning and protection. Recommended at $10. or less.",4.417840375586854,"4,472",1854.0,4200.0
B00006JPDF,"BIC AMERICA DV-32B 3 1/2"" 2-Way Compact Shielded Speakers - Black","tv, audio & cameras",Speakers,"These little speakers were a big surprise they really sound good. Looking for a good surround speaker.... order these!!!! Thanks Amazon I use these for my rear speakers in my surround sound set up.  They do the job quite fine.  To be honest, I find that most shows don't utilize the rear speakers all that much so it's not like they're pushed to their limits.  Though I get the feeling these babies could do an admirable job if blasted.  They are quite solid little speakers. For years I've been suffering as I tried to listen to music through cheap, self-powered computer speakers. Nothing I tried was much good.  With my setup I have room for a re-purposed Technics 100W receiver, but no good place for speakers, which really have to fit up on the windowsill.  My little Polk Audio bookshelfs -- an even better value -- just don't fit.  So I went looking for something smaller, but still high quality, for under $75.  Well, there ain't much.  This was about it. Fortunately, it's working out very well. Smooth, full sound.  Decent bass.  Really better than I'd expected for the size.  It's an acoustic suspension design (not ported), so it's not particularly efficient.  I'd suggest 50W per channel if you want solid bass.  Overall, I'm much happier now, whether listening to local FM, Internet radio or I-tunes. I set up a 5.1 system thinking ""entry level"". I put bookshelf DV62si's in the front and a DV-62CLRS for a center channel. These little guys are in the rear and they are just amazing. I expected the least from them and got the most. Honestly, if I wanted to save a little more money, I would have used these as fronts and rears. The BIC subwoofer is also a good choice, no matter what the size - the room is sure to rumble.I selected the speakers with a ""DV"" prefix to match thier voicings. I knew nothing about this before I started and talked to an audio-phile friend of mine.BIC America is a great deal and superb quality on an almost ""no name"" brand. I only wished they actually manufactured thier speakers here in the USA. They just engineer them here so better than nothing I guess. I USE THESE  SPEAKERS  FOR  REAR  SOURROUND  IN  THREE  SYSTEMS  IN MY HOME . I USUAL TRY TO MATCH  MY  FRONT  SPEAKERS  TONAL QUALITY. I have  found  dollar  for  dollar it didn't  pay ! These speakers are small and  easy to mount with many positions available I mount  them high and upside  down. I recently purchase  the  bigger ones  52 for  my living  room  which is  considerably larger than my other setupshighly  recommended  for  rear  speakers I  also use  them in my  garage  as  mains",4.606060606060606,117,0.0,13219.0
B00006JPDG,"BIC AMERICA DV-32CLR 31/2"" 2-Way Center Channel Speaker","tv, audio & cameras",Speakers,"When I put together my surround sound system I thought I could get away without a center channel speaker. I'm using my older Yamaha Piano Series Bookshelf 2:1 system speakers for the front L/R and SW, and I'm reusing a 30 year old pair of Realistic Minimus 7's for the rear L/R. I soon found out that where I had my front L/R speakers located, it just wasn't going to work. When looking at what was available as a stand alone center channel speaker, I was surprised at how expensive they are, and that single speakers are almost imposible to find, but when I saw this speaker with overall good reviews, I thought I'd take a chance and try it out. I'm glad I took the chance, as the speaker does exactly what I wanted it to do, and that was to handle the primary vocals with good reproduction. Yes, it's small, but it weighs a ton and has excellent bass for such a compact head unit.  Dialogue applications are strong, clear, and not tinny like head units in all-in-one surround speaker packages.  The BIC is a quality addition to any small room home theater setup.  Highly recommended, especially for the price! I'm very happy with this speaker.  Its about the same width as my ps3, and about twice as tall.  Easily fits in my home entertainment center.  Sound is nice and full with decent bass.  Vocals are crystal clear.  Just ordered the DV32-B for my surrounds. My TV set-up is such that I needed a low-profile center channel speaker.  After looking at a number of reviews, I settled on the BIC America DV-32CLR.  It is perfect.  Small in size, but solid - the weight of the over-sized magnets for the speakers is apparent when you hold the speaker.Sound quality is very good for a small speaker like this one.  I liked this speaker so much that I bought another one for my son. I bought this speaker for the center channel on my YAMAHA surround receiver.  Coupled it with 2 SONY BOOKSHELVES for the front pair, 2 BIC BOOKSHELVES for the rear, and 1 polk 10 inch subwoofer.  This baby serves its purpose SPLENDIDLY, and it is EXACTLY the correct size to fit front and center of my LG 55 inch LED TV without blocking the screen.  You will find when watching movies WITHOUT a center speaker that dialogue tends to be too quiet and get lost in louder scenes.  If you are looking for an economical way to fill that center void, this baby is the answer.Did anyone mention - it comes with an astounding SEVEN year warranty.",4.452830188679245,170,8339.0,10500.0
B00006JPDI,BIC America DV62si Bookshelf Speakers (Pair Black),"tv, audio & cameras",Speakers,"So far so good!  Sound is amazing!!! These speakers are great. I was blown away the first week I had them as they continued to get better and better with each listen ( as they still do). I know some have been complaining about these being bright sounding initially, and those concerns may be merited, but overall they sound great out of the box and I am very pleased. I am currently using this as front left and right speakers and they are performing well with my mid range onkyo. I hope to pair these to a high end Denon in the next year. They arrived packaged well and in great shape so I have no complaints. Summary:Pros:Sound qualityPriceSizeunobtrusive design (not glossy or flashy, just plain matte black)banana plug connectionsBig and heavy allows more clarity and volumeCons:Big and heavy, if you want to put these on your bookshelf, you'd better have a pretty big bookshelf.  If you want small or discrete, these aren't for you.  If you use banana plugs, the cables will protrude from the back a fair way.These speakers are simply astounding.  I have three pairs now, and I've tried others, and keep coming back to these.  They are large enough to have enough air volume displacement and small enough so they're not honking big and annoying (unless you like honking big).  They have incredible clarity throughout the range, and when paired with a capable subwoofer and a quality receiver can really deliver an impressive level of volume and depth of sound.  I started out with a single pair on a simple stereo setup.  I liked them so much, I replaced the two front speakers on my 7.1 setup with these and the difference was simply phenomenal.  I made a mistake when Amazon didn't have them in stock for the fourth pair I needed and orderedPolk Audio TSi100 Bookshelf Speakers (Pair, Black)because I was impatient.  The BICs have better sound reproduction than the Polk speakers by far, I'm longing for the day when I replace the Polks with a pair of these, which are less pricey.  I use these in conjuction with high quality Onkyo receivers, prefabbed cables, BD and SACD players and I couldn't be more pleased.  The clarify of these with SACD had me floored.The best part: they cost half what other speakers that can deliver this quality do. I bought mine modded from Ed Frias. They are the nicest sounding bookshelf speakers I've ever heard. I'm powering them by a Dayton amp from amazon and I use a very nice sound card on my computer, which makes a huge difference no matter what speakers you use. I'm extremely happy with the sound and the quality of Ed's work.Check out the user uploaded pictures to see them on my desk.Update 7/21/2009. I went ahead and ordered a regular pair of these speakers to use as surrounds in my home theater. Before I set them up I switched them out with the Ed Frias versions on my desktop ""hi-fi"" system and immediately heard a difference with the non-modded speakers sounding brighter and just a little ""off"" compared to the highly modified and broken in speakers. No big deal as they still sounded great and were not broken in at all but fresh out tha box. I could easily have lived with them on the desk but they are destined to serve as surrounds where they are a drastic improvement to the Sony SS B-1000's I was using. Over all I'm super stoked about BIC's products and everything I've ordered thus far has showed up without any packaging damage and all sound great. At this price range you can not beat any of their speakers with a stick. I was told these were better untill bic updated the crossovers and killed the bass response.  I had to put these as my rear channels because of the huge lack of bass. They are very clear but the lack of bass kills it. Bic wants you to use these as surrounds but i wouldnt at all. I use the Dv62clr-s and turn them vertically because they are dv64's that are ported. The sound quality of the dv62clr-s for a center and surround kills the dv62si so i wouldnt bother to use these as your surrounds they should just be rear speakers that's all and never surround or fronts because of the non bass.",4.633663366336633,469,0.0,27199.0
B00006JPRP,Maxell NB-201 Stereo Line Neckband Headphones - Silver (190316),"tv, audio & cameras",Headphones,"I did not get the headphones that are pictured with white, black and blue on sides. What I got is some ugly looking gray/black headphones but the problem was not that only. They sound ok for $5 but the design is very bad. The plastic going around your head is very hard plastic and way too big around the back of the head there is a big gap. The part sitting on top of your ear hurts a lot. You cannot wear them without feeling something pushing into your head. Not even $5 is worth this pain. I returned them. The sound isn't great, the fit isn't great, they get sweaty and gross. Those are the good qualities!Seriously though, they do what they are supposed to do. You can run and wear a baseball cap at the same time. That has to count for something, right? There are a lot of haters reviewing this set of headphones... to those people, let me remind you: you only paid $5 for them.For my uses, namely jogging/working out, gaming on a laptop, these headphones work perfectly.  Now, can you find better headphones out there?  Yes.  For $5?  No.  Like everything in this world, you get what you pay for.These headphones replaced a $12 pair of Philips behind the neck/head headphones.  The Philips had better bass response than these, but no big deal.  I'm not sitting in a studio trying to engineer sound, I'm working out and sweating on them.  They get the job done just fine.  For what it's worth, they do not hurt my ears (no rubbing) like others have claimed. And as an audiophile and audio enthusiast, i've owned MANY over the years, both cheap and expensive.  In short, these headphones have a very 'veiled' and subdued sound, which noticeably holds back much of the music.  Even for the low money, you can find much better sounding 'cans' in the ten dollar range.  I have a cheap set of Sony's that cost me around ten bucks that 'blow away' these Maxell's in every respect... better and tighter bass, and more airy and detailed mids and highs.  This probably why I found these on sale for four bucks at 'Big Lots'! It's going to crush your head.It's not going to have any bass response (I have headphones that have reasonably good bass response, so don't tell me that headphones are the problem).The cord is extremely short.You will cut your hand trying to open the package.Don't buy them.",3.260869565217391,984,0.0,1598.0
B00006LSVL,"Celestron 1.25"" Moon Filter","tv, audio & cameras",Camera Accessories,"Good product. Even used it to see Jupiter ( dont have a planet filter ). Could see faint lines, 4 moons quite well. Recommended I know it arrived but my wife has been cleaning and moving things around and now is out of town so I'll wait until she's home to give a better review of this filter. I have to believe it will work as it should...BUT...I'd like to try it before I commit to that. ;-) This works great, but be aware that it is made of plastic, so it has some flaws that you get for saving some cash. Mostly, the problem being the difficulty with plastic threads on the filter, which are hard to thread. I only recommend this if you are a beginner that just wants to get started. It really adds a lot of contrast to the surface of the Moon, and even Jupiter. It makes a bright moon very easy to view. This inexpensive moon filter makes looking at the moon a much more enjoyable experience. Consider it ""sun glasses"" for your telescope. It reduces glare, increases contrast, and makes moon viewing much easier on your eyes, especially a full moon at higher magnification. Light transmission is about 18%. Looking at the full moon with a telescope you realize how bright it is. The Celestron moon filter cuts down the glare to help you see more highlights of the moon.",3.8181818181818183,11,1970.0,5400.0
B00007056H,Koss KTXPRO1 Titanium Portable Headphones with Volume Control,"tv, audio & cameras",Headphones,"I bought these for my youngest child and was expecting them to last a bit then fall apart.  These have held up great and way longer than others I bought.  These are still going strong and get daily use.  I'll definitely look into these again. The sound isn't great but adequate for my purposes - using them at the gym. The headband and ear pieces do not fit especially well. I've had several Koss Portapros.  They provide excellent fidelity, but I'm constantly irritated by the cord getting tangled up.  This KTXPRO1 has good fidelity, does not tangle as much, but suffers from two negatives.I use headphones primarily while working out on an elliptical.  For this use the cord is way too long, and the volume control wildly swings to and fro when I increase my speed (very bothersome).  I've been able to work around this by securing the cord to a part of the machine.I'd also note they feel good on my head, and do not bother me (they actually feel slightly better than the Portapros).So I conclude these headphones are good for some uses but not for others. I use these at work for hours at a time and they are comfortable and sound great!! I can't get over how cheap they were. I bought these to replace the Koss Porta Pros that I wore out and they sound just as good and are even more comfortable. I am going to send the Porta Pros into Koss with $9 to take advantage of the lifetime warranty but if these break they are throw aways for this price. Highly recommended! I needed some cheap headphones and saw these on sale, so I bought them.  The sound quality is pretty good.  Better than 95% of all ear buds you can buy, but that really doesn't say much.  These are not as nice as my Grado SR80s, but fine for most uses.  The one thing that worries me is that they are made from what feels to be cheap plastic.  I am hoping they won't break very easily.  Then again, I only paid $10 for them.",4.181481481481481,"2,927",3199.0,5490.0
B00007GQLU,Canon EF 85mm f/1.8 USM Medium Telephoto Lens for Canon SLR Cameras - Black,"tv, audio & cameras",Cameras,"I got this lens a few weeks ago,and have been thrilled with it! It's definately not ""L"" build quality, but it's great optically. Color saturation is very rich, and I haven't seen any color fringing. And boy is it sharp! It's my favorite go to lens for portraits,as the bokeh is nice and smooth and the perspective is very flattering. It's usable wide open, and by f/2or 2.8 it's sharper than any of my 6 other lenses. Get the hood, because no other hood will attach to it . The answer is most likely yes; since its price make it the best value for a fast canon prime lens. But before you make the $350 plunge here are few useful things to know about how it can be used. Keep in mind that I use this lens on the Rebel XT (1.6 factor), which means it provides me with an angel of view similar to 135mm on film cameras.SHARPNESS: Yes that's one feature you can count on when buying this lens. This lens produces very sharp pictures. So much so that it will blow away your 18-55 kit lens (if you have one) and all other zoom lenses.  Exception to that are the L-series zooms. The sharpness difference will be obvious even in the smallest of prints (4 by 6). If you can't envision such difference then consider this. Sharpness can be viewed as contrast between the edges of different color objects. Hence, the sharper an image the greater the contrast in the edges between such groups of color. This lens captures the contrast in such setting better than most other lenses.SPEED: This lens is blazingly fast. As such you will have the opportunity to shoot at higher shutter speeds wide open (remember the inverse relation between aperture and shutter speed). More importantly you gain the ability to shoot in low light situations (concert for example) and still maintain a decent shutter speed for handholding. Here's the best part, if you're like most new people to photography, you probably plan to take self portraits. This lens will give you that ability, as you will be able to buy few clamp on lights coupled with 100-150W bulbs and start shooting at medium ISO speeds wide open.ANGEL OF VIEW: Assuming you will be using this lens on a 1.6 digital format consider that you will be having a tight crop, more like that of a 135mm lens on a film camera (1.6*85=136). What does that translate to in practical terms? You will have to stand 6-8 feet away from your subject to be able to cover their head and shoulders at landscape orientation.SPECIAL EFFECTS: Here are two special effects you will find useful in this lens depth of field and compression. To some degree or another every lens offers depth of field, which can be summarize as having only the subject of interest in focus and the rest of the picture blurred. This lens is unique in that it creates a very shallow depth of field in which the subject is truly isolated from the whole scene. Set the aperture to 1.8 and focus correctly and you can achieve such results. More importantly the lens quality of such blur (known as bokeh) is outstanding as there are eight diaphragm blades that control the aperture opening vs. 5 or 6 in many other lenses.As for compression, since the camera is a telephoto it will compress everything in its sight closer together to fit in its sight. For example, if you are photographing a person, their face will look wider and their nose will look smaller or flatter. Keep in mind that unlike some of the longer telephoto lenses (300mm for example) the effect with this lens is subtle and pleasantSIZE AND BUILD: Its size and weight are perfect! It balances my XT very nicely. So much so, that I can take pictures at very low shutter speeds with this combination (though I don't find my self doing that that often with this fast lens). All this translates to comfort and confidence when I am shooting with this lens. The build quality is excellent, I find no inherit weakness in the design.If you plan to photograph friends and family then this is the lens. You will take sharp pictures with the right kind of effects for portraits like compression and beautiful bokeh. The lens is fast and designed excellently for maximum control and comfort. You won't miss a shot because of shake with slow shutter speeds and even if you do (that's a big if) you can put its speed to use by dialing a higher aperture. It's only draw back is that it has a pretty tight angel of view on 1.6 factor SLRs. I can't think of any other prime in the non-L canon line up that matches this lens (other than possibly the 50mm 1.4). Truly an incredible value, buy it with confidence!Ps. By no means does this review cover all the merits of this lens. To name a couple, the lens offers precise auto focus and low chromatic aberration. Rather, I covered the features that were most useful for its intended purpose; taking pictures of people. I am new to photography.  I recently bought a Canon Rebel T2i with the 18-55 kit lens.  That lens is nice and it has a versatile range.  It's great for group shots.This 85mm is my second lens and it continuously amazed me with the incredible pictures it takes!  The pictures are CLEARLY different/better than those taken with the 18-55 kit lens.  It didn't take me very long to get used to the fixed focal length (no zooming in or out).  I think 85mm is a great lens and I can't wait to use it more and MORE!Obviously, 85mm is more zoomed than the most zoomed-in end of the 18-55 so keep in mind you will need to be at least 6 feet away from people to take their picture and get their head and shoulders.I HIGHLY recommend this lens as a next lens for people that bought an SLR and are looking for something more than the kit lens.  I LOVE IT!!!  Stop reading reviews and BUY THIS LENS! ...or keep reading, it's good to be thorough :) i own a 35L, a 70-200mm f/2.8 IS, and a 16-35mm f/2.8L..and this lens is by far my most used lens.super sharp wide open, beautiful background blur, in my opinion the best bang for the buck other than maybe the 50mm f/1.8...which i've never owned.the only downside is the purple fringing, it produces some serious fringe wide open with extreme contrasty situations.  not really a big deal though. Hello everyone. I bought this lens earlier in 2009 and had it for a couple of months. I bought this lens solely because I tend to shoot a lot of portrait for my friends on my cropped-sensor Canon 30D . I was usingTamron AF 17-50mm F/2.8 XR Di-II LD SP ZL Aspherical (IF) Zoom Lens for Canon Digital SLR Camerasas an all-around lens and it was a great lens for portraits.However, I have heard and read a lot of great reviews about this lens and it was reasonably priced so I bought it when I had the money. I was blown away by the quality of the photo it took. It is good for low light shoots and for portrait in general. The focusing is smooth and silent but I wish it had better build quality (I still use film camera and old lenses from the 70's-80's so you will understand why).The camera also gives a great bokeh (background blur).Now, I thought I'd write this review after I lent the lens to a friend for use with his 450D. He called me after a week and said that all his friends liked the quality of the pictures. One of the guys took the camera and shot random shots and said this lens always takes good shots, it just can't take any bad ones! Coming from someone who is not very enthusiastic about photography, I think for us Amateurs/Enthusiast/Professionals would find it even more convenient.You can read a lot of professional reviews for this lens and also view sample of pictures taken by the lens. Go read websites like Ken Rockwell's and browse through pbase ([...]) and you wouldn't be able to wait to get this masterpiece.I recommend this lens for anyone who wants to take quality portrait for family and friends and even on a professional level. You will not be disappointed.If I had extra money, I would consider 135mm f/2.0L or 70-200mm f/2.8L.",4.748175182481752,"1,974",41995.0,45995.0
B00008Y0S8,"Celestron 93317 Omni Series 1.25"" (6mm) Eyepiece","tv, audio & cameras",Camera Accessories,"I used two Celestron Omni 6mm's and one Meade 6.4mm eyepieces for comparison using my Celestron 70mm Travel Scope.  For looking at a star, there is a slight difference;  the Meade has a little less distortion - small spikes that radiate from the star as you closely focus.  BUT, when looking at terrestrial landscape, which I do a lot, the Meade has much less distortion (almost none) between the edges and the center.  The Meade has much better field of vision and slightly better eye relief.  These differences would show up when looking at the moon or sun (with filter).  Even though they are both Plossel eyepieces, there is a definite design / quality that makes the Meade a better eyepiece.  The difference in magnification is pretty much negligible. Good value for an eyepiece. It works well, the magnification for the price is a good deal for an entry level eyepiece. i looked every where for this eye piece and it was always expensive when i received your item i was amazed that it was better than the pricey ones thank you THE OUTER PORTION OF THE LENS IS BLURRY SO YOU HAVE TO KEEP YOUR OBJECT IN THE EXACT MIDDLE TO SEE IT BEST (ALL SO THAT'S IF YOU CAN MANAGE TO GET IT FOCUSED). THEN ON TOP OF THAT THE PRODUCT THAT I RECEIVED HAD VERY DIRTY LENSES(FINGER PRINTS AND DUST/DIRT). I DIDN'T EVEN BOTHER CLEANING IT, JUST RETURNED THE ITEM. DON'T WASTE YOUR MONEY JUST SPEND A LIL MORE MONEY AND GET A BETTER QUALITY EYEPIECE. I'm new to astronomy, but I'm satisfied with the eyepiece.  It's light years better than the &#34;SR&#34; and &#34;H&#34; eyepieces that were included with my telescope.  Definitely a good deal, and I'm happy I bought it.",3.4,"2,489",2999.0,3449.0
B00008Y0TM,Celestron Omni 2X Barlow Lens,"tv, audio & cameras",Camera Accessories,"I picked up a Celestron 21024 3"" tabletop reflector, hoping to get my feet wet in backyard astronomy. The scope actually turned out quite nice, but with its short focal length, the effective magnifications even with a 4mm eyepiece were pretty low. I tried some other barlow eyepieces, none of them would even focus.The Celestron Omni barlow worked great on that telescope, and I was actually able to make out the bands on jupiter using the barlow, a 12.5mm plossl, and the celestron 21024. I was pretty surprised. If you have the celestron 21024, you'll want this barlow. If you are the type to spend hundreds on your eyepieces, you may or may not like this Barlow, but for my beer budget use on a Celestron 90mm refractor, it makes a nice addition to my current 25mm and 10mm Celestron eyepieces. I really like the view through the Barlow and 25mm, but it is still quite usable even with the 10mm for 180x magnification of the 900mm focal length. I don't think more magnification would be useful with my current scope and eyepieces.This obviously a fairly non-professional review, but casual stargazers are unlikely to be disappointed. I did notice a very slight reduction in light when using this lens. Be that as it may, I used it when the stock 25mm lens my telescope came with, and pointed it at the moon. It looks as if you are flying in orbit over the moon. It also brought out Saturn rather nicely as well as the various star clusters that I found. I've been an amateur astronomer for over 25 years. This is a great barlow and the first time I've used one. My wife and I used this in our 6"" f5 Celestron Reflector (f/l 750mm). It provided great views with a 26mm lens inserted into the barrel of the Ring Nebula (M57), Andromeda Galaxy (M31), and several other deep sky objects. Even the moon looked great! With the 5mm lens, which was probably overkill, made us feel as if we were right on the moon itself. Of course, when jacking up the magnification this high the image quality isn't as great or as sharp (this is normal when using higher power). For the price, this is an awesome item! Can't wait to get the 3x version. This Barlow lens does exactly what it says, it makes things 2x closer, and it does a pretty good job. It fit perfectly on my Starblast.",4.333333333333333,"1,782",3501.0,4643.0
B00008Y0VN,Celestron 71009 15x70 Skymaster Binocular,"tv, audio & cameras",Cameras,"I like these binoculars and was impressed with the quality for the price. The magnification was good. I would have to agree with others about using a tripod to view with these. They are heavy and a bit cumbersome but great quality for the price. Great optics let down by poor quality control and cheap tripod adapter.The Binoculars are very heavy with good optics. But the magnification is high and with that it is almost impossible to hold it steady. Also without any easy finder it was hard to narrow down region of sky. Maybe I could have mastered that with some practice.Anyway, I mounted it on a tripod as many reviewers recommended. Once the wobble of tripod adapter stopped I looked through the telescope and saw double stars. Collimation was slightly off. I did not want to take a chance messing with it even though on Google there are several sites that will tell you how to do that.Looking at zenith was impossible with tripod as I had to bend my neck at 90 degree. Without tripod I had to sleep on the ground but could not hold it steady. The only plus side was daylight viewing was pleasant where you do not have to raise to binoculars more than 40 deg and are looking a bigger object such as buildings or birds.I ended up returning it and now looking for rich field telescope with easy finder around 400 mm focal length. Good field of view and magnification.  They were a little heavy and awkward to hold for a long period of time, I ended up returning. I bought these binoculars on a lark, and it was a very pleasant surprise. They seem to be well made, and they focus well.The weight is heavy enough that a tripod is needed, so I also bought aPolaroid 72"" Photo / Video ProPod Tripod Includes Deluxe Tripod Carrying Case + Additional Quick Release Plate For Digital Cameras & Camcorders, so that I could leave the binoculars permanently attached.Looking at the stars or just at the neighborhood has proven entertaining. I'm anxious for spring when I can do some bird watching. I've had this Sky Master 15x70 Binoculars from Celestron for about a month now since I've decided to pursue my fascination with astronomy. Before I started actually doing any backyard/amateur astronomy I have been listening to podcast i.e. astronomy cast and reading the book night watch by Terence Dickinson and they advice the use of binoculars for beginners. Although they advice to start with a 7x50 or 10x50 binoculars since it'll be eaier to handle and not much shaking I took my chance and baught this binoculars and I have no regrets. I would advice the use of a tripod for this binoculars though, I have been out at night just gazing the stars and planets whenever I have a chance since I got this binocular. I've seen faint stars that you wouldn't see with just your eye specially I'm here in the city, planets would appear much like a really bright star with this binocular the past few weeks Venus, Mars and Saturn are close to the constellation leo where I have been observing, you wont see saturns ring from this bad boy but you'll be able to tell it's saturn. This is a MUST for beginners in astronomy I'm exhausting as much as I can from this till I'm ready to buy my first telescope to go another level in amateur astronomy. Anyway, I'm learning a lot from this binocular and I'm glad I baught it and hey I can even use it when I go to the ballpark or when me and my son are at the zoo.P.S. I've seen so many satellites whozzing by the sky while observing the not so dark sky.Cheers!",4.329004329004329,"7,136",9008.0,14990.0
B00008Y0VU,Celestron 25x100 SkyMaster Astro Binoculars with Deluxe Carrying Case,"tv, audio & cameras",Cameras,"I had a pair of Celestron 20x80's earlier, and gave them to a friend, upgrading to these.These were collimated on arrival and focus well.  Once you set the focus for night astronomy viewing, you are pretty much done focusing. They can be a little frustrating focusing each eye individually for terrain viewing.I picked up a parallelogram mount and set it with a chair on a revolving base, and this makes a remarkably relaxing and enjoyable way to do low level astronomy viewing.I can make out M51, and am looking forward to seeing M42 next fall. Andromeda is impressive as well.  I do but spend a lot of time searching, as I don't have a finder set up.  However, the searches can be as enjoyable as finding the Messier object!I did bot go to five stars due to the dissapointing case. As always shipped on time and fast.  I'm using these binoculars for watching yachts and other vessels go by the office, they are about a 1/4 to 1/2 mile away, the amount of light they let in excellent, the field of vision is excellent.  Negative of course is weight, but they are 100mm lenses, I'm ordering my tripod today. I live up on a hill, with a nice view of city lights from about three to fifteen miles away.  These binoculars are excellent for this range, although you have to know what you're looking at in order to fully appreciate what you see 15 miles away.  And as others have said, A TRIPOD IS MANDATORY, as is a firm surface with which to place it.  There is no ZOOM, but anything further than about 25 feet comes into focus well.And at 25X, you are not going to be tempted to spy on your neighbors unless they live right next door.  These binoculars give you good terrestrial viewing, but if you want to make out fine details from about a mile or so, you won't get it with this.  You'll need 50X or more, but be prepared to pay dearly for that in a pair of binoculars.  25X, at least at this price, is a very good combination, especially considering the wide field of view this provides. While these look like nice binoculars, mine arrived with a screw floating around inside one of the oculars. Not surprisingly, it also had loose parts wiggling around inside.  What happened to quality control? BACKGROUND:I am an amateur astronomer and Vice President of the local Astronomy club.  I ownseveral pairs of large binoculars and have looked through many more.  My needs werebeautiful images of deep sky objects at a price I could justify.  The Celestron 25x100Skymaster Binoculars meet those needs.GENERAL COMMENTS:The binoculars arrived July 2004 and had a collimation error of about 1 degree (verybad collimation). Celestron support was contacted at the request of Amazon supportand confirmed what I already knew, factory repair was required.  I lacked the skillsand equipment to collimate and refill with nitrogen. Amazon promptly picked up thebroken pair and delivered a new pair in just a few days. What a difference a few daysmade. The new pair was packaged inside a secondary box and arrived in pristinecondition. Daytime collimation was excellent. We tested the binoculars afterastronomy club on a distant lighted sign and found them to be essentially flat to theedge of the field of view with a minor vignetting at the edge. Everyone was impressedand several members wanted a pair. During the club meeting I suggested thateveryone who wanted a $500 pair of binoculars for $250 needed to go to Amazon andpurchase one before the price went up.I sky tested the binoculars a few nights later and they performed very well. I had onlyabout 20 minutes till the clouds took over. Due to the high humidity and generallypoor observing conditions we were unable to use the binoculars for an extended timeand get a really good test.A tripod is pretty much required for astronomical observing although you can lay onyour back and observe the zenith. You have to hold your breath and squeeze up tightto get a steady image.  I was able to hand hold the binoculars during daylight andlook at distant trees, etc.  It was very difficult to hold the binoculars with one hindwhile adjusting the focus with the other.  Leaning the binoculars on a steady objectsuch as a fence would probably work.  Note that not just any tripod will work (readbelow), so if you used these in the field you will be packing a lot of weight.  Irecommend that they be used pretty close to home or car.CONCLUSION:But, based on what I have already seen, this is the best buy for the money I havemade for astronomical equipment.CAVEATSI highly recommend purchasing these if:1. you can handle the weight (these puppies are heavy)2. you want to see bright images of distant objects3. you can deal with lack of center focus (not good for moving objects)4. you are very careful not to jar them out of collimation (big binoculars are easilyknocked out of collimation5. you want excellence, and also a bargain (better binoculars are availablefor an order of magnitude more money. 6. you have a sturdy tripod(I have a Bogen which cost over $100 25 years ago and it seems barely adequate).IRRITANTS:1.  First pair arrived in only the product box and I suspect that may have contributedto the collimation problem.  You should be ready to send a pair back if they do notdeliver a good image.2.  the ""built in"" 1/4-20 threaded adapter which attaches to the tripod head isundersized and has movement. There is a single screw which was not tight on bothpairs which when tightened would slow the play of the center shaft. There is a plasticsleeve between the adapter and the shaft which had play and this could not beremoved (again, same problem with both pairs). When the know was tightened to themax the binoculars were still not very snug. The result is that if there is anyunbalance in the weight on the tripod then the adapter is unable to hold the weight ofthe binoculars and the binoculars will swing to a more balanced position. I believe thatthe solution to this problem is to build one of the ""binocular holders"" seen in ""Sky &Telescope"" or ""Astronomy"" magazines which will hold the binoculars steady whileproviding a counter balance. Otherwise, you will have to be extra careful. Also, thetightening know should be larger for people like me who do not have the strength ofsuperman.3.  there is an old adage that the mount is half the price of the telescope. A mountwhich fully supports the binocular tubes at both ends would perform better than theinadequate mount provided. For those mechanically inclined, the solution is straightforward and inexpensive.  It could take 10-15 hours of time (at least for me).",4.222222222222222,715,25817.0,49999.0
B00009R6AY,Bogen Manfrotto 237HD Flex Arm for Super Clamp (Black),"tv, audio & cameras",Camera Accessories,"Works like a charm! Pay attention to the specs, though - I was expecting a shorter arm (which is not a problem at all). Very strong and sturdy once locked in place. As happens with all Manfrotto products, I'm very happy with the quality of this product!It is a little bit bulky for small purposes.  It's great to be paired with the super clamp.  I would go with the non HD version if I were going to install on a spring clamp, for example. I use this to keep 3 sb900 onto place!And does the work pretty good!!!I have 2 of this and I LUV IT! Purchased this to use as a display mount for iPad and it's very solid yet flexible. I can move the tripod and the arm stays in position very well. you need to purchase a separate 3/8 to 3/8 adapter Spigot, if you want to attach this to a manfroto 190XPRO tripod.",4.481481481481482,131,0.0,0.0
B00009R6H2,Manfrotto 410 PL Accessory Plate 1/4 and 3/8,"tv, audio & cameras",Camera Accessories,"I chose the Manfrotto 410PL quick release plate RC4 with my Manfrotto 468MG ball head. The RC4 and associated connect housing has a number of features that the RC0, RC2, RC3 and RC5 plates assemblies don't offer.  The RC4 has a large foot print which provides a large lens with additional support and stability. It also has locking, which prevents accidental releasing which could result in possible dropping the lens/camera. The lens is secure. No accidental release. To release, the release button must be pressed and held while the lever is moved to the unlocked position.Mounting is very ease. After securing the plate to the lens/camera, insert the right side of the plate underneath the right bracket and slowly lower the left side until it snaps into place. Whet is snaps into place, the lever will automatically move to the lock position.The plate is shipped with 3/8"" and "" screw for your camera/lens mount. Two bubble levels are mounted into the RC4 base plate--one on the side and the other on the top. This will indicate level regardless of whether the lens/camera is vertical or horizontal.I purchase five of the RC4 plates, one for each lens and camera. Great plate well made worth the price and Manfrotto quality built in. What can I say, it works. If you need a replacement or extras this is what you have to do. Great replacement! I needed a second adapter so I could interchange my cameras without having to remove the one I already had from another camera.  This works perfectly fine and it's an authentic manfrotto replcaement part. I first used this system when I purchased the Manfrotto 410 Jr Gear tripod head and love the security it provides.  I now have this mounting system on all of my tripods, monopods, and cameras so all can be used interchangeably and remain secured until I intend to remove them.  I highly recommend this product. I needed an other adapter plate so I could change quickly to my lens that is lens mounted, requiring me to stop take the plate off the camera and put it on the lens. It took so much time I would just not use the bigger lens. Now I can switch easily, saving a lot of time and effort. Now if I could just get the quick release to work properly.",4.36,331,2902.0,5517.0
B00009R88X,Lowepro Filter Pocket (Black),"tv, audio & cameras",Camera Accessories,"Just what I have been looking for...almost.  Compared to other filter holders I have used, this one is the best for my uses and for the money.  It leaves plenty of room round the filter to make it easy to get the filters out without having to fight the bag squeezing your fingers in the slot and getting fingerprints all over the filter (I am a big fan of 77mm and 82mm filters).  As a previous reviewer said, you can stack filters in it and double the capacity if you wanted.  It is heavily padded, which makes it bulkier than I like, but I know my filters will be protected very well, especially when the pouch is dropped (which I have done).  While all fabrics create some kind of lint residue, the fabric used in this pouch was at a very acceptable minimum.  I don't like to keep filters in their individual original factory holders, because that only slows down getting to the filter when in a rush; so this pouch worked perfectly for me during my travels quickly retrieving the exact filters I needed at a moment's notice. Pockets are nice and big.  All my filters fit including 77mm C-PL.  Plastic fronts provide nice surface for labels so I know what's in each pocket.  Velcro strap keeps filter pocket closed securely.  Nice product for the money. This filter pocket holds 6 filters of various sizes and fits neatly in my back pack.  Worth every penny. A great way to organize and keep your filter collection safe. I could not find a filter holder locally and was happy to find such a variety on Amazon. This is exactly what I was looking for to keep my filters clean, safe and organized. The 'boxes' filters are sold in take up too much room and keeping them in my bag without some protection isn't an option. If you need a viable storage solution for your stack of filter, this will work nicely. There's a line between safe filters and not being able to fit your filter wallet in your bag. This line was crossed with this product. This thing barely fit in my mailbox. I will not be using it. It's too inexpensive an item to go through returning it or I would. It is way too fat. Also, the plastic windows contain some sort of ""mesh"" on the inside that could rub onthe glass of your filter. Some reviewers said they have used this with no such results. I would be super weary about this when you use coated filters (i.e. HMC, etc). I guess I'll just stick with the plastic boxes that B+W provide. Oh well. If you are looking for something simply to hold your collection in a drawer in your studio, this might work well for you. As for the seller, AvidMax, they did good and shipped my item immediately. I'd buy from them again.",4.166666666666667,73,499.0,1999.0
B00009RDIF,Panasonic RP-HT227 Stereo Headphones with in-Cord Volume Control,"tv, audio & cameras",Headphones,"I bought these headphones because of the price, and the are good quality for the price.  The true audiophile would definitely want to spend more to get a better set. Theyre cheap and they suck. Sound quality is pathetic and they sit On (not Over) your ear so that hurts, especially for those of us with piercings. Lame headphones, spare your money. These are a good set of headphones for what you pay.  They are not blow you away with sound or polish, but what do you expect for under $20.  I got them for my little 6 year old brother and I think they will work fine for him.  They fold well and will be good for when he travels, much less likely to break when they have a built in stress relief point.  If you are an audiophile you will be disappointed, but then you probably already know that. These are a great set of headphones.  Great sound, comfortable to wear.I would have given them a 5 star rating but they are relatively big when they are folded up for storage. I've had these headphones for a few years and hardly used them. They do have great sound and the in-line volume control is nice but the earpiece cushions are flaking as if the foam is falling apart. Every time I wear them I get black specks all over my ears.",3.7872340425531914,"2,065",7150.0,10219.0
B00009W5KJ,Power Acoustik NB-1 2-Way Tweeters,car & motorbike,Car Electronics,"My brother works as a professional car audio installer, and he highly recommended these tweeters. Unless you have a very fancy (aka expensive) receiver and amp, the expensive $60-90 tweeters are useless. He told me that he installs these on everyone's cars, and they are totally worth the money. Boy was he right.I used these to replace my 2010 Honda Accord's factory stock tweeters, and they made a significant improvement. I only had to buy some crimpers at Autozone, and a wire splicer, and did the install myself. I installed just 1 on the driver's side, and faded the audio between these tweeters and the factory installed ones...and there is a huge difference.I can't wait to see what my car audio sounds like after I finish installing all the speakers. But just how people buy K&N; filters for every car they purchase, these tweeters are a must have for any car you purchase. I plan on outfitting my Hyundai Santa Fe with these soon after seeing how easy/cheap the upgrade was. These things are tuff. You aren't supposed to put these on an amp but I did anyways.(low power amp) They held up and sounded great. Can't beat the price either. Quality sound, loud enough for me, definitely pleased. Used them with some quality 2 way speakers, plenty of high and mid to keep up with the bass. As long as you run crossovers they are good. Terrific price. For the amount of money these are, you get tons of good sound. If you don't have or don't want to drill holes for tweeters as I didn't want to, I would recommend. They came out clean looking. 1. Way too loud2. Way too buzzy and noisy3. Tried everything to tone them down...multiple uF capacitors...not much good4. Causes headaches due to unnatural sound reproduction5. Wires too short6. Worse than piezo style tweeters7. Spend the money on something better...with a real voice coil/infrastructure. Not great but i didn't choose to keep very long due to switching to pioneer tweeters. Does not rate to true 200 watts.",3.909090909090909,793,2159.0,5500.0
B00009X3UV,Celestron Telescope T-Adapter/Barlow Lens Universal 1-1/4 Inch,"tv, audio & cameras",Camera Accessories,"To be clear, I'm not a professional in astrophotography, and I'm too far of that, however I really want to try taking some nice moon pics so I decided to buy this.I've attached my Olympus E620 to my Celestrom90SLT using this adapter and was able to capture some really nice moon pics, also some pics from stars, this small adapter makes the work, but it's important to note, that to get good results you need a very solid mount for your telescope, because it's hard if you are not able to keep camera in place and with no vibration, remember that using a long exposure and higher zoom, stability is the key. an outstanding product, the barlow lens can be removed to use the telescope as a primary lens, take great pictures of the moon is the best adapter I have. Not being an expert with telescopes, i ordered this because of what i found online. Tried mounting my DSLR to my telescope and cannot get a focus! My focusing lenses with the telescope will not fit between the Adapter and the Camera Body! Nor can I find one that will! Do more homework than i did is all i can suggest! If you have a very high end telescope this may work! Fantastic!  Used it with my telescope, taking pictures of the moon.  Amazing! Pictures of the moon are amazing.  Connect this with celestron 93419 t-ring to my Canon t3i camera. I have a Celestron 114 Telescope. I used my T Adapter to attach to my Nikon D3100. It is hard to achieve focus. The product is nice.",4.333333333333333,764,3389.0,9000.0
B00009X3V8,Celestron CE93633-A T-Adapter (Black),"tv, audio & cameras",Cameras,"I bought this for someone else.I was told that it works.  This attaches to another adapter and then to a DSLR camera.  My friend told me that this worked fine.  I have not seen the pics yet, but I will update this review if he has any complaints.Super fast shipping. It threads on (fairly) easily and holds my camera (Sony NEX) extremely steadily on my scope (Celestron 8&#34;).  It does all that very well. Works as intended threads onto rear of Nexstar 8 just fine. Appears to be made well. No problems encountered so far. Since these are all the same, this was what I expected. This T-adapter fits the v-back of any scope and directly connects prime focus to whatever you want. This is a solid, well made product that does exactly what is advertised and I intend to keep it.  The only reason I gave it 4 stars is that at 2 1/2&#34; long, it limit's my capability at zenith.  I have a fork mounted scope with 8&#34; clearance between the base and the tube. I generally this use this adapter,  a filter wheel, Flip mirror, Barlow and CCD.  That's a lot of weight and this adapter secures it well, but together, it's longer than 8&#34;, so no Zenith shots.  I would highly recommend this to a friend.",4.533333333333333,793,5075.0,9000.0
B0000A1VS3,"Nikon UC-E6 USB Cable for Coolpix, PC, Printer(25604)","tv, audio & cameras",Home Entertainment Systems,"This is a Nikon proprietary cable that works with many Nikon models.The lead warning for handling the cable is a little alarming. Item came exactly as pictured and fits my camera. Transferred files fine. Unfortunately, I found the cable that I lost shortly after this one arrived but at least I have a backup. Not a single problem, and i'm already 1 month or more into using it. Should have bought 2, just in case. Buy this cable through amazon and you won't be sorry. I looked all over the internet and its sometimes hard to find a good company online to buy through and after the manufacture was sold out these cables , a friend told me about amazon , I typed in the cable number and amazon had it in stock . I decided to order this and hope for the best well sure enough the cable arrived on time just like amazon said . I know have a great working usb cable for my digital camera . I order three since all my friends and family always ask to borrow mine and the fact that I need a replacement. If I had the money I would buy five of these. Its the fact that me, my family, and friends are always misplacing are cables or losing them. So I order this cable through amazon. Its nice to know if I lose my cables I can buy more. Ever since I bought these cables I have been making sure I know where I put em. Be Happy  and buy with no worries. how long does a cable review need to be? It works right out of the box. Nice color, the fit is tight on both ends, the cable tie is color coordinated which is a nice touch. The Camera interfaces with the laptop just like you would want from even the most expensive, engineered boutique line of cables.Now after my tongue in cheek review let me assure you that the cable is great and I rely on it almost daily.",4.315789473684211,"2,974",410.0,699.0
B0000BVDG8,Nikon FTA 13101 67mm Filter NC,"tv, audio & cameras",Camera Accessories,"Works great, but it is pricey. I don't know if the tiffen or other brands are just as good Great Nikon quality, that should say it all. Bought one for my D7000, very happy with the quality of the product. I'm a nature photographer, and some times the colors change in the picture when an UV filter is used (flowers, the sky, etc)... Sometimes I want that doesn't happen, so I bought this filter. This is an excellent filter for genuine Nikon lenses. I'm happy with the purchase because it fits with my AF-S Nikkor 18-105mm DX lens. This Nikon filter is very clear and I haven't noticed any difference in overall picture quality. In addition, it's a very good protection for my lenses. Keep in mind that this filter is not UV. I use this filter to protect the lens of my camera. It is made of quality materials and does the job. I am a Nikon fanactic and think they make some of the best products in the world, so when I bought a new dslr and lens, I just figured I'd put a great filter on it, instead of a cheap one.  I think the glass and coating on this filter are top notch.  I can't tell any degradation of photos and can't even tell it's on.  I notice no flare either.  However, the construction of the frame is subpar for the quality of the glass.  When I first got it out of the case, I heard a small ""clink"" and when cleaning it later, I found out why.  The glass is held in by basically a snap ring.  If you don't know what this is, look it up on Wiki.  I used to work a a pro photo lab, and even the cheap filters we sold there were held in by a ring that screwed into the frame.  If the glass was loose, just tighten the ring... easy fix.  The glass in my filter sometimes rotates on cleaning and is so loose, it will clink if moved back and forth.  I think I can easily fix this with a little epoxy, but man, should a $40 filter be this cheaply made?  I also have purchased two 77mm ones costing more, and they are constructed exactly the same.  I also have several Hoyas and a B+W.  The Hoyas seem constructed better, but I'm not sold on the optics yet.  The B+W is actually an ND filter ($100) and is of superior build.You get what you pay for... kinda.  Great glass, suspect construction.  (Oh, I can't see this filter holding up for years to come after cleanings).",4.611111111111111,157,670.0,1600.0
B0000C73CQ,Fujifilm Instax Mini Picture Format Film (20 Shots),"tv, audio & cameras",All Electronics,"Great bundle for the Fuji. I bought this as a Christmas gift for my niece and she is very happy.  This film is certainly hard to find in stores.  Now we know where to find it. Great value comes with two packs of 10 film cartridges doesn't get any better than that This is a great deal! Excellent quality, my only regret is not ordering the 5 pack! I will definitely re-order! I use these for my Mini 25 and they are perfect! Works with other Instax minis as well. Will purchase again",4.761363636363637,"10,445",0.0,999.0
B0000UMLYI,Celestron PowerSeeker 50 AZ Refractor Telescope,"tv, audio & cameras",Cameras,"I got the impression that the Celestron 50AZ, 60AZ, and 70AZ, all had correctly oriented images.  The 50AZ is corrected up-down, but is backwards left-to-right.  To get a correctly oriented image you need to move up to the 60AZ or 70AZ.I also noticed that when the center of the image was in focus the outer ring was distorted or out of focus, so I really could only look at about half the image area.I have returned this and got a 70AZ instead, and am quite happy with it. Affordable telescope.  It magnifies pretty far and for the amount of $ it costs it is worth it.  I have a wonderful time with mine. Maybe I don't know how to use it, but the eye piece seems so small, I can't see anything out of it. I've never used a telescope before, but really wanted to photograph the Supermoon. After shopping around, I found this one. The price is great and the other reviews are good.I got a great shot of the moon, using my iPhone pressed against this telescope! But be aware that you do get what you pay for. The tripod offers little stability. I found it very difficult to keep the telescope from jittering. Still, it's a good deal! [...]  Originally I got it for myself, and once it came I proceeded to open it up and put it through it's paces.It came with a few different lens atachments with varying degrees of magnification.  I used the first lens to look down a long street and could clearly read the street sign and people's licenses plates over on the next street.I used the next lens atachment, and I could see even further down that street and pick up details in the grout of their brickwork.Once nightfall hit, I used the 3rd and most powerful lens in combination with the 3x barlow lens, and was lucky enough to have a full moon that night.  The detail available in the moon was really incredible.  I could see many craters and holes and different peaks and vallys, it really made me form a closer connection with our moon.  Yes you can look at pictures, and some take with far more powerful zoom... but actually beholding it with your own eyes personally is a completely different experience, it's a little tough to understand unless you've actually done that yourself.Anyways, I live in the city and there's not much to look at other than other people's houses, and since I'm not a peeping tom / voyeur, or some kind of spy, I decided to pack this up and send it to my mother as a gift.  She lives in Florida on a lakefront, and she has a very nice view across a very large lake.  So she can watch wildlife, and there is much less city lights in her area so even celestial viewing I'm sure would be better.She called me and was very excited to receive this out of the blue, she didn't mind that I had already used it.  I figured she would get much more use out of this than I could.The included tripod isn't anything fantastic, but it gets the job done.  Since it's lightweight and inexpensive, it does tend to move around, so you have to be careful when useing the really powerful lens because a small shake or shift will cause you to lose your target.  At least it comes with a tripod at all.It also comes with a 3x barlow lens that I mentioned, which will triple the magnification power of each individual lens, which can make for some pretty powerful magnification.The included software seems powerful, I installed it, but didn't have much of a chance to mess around with it much, but it contains a mind boggling amount of information about celestial objects.  The learning curve of the software seemed somewhat steep for newbies, but with some studious application of wit, I'm sure almost any novice could conquer it.Overall, I would recommend this telescope to a beginner, as it can open up a world of astronomy for them, and if nothing else, they will have a nice little toy to do some casual moon gazing or wildlife viewing.",2.8333333333333335,"5,934",7699.0,8990.0
B0000W4U1S,Yamaha NS-333 150 Watt Bookshelf Speaker (Black),"tv, audio & cameras",Speakers,"I bought this speaker for $114, and they are just ok sounding with lack of bass, if you want to hear Bob Marley for example or any hip hop music , where the lows are very well used, they are not ok, probably the police, but the high frequency are a bit loud for me, so I get tired after a while. This is testing them with an  Yamaha RX-397 amplifier with pure direct switch on, what makes everything flat, EQ, Loudness, totally flat. If you are looking for a pair of speaker like this and this price range, try the Insignia NS-B2111, they work well with this amplifier, for my taste. and you won't need to buy a subwoofer. Excellent finish, good looking. Full sound. Good output down to 50Hz and below - especially for the size. No, these aren't $8,000 speakers. I've spent plenty of time listening to five-figure systems, and these little speakers don't  offend my ears. For a modest price, they rock. I ordered these from another online vendor a couple years ago to use as side and rear surround speakers in a 7.1 channel setup. I also ordered the NS-777s floor standing towers + the NS-C444 center channel. These are very nice speakers but you need to break them in for a long time. These speakers have a bass reflex design eg they're ported. These speakers are also known to have a slightly recessed mid frequency output, but overall they sound very good for the money. They are perfect for home theater applications. They are clear with music but again the mids are slightly recessed. The highs from these speakers are very strong and metallic because it uses an aluminum dome tweeter. They sound similar to the titanium domes. The highs are not soft/smooth like silk/fabric domes. The metal dome coupled to the integrated waveguide disperses the highs very well though. The cabinets have a very nice glossy piano black finish to them which makes them look very expensive and classy. They are also hefty at around 12lbs each. It's unfortunate that Yamaha has stopped using their trademark white spruce cones in their speakers. Those cones were the best. I am currently using these as my fronts until I get the standing speakers, however they are great surrounds!  Perfect size, and enough power for a trilling sound experience.  My Yamaha receiver has drastically sounded better the moment I replace my old Philips speakers with these.  There is great depth and realism.  I recommend Yamaha speakers for sure! YAMAHA(it's a japanese company) makes many products, for example, ICs, pianos, keyboards, audio products.The YAMAHA's best audio product is NS-1000M, a book-shelf speaker.NS-1000M is the best speaker made in Japan in the history.Unfortunately, NS-1000M is not sold now.And more unfortunately, YAMAHA now has become a trivial maker.NS-333 is only one of low cost speakers. orz",4.375,104,25999.0,27980.0
B0000W4U2M,Yamaha NS-C444 100 Watt Center Channel Speaker (Black),"tv, audio & cameras",Speakers,"Speakers are hard to buy on the internet. Everyone hears different things, well... differently. I really like this center speaker that we have paired with our Yamaha in ceiling speakers. The voice and action scenes are crystal clear and free from tinny distortion that we had in our cheaper Sony center speaker. I would recommend to anyone looking for a center speaker, however, to go to the big box store and listen first. The center speaker is a critical component to any home theater system and can make or break your entire set up. This speaker is a little larger than I had imagined, but fits well. I would equate it to the size of a receiver in width and height, but obviously not depth. Additionally, I placed clear rubber bumper dots on each of the four corners so the speaker doesn't rest on the furniture itself, I would recommend doing this (it lifts the speaker by about 1/8 inch and the bumpers are about the size of the &#34;O&#34; on your keyboard).  I particularly like this speaker, and would buy again. I have been buying Yahama home theater equipment for several years, and still they amaze me everytime I get something new. I originally had a set of NS-A50X speakers running off a RX-V800 reciever. I upgraded the reciever to the RX-V2700 and my front mains to NS-777. Since I got the last upgrade my front end has been a little off. So this year I decided to upgrade my center to the voice matched NS-C444, boy oh boy what an improvement. I am very satisfied, the price is right sound is very full and I got my package a day early. Most good to excellent CTR channel speakers will cost you more. $250 - 300 for the highest rated (CR) is not unusual. I bought a Cambridge Soundworks MC150, under a sales misimpression that it was a ""center"" channel speaker. No. So off I went to see if this was still on a shelf as an open box special. Glad it was. I tested it in the speaker listening room, and it did MASTER AND COMMANDER justice. For comparison, I tried out some music selections with Bose 161s (where are superb SL and SR surround speakers), and they had clear precise highs, and sufficient bass for most center channel needs. Then the sales guy and I hooked up the NS-C444 to one of the channels, and played the same selections. The Yamaha compared favorably.Now you might be thinking, hey, it's only a center channel, what's it got to do other than just dialog and left-to-right transition. Not that simple, friend. The center channel is one speaker in your home theatre that is ALWAYS doing something, always providing sound. You want a capable one. You also want one with excellent dynamic response and clarity. Case in point: The scene when CAPT Ramius addresses his crew after submerging in THE HUNT FOR RED OCTOBER. You hear Connery's voice in the foreground, then over the 1MC intercom circuit, then booming across the sub's bridge. Another example: Obi-wan talking to Dex in Star Wars Episode II. If the center channel is inferior, he and Dex sound like they're chatting inside a box. If the center speaker is up to the standard of your left and right speakers, they sound full and rich and ""present"" (right there in your living room). Another point to ponder: if you watch old, monaural pictures with some stereo DSP, a lot of the soundtrack will come from your center speaker. A quick test for scenes like this: switch your receiver to ""2 channel stereo"" (or a mode that mixes down Dolby/DTS 5.1 to the LF and RF speakers), then switch to 5.1 decoding. Do the voices sound the same?Pick a good center channel and your home theatre will benefit immensely. I think this one is excellent. Consumer Reports lists a couple of other good bets that you can find for &lt; $200. Happy hunting.... We needed a newer front speaker that wasn't too costly as my hubby is hard of hearing.This speaker does the job and works well with rest of more expensive surround system. For the price, this is a great match for my large Yamaha 555 speakers. The mica domes match sound across the front stage, so dialog is blended seamlessly. I only wish there was a rear surround speaker available that is lighter than the 333. Also, the 444 is a rather large box compared to modern soundbars, so expect to make some room for it. The box looks like a large bookshelf speaker on its side.",4.75,20,0.0,20490.0
B00018MSNI,Sennheiser HD 650 Over-Ear Wired Headphone Without Mic (Silver),"tv, audio & cameras",Headphones,"The sound is fantastic when you play the right CDs. Yes, the right CDs. Not all music is recorded in the same manner. I do find the open back design sort of annoying though because you can hear EVERYTHING around you and you can't listen to them in the same room with other people because they can hear the music you're listening to which defeats headphones in my opinion. For music like the The Beatles, though. It's like candy for your ears. You will hear stuff you never ever heard before on lesser headphones. The HD-650 is legendary among enthusiasts, and commentary is not hard to find (start with Innerfidelity.com and head-fi.org), so no need to launch into a detailed review here. But for more casual users looking to step up their headphone game, these are very highly recommended. Debates rage about how to characterize the sound and place it in the pecking order, but I'd say the HD-650 is the ideal entry-level audiophile headphone, which is not to say entry level overall, nor the end-game of all headphonia. The ""warm,"" some say ""veiled"" sound is forgiving of loud genres and poor recordings, if not the absolutely most neutral choice available, nor the ideal choice for pristine recordings of classical music, for instance. To the extent that the sound is ""colored,"" i.e., not completely neutral, this coloration is widely regarded as favorable, more so than most. Not unlike a preference for tube vs. solid state amplification, and, indeed, HD-650 shines with OTL valve amps, according to enthusiasts. HD-650 is otherwise an excellent all-around performer with different music, and also responds well to a variety of upstream equipment (amps and DACs). It's possible to listen straight out of a laptop or iPod, but HD-650 responds well to sophisticated purpose-built headphone amps and audiophile-grade DACs, including those that exceed the HD-650's price. With a fairly high impedance at 300 &#937;, having some kind of dedicated amplification is highly recommended. Bear in mind that the price for HD-650 on Amazon does fluctuate substantially below the $499 list price, but HD-650 is otherwise an excellent price/performance proposition. My previous experience with headphones was limited to lower end ear buds and Sennheisers (PX100).  I wanted something a little more substantial so bought a Beyerdynamic DT990.  The DT990, while providing tons of detail up high with a great punch down low, was way too shrill in the upper registers for my tastes, even with some burnin.  It left my ears ringing at the end of a listening session.Then, the most magical set of phones this side of a grand arrived.  The Sennheiser HD650.  This is nothing like the DT990.  The sound is smooth as silk and more laid back.  There's still tons of detail (though a bit more curtailed than the Beyer) and most importantly I can listen to it for hours with no strain and no ringing in my ears.  This is the headphone you use to relax after a long day of work while still being able to enjoy the fine details in your favorite song.Coupled with the ASUS Xonar STX headphone amp audio card - which is a PHENOMENAL combo - I haven't had this much joy listening to music in a long long while.Pros:Smooth, soothing sound quality while still retaining great amount of detail.  These headphones will melt your stress away.  Replacable, removable cord.Cons:Headband a little on the tight side (Beyers win in the comfort department) but a little bending of the metal (not plastic) portion of the phones improves comfort.  There's a lot of plastic in the phones, which may affect long term reliability - so far, it feels plenty sturdy though.  Beyers win in the appearance department.Bottom line:These phones produce a smooth sound with no harsh/shrill bite.  While you may want some bite in genres such as Rock, these win handsdown compared to brighter phones like the DT990 for my collection of music and movies. These headphones have officially blown my mind.  I have them attached to a xonar stx and set the impedence to 300-600 ohms.  It has truly changed the game.I upgraded from the senn 558 which had the foam mod done to improve bass response.  The amount of clarity, especially in the realm of bass and drums, is dramatically improved.  Listening to Hendrix, Led, the Stones and the beatles has never been this good.  Individual instruments have never shined through quite so much. First of all, I recently discovered the joys of listening to Sennheiser's headphones. They have this sweet warmth to them that just can't be found in many headphones. Of course, there are other high end headphone/in ear monitor manufacturers out there such as Grado, Etymotic, Shure, and Ultimate Ears. But for headphones, though, Sennheiser is simply amazing. The HD650s, being Sennheiser's flagship headphone, must be incredible. Are they? One hundred percent YES! I listened to these at my audiophile friend's house with the Xcan v3 headphone amp, cardas cable upgrade, and tube buffer. I was dumbfounded. These babies produced such a succulent, sweet, and sexy sound. The highs, mids, and even the natural bass amazed me. They were designed to have a laid back sound for classical music. So, naturally, when I tested them, my friend put on some classical music. I thought that I was in heaven! After about 20 minutes or so when he removed them from my head, I felt a bit angry in a ""Hey man, that's not cool"" sort of way. They sound amazing amped up, but they also sound fine unamped. I am currently saving up to buy either the Sennheiser HD580s or the HD595s (I haven't decided yet). If you have the cash, go for it!",4.625,"2,404",36530.0,44990.0
B0001IM95U,Koss UR-10 Closed-Ear Design Stereo Headphones,"tv, audio & cameras",Headphones,"I got these from my parents as a Christmas gift, and when I tried them on, the bass sound and isolation is great.  These headphones are worth every penny once you try them on and hear them for yourself.  I used them for DJ mixing and my mixes are turning out great and I am able to hear bass from my audio monitor from the stereo mixer. I absolutely love these, because you truly can set by someone listen to music or your kindle without being disturbed or disturbing others We bought five of these and only one remains functional. They are flimsy and break so easily, you tug to adjust the size and the cord disconnects. Granted, these inexpensive 'cans' (mine cost ten bucks at Borders) are not going to sound nearly as 'musical', detailed, or accurate as a pair of 2 or 3 hundred dollar Sennheiser or Beyerdynamics, but the good news is that they are a decent value for the money and sound better than most cheap 'cans' or earpieces that come with your portable device.  They work very well with portable audio devices such as mp3, CD, or FM units because of their low impedance.  However, the sound is unquestionably 'veiled' and muddy at times, and it would be worth your while to spend forty or fifty bucks on a better set of portable 'cans' if you want real 'high-end' sound with more liveliness and inner-detail.  Look at the Sennheiser PX100 or the AKG K26P if you want to realize the full potential of your portable devices.  If you're on a low budget, these will definitely do, however you're selling yourself short if you're seeking to hear the full potential of your music. Crystal-clear sound and bass response to rival over the ear headphones.Definitely would recommend as a inexpensive pair of headphones and they're very comfortable to boot!",4.111111111111111,521,3600.0,4500.0
B0001WE6U2,Nikon JAB73201 HB-32 67 mm AF-S18-70/18-105 Bayonet Lens Hood,"tv, audio & cameras",Camera Accessories,"it's works well with my lens Easy to use and it stays on. Don't be fooled by poor quality alternatives. I would purchase this again, it is well worth the extra money. I bought my 18-70mm lens used and I didn't get this lens shade when I bought it. I really like shooting with this, and it stays on my lens 100% of the time. Helps with glare and provides some protection against drops too I bought this lens hood as a replacement for one that fell off and was lost while I was carrying the camera around.  As a lens shade, it does the job of keeping light off the front element satisfactorily, and shows very little vignetting even at 18mm, but the bayonet attachment is not as positive as one would expect, given the overall lens and camera quality. I wouldnt be writing this review if mine hadnt fallen off the camera into the Hudson river New York.A perfect replacment for the original and have not lost it yet.",4.625,"2,177",900.0,1600.0
B0002379UO,Celestron 93402 T-Ring for Nikon Camera Attachment,"tv, audio & cameras",Camera Accessories,"I got this to hook up my recently purchased Nikon D3200 camera to my Celestron Nexstar telescope. So far so good, it fits the camera as expected. Fortunately the camera can be setup manually so not to worry about autofocusing or other things. We'll see how good astrophotographs I get with this adapter. This just popped right in and seated/locked correctly to my D70s, mating to a Celestron T-connector without a problem.  No fuss, no bother.  When I first put it on, I caught myself trying to ""turn it in"" like a screw thread, rather than inserting and rotating counterclockwise to lock it in like a standard lens.  Rookie mistake, but didn't hurt it.  Also there are two sets of threads - one on the ""inside"" is slightly too small for the T-connector threads. Pop the connector on the camera then thread the T-connector in and you'll be fine. Just an advice. Take a close look around this guy for BURR..!!!! The burr can fall inside your expensive camera and damaging it for free,,,!!!!Had not tested yet on camera but I took off some pieces of burr from it easily with a nail..!!! so need to be sure all is clear before use. Nothing fancy here but again a necessary evil if you are linking your camera to a spotting scope or telescope.  The ring fit smoothly to my Nikon and T adapter.  Would recommend purchase. This Celestron device is used to connect my Nikon D600 camera to a Celestron C5 spotting scope.  It worked great.",4.478260869565218,"1,750",1999.0,2490.0
B000237C9M,Celestron 93419 T-Ring for 35 mm Canon EOS Camera (Black),"tv, audio & cameras",Camera Accessories,"Works as advertised.. It fits on my Canon T3i as expected. There is little play but it is not bothersome. I wish there was a red dot that would make the alignment quicker. Purchased this ring as a coupling between a Celestron Ultima 80 spotting scope and a Canon 7d.  The T-Ring seems to be well made, but it arrived with an oily substance on the threads that found its way to the optic.  The images taken are much worse then what is seen with  the naked eye - very fuzzy.  I am disappointed.  This combination may work for fuzzy moon shots, but that is about it.  Very disappointed.  The optic has no storage case - shipped in plastic bag.  Even the cheapest lens filter is shipped with a plastic storage case. Where it attaches to the EOS, there's a small pin that extends from the camera into a slot on this device. However, the slot is not the right size, and while there is a slight click as the pin tries to seat, it does not lock. The camera, can come free from the adapter w/o pressing the release button. You could spin the camera free by just an unfortunate bump! Works exactly as you would expect. I have a Canon EOS Rebel xt. I used this with the Celestron 93625 Universal 1.25-inch Camera T-Adapter for my Celestron Nexstar 90 GT that Santa brought me. :-) Works great. The cold snap has prevented me from spending any amount of time outside for experimenting but the camera connects as I would hope. I did notice that it takes patience to hone in on your target once you've mounted the camera. Locks into place perfectly on all three of my Canon EOS Digital bodies 6D, 7D, & 60D. If you are using a Canon EF lens compatible camera this T-ring should work for you. The description had been a little vague about compatibility so I was sort of expecting I might have chosen the wrong unit, but this is a good fit. The one draw back is that the marker on the T-ring is not painted red so you do have to look a little more closely at the T-ring to get it lined up. A spot of my girlfriends nail polish will fix that.",4.578947368421052,"1,750",1800.0,3999.0
B0002CTZAC,Celestron PowerSeeker 60AZ Telescope,"tv, audio & cameras",Cameras,"If it gathered more light and the barlow lens worked... it'd be okay.only jupiter is visible.Moon is perfect.dont buy... save $300 more and get a much brighter system F4.5 this is F12 and is dim as hell... nearly useless for all the deep space objects....!!!! Barlow lens claims to triple the power but it messes up the focusing of the whole system and it thus doesnt work!Dodge this product like the Zombie Plague!!! My son and I have  had hours of fun using this telescope.  Great for beginners like us.  We love stargazing with this one. I would like to give this item three and a hilf stars. It is a reasonable telescope for a beginner and/or youth at an attractive price from one of the most respected names in optics.It will show you some of the cooler sites of the universe: the Pleides, the Andromeda Galaxy, Orion and various well defined binaries.Like any good beginners scope, it will leave you hungry for more. (It will also show how spoiled we have become by Hubble images.)The Powerseeker is well priced as an entry level scope so that you don't have to spend hundreds for a telescope for junior that will live in his closet after the novelty has worn off.It comes with three eyepieces and a Barlow extension- impressive for the price. An excellent Telescope for this price, has a very good optic, and is very sturdy and elegant I bought this for terrestrial viewing.  First, this is a $40 scope.  Don't expect the Hubble here...For my purposes this works fairly well.  Seems well constructed, tripod is nice.  As others have mentioned, you won't get anywhere near the max mag specified.  Best images are using the 20mm eyepiece.  I get decent, if dark, images using the 4mm piece.  The Barlow lens is worthless, even using the 20mm (though i'm not sure why--should be less magnification with Barlow + 20mm than with 4mm alone).  All in all, pretty good for the money.",4.0,"5,934",11990.0,15990.0
B0002J2EPI,5m Ultima(TM) USB 2.0 A to Mini-B Cable (16.4ft),"tv, audio & cameras",Home Entertainment Systems,"Gets the job done. Transfer time is a little slower then I'd like. I wonder if a better quality cable would boost speed? Anyone know? It is nice to have a super long mini usb cable.  Now i never have to move my external hard drive. Well, you know, its just a 15 foot USB to USB Mini-B cable.  Not expecting miracles, just want it to work, and it does!No ferrite cores, but probably not necessary if it is built properly, especially at this length.  Well constructed, no problems. I bought this cable to use for tethered shooting between my Nikon D7000 and my laptop.  Works great.  Wish it would have been in orange though for better visibility. I've been using Cables To Go products professionally for a while now.  I purchased this to extend my T3i to my laptop for studio shots and it works perfectly with my T3i. 15' is a perfect length and this shipped very quickly.",4.875,78,3095.0,5130.0
B0002ZPTBI,AuraSound AST-2B-4 Pro Bass Shaker Tactile Transducer,"tv, audio & cameras",Home Audio & Theater,"Having owned Buttkicker transducers as well as having tried a few others in different home theater set-ups, this is by far the most tactile feel offered and at such a reasonable price. Great item, highly recommended I bought both this Aura Pro bass shaker as well as the Buttkicker gamerButtKicker BK-GR Gamerbass shaker at the same time. I actually used the Buttkicker amp to temporarily power the Aura Pro, with good effect.The Aura Pro does not shake quite as forcefully as a Buttkicker, but it does an excellent job for the money.I think it actually does a better job than the Butttkicker with music, greatly enhancing the ""feel"" of lowbass when used with a decent subwoofer. Just a hint of extra rumble, adjusted so that the bass shaker does not call attention to itself as a separate entity, greatly enhances the music.For movies and videogames it does a pretty good job as well.I simply used four screws to attach it to the lower center back portion of my couches wooden frame.Then attach speaker wire to it just like you would any speaker (preferably from a subwoofer amp and the subwoofer output from your receiver) , and you are set, on the cheap. I was a real skeptic before purchasing these bass shakers.  I have never had anything like this before.  I have had multiple sub-woofers that exceed 400W but I could even throw them away after trying these.  After receiving them at my front door I quickly strapped one onto the bottom of my computer chair to see what the experience was like and was immediately impressed.  It wasn't until a few weeks later that I really got my appreciation for them.. I was gaming and noticed that there was something seriously wrong with my system.  For some reason it seemed that there was no power to my system.  I was confused and immediately went looking at the sub woofer trying to find some kind of a disconnection or maybe it was turned off.  It was running just fine! it actually ended up being one of the wired came free from the bass shaker.  I was blown away! I couldn't believe how much depth was actually added by the bass shaker.  I cant even describe how it feels because I don't feel like I can do it justice.  Imagine that your sub woofer is turned to its highest setting but the LFE is not overpowering the rest of your system.  It really is indescribable and you need to experience it to really get what it is about.Pros: Adds intensity and depth to all media that has really taken my breath away.Cons: A bit large and you need a dedicated amp to power them.I definitely recommend and I will be buying more of them in the future. Installation:I spent most of the day yesterday prepping/ installing this thing into my rig. I had to cut and file a plate of aluminum and drill  it to fit this bass shaker, then I prepped an area on my Sim-Seat SR-X sim rig so that I could weld the plate to it. I used Loctite WELD epoxy to attach the aluminum plate to a 1 inch square piece of steel tubing that I sanded the paint off of, and filed down a bead of actual welding that wasn't allowing my plate to sit flush. It runs parallel to the ground right under the seat.This morning I took off the clamps and attached the Aura AST-2B-4 Pro Bass Shaker with some small nuts and bolts and washers I got at Low's the other day for this project. I bought theDayton Audio SA100 100W Subwoofer Amplifieras part of the same order as this bass shaker to power it, it's a perfect match for it. I'm running the subwoofer line out to the sub amp input and then running a line from the line out of the amp to my subwoofer. It actually works and no need for any Y-connectors which is nice.Impressions:I have to say it was kind of a pain getting this thing installed correctly, but a fun project-  and it totally transforms the sim rig. You can feel the engine RPM, the bumps in the road, the tires landing over a jump, other  cars hitting you, you hitting guard rails, other cars, rumble strips..etc.. It really works.It's mounted pretty much in the center of a steel structure, what that means is that I can feel the entire rig shaking.. I can feel it through the steering wheel all the way up to the pedals.. as well as the seat. So it isn't like it's just one area that's affected, it's the whole thing.The problem is that now to watch blu-ray movies or even just watching TV,  I want to sit in my sim-rig. It's comfortable, but it's no recliner. I guess the solution would be to buy another bass shaker for the lazy-boy.**EDIT** Aug 19, 2012.It started buzzing today after 56 lap race in F1 2011. I guess I'm going to just order a couple more and run them in series. I didn't abuse this thing though, and I think it should have lasted longer than a couple months with light use. I only use it when sim-racing a few times a week. These transducers are great any way you measure them.  At this price, the Aura Bass Shaker is a bargain.  For their size, these transducers are impressive,  At 50 watts, you can drive one or more with an inexpensive amplifier.This is remarkable technology.  Whether you use them for home theater, sports viewing, games, or simulators, these simple devices upgrade the experience to another level.  Simple installation makes it easy for Aura Bass Shaker to enhance home, car, or computer audio systems.  An added benefit is that they allow the viewer or user to experience extended range audio at low volume levels!  With Bass Shakers installed you don't have to annoy family, neighbors, or nearby cars just to have a solid bottom end from your sound system.",4.448275862068965,435,17229.18,27566.69
B0006B486K,Koss KSC75 Wired On Ear Headphone Without Mic (Black),"tv, audio & cameras",Headphones,"I got these as a replacement for use at the gym (lifting, not so much treadmill running) since I'm trying to move away from noise-isolating style ear buds.  As soon as these came in, I immediately plugged them in to my computer to see if the sound quality lives up to the hype.  All I have to say is that it definitely exceeded my own expectations, especially at this price range.  And they sounded amazing right out of the box...no warm-up period needed.  The clarity of these headsets are amazing and are on par, if not better, than my Bose QC15s, though the sound quality on those aren't exactly known to be all that great.  Either way, they have no business sounding this amazing at under $15.  I will say that if you are a fan of heavy, thumping bass, these are not ideal, but they were perfectly fine for me.If I do have one complaint, its the fit.  I have them on about as well as I think that I can get them, but they still FEEL like they are going to fall off.  I've tried shaking my head left to right pretty fast and nodding up and down and they didn't budge, so I think its just a matter of getting used to how they fit.  Like I mentioned, I don't plan on doing any sort of super rigorous activity with these at the gym, just lifting, so I think they'll be perfectly suitable for me.Since these ARE open headphones, my only concern now is that fellow gym goers may over hear some of my questionable workout playlist choices. For something well under a $20 bill, this most definately beats out a lot of competitors. Bass is there, mids are good, and highs sparkle a bit... which is good. Very fun set of earphones to listen to. Wearing glasses won't matter too much either. Comfort is good, but not super great, they bother my ears after 2 hours of listening.Bottom Line: These are the ""entry"" into audiophile level quality. Look up some mods to further increase the enjoyment! I needed to replace a busted pair of PortaPros and these fit the bill very well. In fact I think they're an improvement, mainly because they don't hurt my ears after a few hours of wearing them. The clips needed a bit of bending for a secure fit, however, and putting them on is a bit wonky. Like putting on a pair of sunglasses, you have to slide the end of the clip straight back over the top of your ear.Anyway though, they sound great. Decent bass, good clarity, good depth. I tried out some expensive ""high-quality"" buds but these cheap phones beat them hands down every time. They aren't sound-cancelling, but interestingly they cut almost all external noise when music is playing. Just one caveat, they definitely do bleed sound that others nearby can hear very plainly.To conclude, I really couldn't find better for this kind of money and this kind of form-factor. If you want good sound and you aren't concerned about bugging people, these phones are definitely for you. Do these things sound like a $200 pair of headphones? Hell no. But they have good, responsive bass, clear highs, and just overall sound great.I gave them four stars because they do leak quite a bit of sound, so it's hard to take them on the bus/wear them in a public place with other people around unless you're really keen on sharing your music with others. If you're going to be using them in private, though, or for jogging, working out, etc, I cannot recommend them highly enough. I didn't expect this much from such an inexpensive product. let's sum it up:cons:-Exellent audio quality (I'm not an audiophile, but I can tell the difference among my 7 headphones and earbuds and this is the best sounding set). -my heaphones vary from mid to low price range--really comfortable (I wear them for several hours and just after 10 minutes I forget I have them on).-cable is conviently long and plug seems to be gold plated, a plus there.cons:-they look ok, but there's an obvious cheap plastic look to them. (in the pic here, they look whiter than they are, they're kinda grey)-they seem rather fragile, but I don't think this headphones can break that easily. I'm buying another set to keep it as a spare one just in case. they're worthed it.-noise-cancelling freaks, please look somewhere else...in this price range I dare you find another headphones like these. I tell you, hearing is believing, well, at least in this case. you hear deep and undistorted bass, well-detailed mids and  crisp and clear highs. it's not like they're heavenly perfect, but for your bucks it's a bargain.",4.141689373297003,"6,957",3209.0,4990.0
B0006TIA48,Kensington Hi-Fi On-Ear Headphones with 9-Foot Cord (K33137),"tv, audio & cameras",Headphones,"I bought the Kensington headphone ten months ago; with usage of one or two days a week they are now unusable.  I think that the line at the plug end failed inside. In any event, the cheaper Coby headphone I bought at the same time still works as expected; the Kensington pair is now in the garbage. Comfortable, good sound.  Limited in range, seems alot of mid range sound is a little cloudy.  BUT, as stated in the title, great headphones for the money. These headphones are not bad. I mean for $9.83 I wasn't expecting high quality sound. I wanted to buysome headphones for basic casual use because I tend to be scared of breaking the chord when I am outand about with my other expensive in-ear buds or studio quality headphones.UPDATE: 11/30/2012I have decided to create an update more informative analysis of these headphones for you, the reader.Rating System: 1 to 5, 5 being the best.COMFORT: Rating 3These headphones do apply a lot of pressure around the ears and often times can create high stressor tension after 15 minutes of basic use. These are great for temporary usage and I have triednumerous attempts of making them stretch or playing around with the pleather; however, stillno success.There are other headphones that are way way worse than these and all fairness deserves an average rating.If you want something for basic usage such as music, movies, or airplane usage...grab these and enjoy.I also must mention that the chord length is wonderful because you don't have to worry about length, unlessyou favor shorter cords on headphones.Durability: 4.5 RatingThese headphones do have a plastic feel with cheap pleather around the section. On the bright side, theseheadphones have a very solid plastic durability. I've given these to my little girl (5 years of age). Thesehave been tangled up and dropped accidentally by her and they still work. The chord is very durable and frommy experience very reliable.Modifications: 3.5 RatingI tried these with the Fiio E5 headphone amplifier (just for fun) and it's at best a decent sound (I give ita 3.8 out of 5). When I tried them on my home desktop, along with the Fiio E5, and an equalizer toincrease the treble and mids... it sounded better. The sound went from a low quality 3.5 to a decent 3.8.Sound: 3 RatingThese headphones lack treble and sound very muddy. The bass doesn't really have the balance that complementthe mids or the highs. I get a very ""mushy"" sound when hearing rock, jazz, or any other genre. The instrumentsor sound stage are lacking because you can't really hear the details that other headphones are able to provide.If you want detailed or clarity sound, do not get these.Experience (GLASSES):The downside about those who wear glasses (such as myself) is that it does apply a lot of pressure whenusing these for more than 30 minutes. I have to take them off, take a break, and then continue using themagain. So far I am wearing them right now and listening to Poi Dog Pondering and I must say it soundspretty damn good for mellow music, but it's not meant for the heavier genres such as metal, alt-rock, orpost/grunge rock. I don't recommend these for classical either seeing that the mids and highs are just notthere. The bass is adequate but not pulse pounding. I range the bass from a 2 out of 5. Overall, theseheadphones sound great for mono or soft musical genres.Final Conclusion:Would I buy these headphones again? Yes, I would for the sole purpose of using them out in public and listeningto soothing soft toned music, but not for more aggressive genres that require bass and higher treble. Midsare flat, but if I'm on the go and rather carry around some cheap headphones without the fear of losing them thenthese are the cans for you. Comfy headphones that fit my son's head. Perfect for the price! Liked the spongy top too, I even wear them when I need headphones. I bought these to use for listening to music in loud environments, and it does not disappoint!  I use it all the time while cutting the grass, and am amazed at how well it blocks out the motor noise from the lawnmower, or edger, blower, etc. when doing yard work.  It has a removable cord which has helped in two ways.  One -- if I accidentally get the cord tangled it just pulls out instead of breaking or tearing the headphones off my head.  Also, I wanted to make the cord a bit longer so just has to use a standard 3.5mm audio cord to do so.  Be careful what quality cord you use with it because one I tried did reduce the sound quality a lot.Speaking of sound quality, I was pleasantly surprised with how well these things sounded.  For the price I would not have expected it to sound this good.  Good bass, nice vocal delivery, etc.  Very pleased there.All in all one of the better purchases I have made in a while for a very attractive price!",4.2631578947368425,931,3260.0,4659.0
B00076N568,iKlear iPod Cleaning Kit For All Apple Products,"tv, audio & cameras",Camera Accessories,"When I first bought this product I assumed it was just a cleaner.  It is actually much more.  This product makes my IPod and MacBook dust resistant.  It creates a slick surface that dust and dog fur don't attract to.  This is great in my house where my dog loses twelve pounds of fur every day. This is a great product and one I have been using for several years now.I first learned of this product at the Apple Store and it is what they use to clean all of their computer screens and when they complete repairs. However this was about half the price of what I originally paid at the apple store.I use this product to clean all sorts of screens. My two laptops, desktop monitor, lcd tv screens, iPod screens, cell phone screens, gps screens and I think a few more. No matter what the item I clean the results are the same and that is awesomness.iKlear does a very good job of cleaning off all the dust, fingerprints, moisture spots, and any other crud off of your screens.The included clothes do a great job of not scratching your screens and the liquid dries quickly. After a good clean your screen looks like it is brand new.There are probably cheaper cleaning options out there but this one works so well it is the only one I will ever use. I recommend it to all my friends and family and they are always very satisfied. My guess in that this product is nearly all water if not exclusively water. I have not seen any effect of this that was any different than plain water. The enclosed cloth will take off finger prints dry: it is very good. I tried cleaning something else with iKlear, and no effect. If you want a spray bottle with something liquid in it that will remove dust and dirt, spay a microfibre cloth with water. There is nothing on this bottle that indicates its contents, such as a poison warning or treatment method for accidental ingestion. If it has so little chemical, or indeed any chemical, as to not require a warning... guess what? A-ch-two-oh! I got this product to clean my 1 year old MacBook display. Before using I was a little bit confused about how to use it (and actually had to read the manual), but after using I was absolutely surprise to see the display as good as brand new. I'm completely happy and satisfied. Totally recommend it. By the way, your device will thank you too. The secret is really the microfiber rag that comes with it.  The spray is odd - no odor, it's not water, no ammonia or benzene or formaldehyde smell, but it does clean greasy fingerprints and chunks from your lunch off the screen very well.",4.666666666666667,199,3493.0,8200.0
B0007LCL90,"Pyle PDIC60 in-Wall/in-Ceiling Dual 6.5-inch Speaker System, Directable Tweeter, 2-Way, Flush Mount, White (Pair)","tv, audio & cameras",Speakers,"Sound fair.  Installed in the ceiling above my bar.  Because the backs are open to the floor cavity they don't produce much base.  However they are just for ambient music, and do a great job for the price and look like a set of $150 speakers!  Would not recommend for a home theater setup, but they do what i want them too. I have these set up as my rear left and my rear right and have them pumping everything above 80hz, my subwoffer does the rest, at high volume I don't hear any sound degradation, I'm sure that there are be better quality way more expensive ones out there but when comparing them to a friend of mines who as his whole setup with klipsch expensive speakers my ears aren't fancy enough to tell the difference. I have the same brand but squared for my front left and right as well. I basically wrote the same review for those as well. It was a breeze to install and the sound quality is not bad at all. Fit my needs and been working for past months and providing good performance. Cant find a better product at the same price with same sound quality. Also it has a bit wider frequency range compared to others which is a PLUS. These speakers have saved me space instead of having the old fashion speakers on the floor they are now in the ceiling and when company comes over and here the music the are in awe. Also this product was easy the install step by step instructions. This is the fourth set of these speakers I've purchased.  Unless you are an audiophile, these speakers perform well and are easy to install.",4.314285714285714,796,0.0,11180.0
B0007UQNKY,Celestron PowerSeeker 127EQ Telescope,"tv, audio & cameras",Cameras,"I think it works great. The view can become blurry with the maximum lenses during a hot day and with moisture in the air but it's a great value. I even took some videos through the lens with my iphone and it works really well. We were given one of these as a gift.  It could not be more cheaply manufactured.  The controls gears grind against each other even after lubricating with gear grease.  Even on the lowest magnification the image is blurry.  The adjustment extensions come loose after a few minutes use.  The thumb locks are too small to lock off the rotating parts.  The sighting scope cannot be adjusted so the crosshairs coincide with the view through the telescope.  The tripod is so flimsy the vibration makes it hard to look at anything.  Also you have to be very careful to avoid tipping over as the legs do not spread wide enough to make a stable base.  It would be cruel to give this to a child expecting to explore the stars.  Perhaps this was once a quality product that has been globalized.  In any case it is junk as of 1/1/2014. very easy to set up and use. previous experience required will help as there are no computer controls to assist I ordered this item when the product description said it comes with the free motor drive, and it did not come with it, I had to return the scope because I wouldn't have purchased it otherwise. In the short time I used it, the scope was hard for me to use because I'm not used to the EQ mount and the tripod seemed flimsy and unstable making it hard to view things. The knobs and dials seemed clunky and a bit cheap which is understandable given the price point. The actual optical tube itself was huge and metal and I'm sure it beats anything in its price range. The mount though its the weak point, the knobs and dials, counterweight, etc all bump into each other which made it hard for me to point it where I wanted. I was concerned the counter weight would slide off and land on my foot too. Overall I would recommend saving for a higher end Celestron SE goto scope intsead of getting this one. Forf the price this is a great start-up telescope. Well made equipment, there is little bit of free play in the mound, that however, should not be much of problem if you viewing moon. It may be a problem if planning on observing other plantes within solar system.",3.951219512195122,"7,601",21990.0,32990.0
B0007UQNNQ,Celestron NexStar 130SLT Computerized Telescope,"tv, audio & cameras",Cameras,"This is the most awesome thing EVER the other day we saw the lines on Jupiter how freaking cool is that! It works well enough as soon as you get used to it.  The family has been enjoying it.But there are moderate and avoidable issues that Celestron should address:o The clock necessary for tracking does not keep the time after powering off forcing one to set it each time.  This is an annoyance. These days, that would be a simple function to provide but for some reason Celestron does not.o The battery compartment is cheaply made and the cover tends to pop off.o The software TheSky is old and certain functions cause the program to crash.  The only way to fix that is to go the the publisher's web site and pay for a new version.  Celestron should provide a version that does not crash.o As others have stated, the included lens selection is insufficient but that is an easy problem to remedy buy purchasing additional ones.  Though I've not tried one yet on the scope, I recommend a CCD imager as a nice addition. OK, here is the Bible according to Celestron SLT scopes.When the scope is working, it's fantastic (see below if you have a non-working scope with a boot loader failure).  The Newtonian design is comfortable to look through - the eyepiece is at the front of the scope, and it is positioned around eye-level when standing.  Newtonian optics are also simple, which keeps the cost down (and minimizes light lost to lens absorption).The optic properties of this scope are outstanding.  The 650mm focal length and 150mm (about 5-1/8"") aperture are great specs, especially when paired with the highly-recommended Celestron accessory kit (Celestron Model 94303, available on Amazon).  The scope comes with a 9mm and 25mm eyepiece, for magnifications of 72 and 26 power (magnification is focal length divided by eyepiece length, so magnification increases as focal length increases, and decreases as eyepiece length increases).  The big 130mm aperture of this scope gives the scope a maximum useful magnification of about 307 power, using the rule of thumb that you can magnify 60 times for each inch of aperture.At a focal ratio of f5, this is a fairly ""fast"" scope, meaning it lets in a lot of light for it's focal length.  The f-number is the focal length divided by the aperture size, and the lower the f-number, the faster the scope.  Faster is (generally) better.  F-numbers will be familiar to photographers, and telescopic ""lenses"" operate on the exact same concept as fast photographic lenses.  In photography, a lens is ""fast"" because it allows a shorter shutter speed (because it lets in more light), meaning you can capture faster motion that would be blurry with a longer exposure (as would be required by a ""slower"" lens).The auto-orientation works like magic, but it's better to give it very precise time and location.  Use a GPS for location; don't just tell it what city you are in (you can choose your location input method).  For some reason, the controller can remember your last location and the time zone of your previous observation, but the controller does not keep time when it is switched off, so you must enter the (exact) time again whenever you switch the power off and back on (C'mon, Celestron - seriously?)You can orient the scope by pointing the scope at ANY three bright objects (you do not need to know what they are) or two objects if you know what they are (but this is said to be less precise).  The scope must be level (it has a built-in level bubble).  Although this scope is not really classified as a ""beginner's scope,"" it is great for beginners - you don't need to know anything to begin viewing amazing things, and a beginner will not ""outgrow"" this scope anytime soon.  The only comparable computerized Newtonian scope that I could find in this price range is the Orion StarBlast 6i IntelliScope, but it is available only with a table-top mount (???).  If that Orion scope (750mm focal length, 6-inch aperture) was available with a sturdy tripod mount in this price range then I would be writing this review for that scope, because I would have bought that scope instead, without a doubt. Orion lost my business because they expected me to have a study TABLE available at each observation site.The optional Celestron accessory kit includes (among other things) 6mm, 8mm, 13mm, 17mm, and 32mm eyepieces and a Barlow 2X adapter.  With a 6mm eyepiece and a Barlow 2X adapter (which effectively doubles the magnification of the eyepiece, making it a 3mm focal length), the scope can achieve a magnification of 216 power (pretty respectable).  You could purchase shorter eyepieces or a 3X Barlow to push the magnification near the 307 power limit, but I don't think you will find yourself wanting to do so - you will be amazed at what you can clearly see (the bands of Jupiter and its Galelian moons, the rings of Saturn, etc).  Note that the 307-power limit cannot be exceeded with eyepieces or Barlow lenses - the image will be pretty much worthless if you try to exceed this limit, which is a function of how much light the scope can gather (which is determined by the aperture size).  As you approach this limit, the image quality decreases, so you will probably find images much more satisfying at low-to-mid-200 power than you would at theoretical maximum 300+ power.The gray moon filter in the accessory kit is especially useful for bright objects (such as the moon, of course, but also Venus and Jupiter).The longer eyepieces are needed for viewing large objects such as various asterisms, galaxies, and nebula.  Some of these objects span 2 or 3 degrees of sky (or more) - which is really big (the sun and moon are 0.5 degrees.)  Some objects can only be fully viewed at very low magnification (such as afforded by binoculars), so don't make the mistake of assuming that high magnification is always better.  If you attend a star party, expect to find binoculars (usually mounted on a tripod) in use.  The Pleiades star cluster, for example, is best observed at lower magnification.The eyepieces that come with the scope (and the accessory kit) are 1.25"" diameter, but the scope can also accept large, very nice (and expensive) 2"" eyepieces - just remove the 1.25"" adapter which comes with the scope.The tripod mount is good, but will wiggle a bit in the breeze, especially at higher magnifications.  It helps to add some weight - the tripod has a small shelf which lends itself to this purpose.  A couple bags of rice or beans will do, but I bought a 20-lb theatrical-grade sandbag (double zippers keep sand out of my optics, and sand doesn't attract bugs or rodents).  Put that weight on your tripod and don't touch the scope while viewing (take your hand OFF of the focus knob) and you should have a steady view, even in breezy conditions.  Stiff winds may require additional measures, such as springs attached to the legs and anchored to stakes in the ground.I was told by someone at a Star Party that this mount is not well suited for long-exposure deep-field photography.  As it tracks objects across the sky, the mount makes slow adjustments, but it does not adjust azimuth (side-to-side) and altitude (up-and-down) at the same time, but in succession, in a stair-step pattern.  The eye won't notice, but a long-exposure photo will see blurring.  Alas.  But I have not verified this info.  In any event, it should work fine for short-exposure shots, like the moon (you will need a camera adapter, of course).The motorized mount goes through batteries pretty fast, especially if it is tracking something all the time.  The default power source of eight (standard alkaline) AA batteries will probably last a night, but I would not push it to two nights if I had been tracking the whole night before.  You can hook it up to a car battery and it will run forever.  I use a wheelchair gel battery - they are smaller and lighter than car batteries, and will take the deep-cycle use (charge and deplete, charge and deplete).  Buy a trickle charger and use it when the battery is not being used, to keep the battery fresh and extend its life.  Or you can get the Celestron Power Tank.  You can use an AC adapter if you have access to AC - any adapter that puts out 12 volts DC at 2.5 amps or more with a 2.5mm barrel plug (negative on outside, which is standard) will work just fine (you can have all the extra amps you want - it won't hurt anything).  There are scads of suitable adapters on Amazon that are a whole lot cheaper than the one Celestron sells.This is a Newtonian scope, and Netownians are subject to collimation errors, meaning that the two mirrors are not precisely aligned.  I recommend the Celestron Collimation Eyepiece (Celestron Model 94182, available on Amazon).  This will allow you to quickly and easily (and accurately) calibrate your scope for an absolutely perfect image.  Some people do this each time they transport their scope, because any sort of vibration can cause the mirrors to drift (though it seems to be a rather minor problem for this scope, in my experience).  The instructions that come with the eyepiece are excellent.Get a red flashlight.  Celestron makes one that has a dimmer.  Red won't mess up your night vision nearly as badly as other wavelengths.I rate this scope at five stars, despite the BOOT LOADER problem (solution below).========= BOOT LOADER PROBLEM ====================================================Within two days of getting this scope, it failed to ""boot"" (the mount is computerized, and it needs to successfully ""boot up,"" just like any computer.  If it cannot boot, it is useless).  When the hand controller was turned on, it said, ""reading packages"" and then stopped with an error message, ""BOOT LOADER Invalid Pkg: 0080.""  This renders the scope dead - it cannot be moved, even with manual arrow buttons.Fixing the problem is a bit tricky.  You need to flash the firmware in your hand controller (which has somehow become corrupted), but it's not as simple (or as well-documented) as it should be.First, you need to buy a serial cable to connect your computer to the controller.  It's 9-pin RS-232 (female) on one end and a modular connector on the other end (it looks like a telephone plug).  The Celestron model number for this cable is 93920, and you can buy it on Amazon.If you have a reasonably modern computer then you probably don't have a serial port.  If you have a 9-pin MALE D-connector then you have a serial port (though it may be disabled in your system BIOS settings).  Otherwise you need to buy serial capability - I recommend a USB to Serial converter (also available on Amazon from many suppliers).Connect the computer to the controller.  Make sure you are plugging the serial cable into the base of the handheld controller, and not into the body of the motorized mount.  Both the controller and the mount have modular serial connections (and both can be flashed), but you are flashing the handheld controller, not the mount.You need to download and install the Celestron Firmware Manager (CFM) from Celestron's website (it's in Support/Downloads/Software, near the bottom of the list).  It's a Java application, so it should work on any computer platform.  But it will be downloaded as a zipfile - you must extract the contents and then run CFM.jar (on Windows, just double-click it). You can't run it within the zipfile - it must be extracted.  Make sure your scope is connected first.THIS IS IMPORTANT:  There are two types of Celestron motorized controllers.  There's the Alt/Az (which is used by  this SLT mount, as well as LCM, SE 4/5/6/8, and CPC) and the Equatorial mount (used by CGE, Advanced, and CGE*). In the CFM menu (along the top of the CFM window), select ""Hand Control"" and make sure the proper type of control is selected for your model of scope (this CST scope is Alt/Az). THIS IS THE REALLY REALLY IMPORTANT PART - Under the mount type selection you will see three radio buttons.  The first one is selected by default, and it tells CFM to automatically detect the mount type.  This is NOT GOOD.  CFM thought I had an Equatorial mount.  Even if I select Alt/Az, my selection will be overridden by the ""Auto Detect"" option.  Select the Second option, which says ""Always do what I selected this time"" and CFM will then respect your selection.Now flash the controller in the CFM, and you should be good to go.And if you go to a remote site or star party, it's a good idea to bring a laptop with CFM (and your cables), just in case you need to do this again.  I was 160 miles from home (beneath a rare Class-1 darksky!!!) when I had this problem. Fortunately it was only an hour before sunrise, so I didn't miss too much. Very much a fun telescope. It is strongly recommended to pick up a combination cheshire/collimation eyepiece, as the mirrors will go out of alignment when moving the thing around. Rings of Saturn, clouds of Jupiter, and other astronomical objects can be seen quite clearly with this telescope. It is sometimes annoying to align the computer - and it does go out of alignment after using it for a while - but it is very much worth the effort, and the price.Also, use an external battery. The 8 AA batteries will die partway through an evening of stargazing. I use an Energizer USB battery (with a 12v output). I am an always Celestron buyer this brand it's nice and beautiful , i have many costumers buying this products from mei just wish they do discount for customers like me",4.375,"2,769",79900.0,124995.0
B0007VWA8C,"6.5"" Ceiling Wall Mount Speakers - Pair of 2-Way Midbass Woofer Speaker 1/2'' Polymer Dome Tweeter Flush Design w/70Hz-20k...","tv, audio & cameras",Speakers,"I only gave these 4 stars due to 3 pairs of cracked speaker frames. I have 4 pairs installed in my house and they work great and we love the price it can't be beat. I needed 1 more pair but received 3 pairs with broken frames and after that Amazon wouldn't send me anymore replacements. So I will have to find a different kind for our last room. Besides that they work great, sound clear when turned up loud and the price is perfect. Purchased these to be my rear surround speakers in my living room. Opted to install them in the back wall of my living room rather than the ceiling. Installation of the speakers themselves was a breeze, but getting up in my attic and running speaker wire down the inside of one wall across and down into another was a pain. The speakers perform fine and I'm happy with them. Looks pretty cool having speakers flush mounted in the wall with no wires exposed. Bought the speakers to put in my bathroom used with a mini T type amp and and ipod.The speakers doesn't have the best finish (on the casing at least) and the on I received has two different white color tones. (one was greenish and the other one blueish)make sure to get a mid range amp to get the best sound quality.overall for the cost it is good I bought 7 sets of these and installed them throughout my house thinking it wasn't going to provide the quality sound that I was wanting, boy was I wrong!!! For the price of these speakers you can not go wrong. I've recommended these to freinds and family alike because I still can't believe that they produce the type of sound that they do.Upon arrival two of the sets had broken bezels and Amazon replaced them and took care of it very quickly. Now almost a week or two later I have gotten use to cranking my stereo and having sound everywhere in my house. The wife absolutly loves them aslo.For this price...... this is a no-brainer!!! Trust me buy some before they raise the price. I have these wired from aPyle Home PTAU45 Mini 2x120 Watt Stereo Power Amplifier with USB/CD/AUX Inputsvia aSima SSW 4 Speaker Selector (4 Speaker Pairs)and through aAudioSource AE100VC Impedance Matching Volume Control.  And it all works very well.I used these for an in house speaker system and they work great.  They're very easy to install and the sound on them is great for how much they cost and what I use them for.  I purchased a set of the weather resistant ones as well for my porch and they work just as well.",4.2,"1,124",11110.0,16253.0
B00081NX5U,Dual LU43PB 100 Watt Wired Outdoor Speaker (Black),"tv, audio & cameras",Speakers,"I mounted these speakers on my back patio, and hooked them up to a Pyle 2x120 watt amplifier attached to my bedroom satellite receiver. These speakers replaced a cheaper pair that I accidently blew out last Halloween playing a spooky sound effects cassette tape loudly over them. While I won't do that again, the Yamaha speakers sound SO much better than those cheaper speakers, that I'm glad I blew them out. For the quality of sound, I consider these speakers a real bargain. As good as expected! A clear and loud sound are provided by these speakers. Buy them and you won't regret! Maybe a bit too 'bassy' according to my wife, but to me they sound fine. They are replacing some 25 year old Realistic speakers that were in large cabinets, whose woofers have blown, These are much less conspicuous and sound pretty decent for inexpensive speakers in the bedroom. The speakers themselves are fine.  sound quality is decent.  Installation is easy and overall construction seems fine.  Where these fall utterly short is in the wire connectors.  They have  a commically low holding strength.  Normal speaker wire (20-24 guage) is nearly impossible to get to stay securely in the connectors.  On one speaker I spliced in 16 gauge wire to make the connection and even that will fall out at the slightest touch.  Pretty sad that the wire connectors on the back of the incredibly cheap stereo I bought these to go with are light years better. Amazingly good sound for the size and price.I tested them using an aiwa amplifier and the sound was almost as good as with the original aiwa speakers.I promptly hung them under my patio cover using 12 AWG wire and was very pleased with the sound quality and volume.I plan to buy a second set.",4.4213197969543145,"8,856",0.0,12790.0
B0009M1O9A,Nikon JAD10601 LC-77 77mm Snap-On Front Lens Cap,"tv, audio & cameras",Camera Accessories,"I absolutely hate any lens cap that is not made by Nikon.  They are either impossible to take off, fall off way to easily or don't want to go back on.  I didn't realize Nikon really makes the best lens cap until I bought a non-Nikon lens.  It only took me one day to realize I needed to replace it.I got this cap for aTokina AT-X116PRDXN AT-X PRO DX 11-16mm Ultra-wide Angle Lens for NikonI have and it fits on there as if it was a Nikon lens.  The mechanism that you pinch to remove or replace is very easy to use, especially on a cap of this size.I will be throwing away any non-Nikon lens cap I ever get in the future and replacing with a Nikon ASAP.Love it I do not know what is wrong with Nikon in why that they cannot deliver on time, but at least that you had it in stock, and that I needed for my lens - thank you Don't overlook the importance of a lens cap with good ergonomics. It may sound silly, but being able to easily remove and replace the lens cap one handed in the dark in a hurry actually matters. The genuine Nikon caps are awesome. I have used Nikon caps and others.  The Nikon caps have been the most reliable and are easy to take on an off.  I have never had one fall off and they always seem to set perfectly in the lens or filter ends.  They are pricier than I think they should be, but have always performed better than cheaper ones. These newer Nikon lens caps are much easier to use and stay on you lens' filter threads more securely. I received an actual Nikon manufactured lens cap from this seller.I have bought a cheaper one previously from another seller and I received a copy-cat version, so you do get what you pay for.",4.92,200,410.0,799.0
B0009PEU3Y,Nikon MH-18a Quick Battery Charger for The EN-EL3e Battery Compatible with Nikon D80 D200 D300 and D700 Digital SLR Cameras,"tv, audio & cameras",Camera Accessories,"Like a Nikon product it just plain works, and works perfectly. Have had it for years! Works like it should allowing you to charge your spare battery while keeping one in the phone. I recommend this if you have the need for second battery. The D70 is great with its battery life, but it's always good to have a second charger, and second battery on the ready! I couldn't find my charger right before vacation and I was able to get this replacement delivered before I had to leave... right at the same time I found my charger.  I keep one in my laptop bag and the other at home so I'll always have a charger available when needed. Works as advertised - identical to the charger that comes with the D200 and D300 cameras.  I do not know the standards that they measure against in order to come up with the ""Quick"" Battery Charger - but that is irrelevant for me.  I pop a battery in it the night before a photo shoot and it is ready the next morning...",4.055555555555555,302,1600.0,1999.0
B000A1SZ2Y,Raynox DCR-250 Super Macro Snap-On Lens,"tv, audio & cameras",Cameras,"The performance of this Snap-On Lens is dependent upon the lens focal length. When placed on a 70mm - 300mm lens, the Snap-On Lens performed well throughout the focal length. However, when I placed it on an 18mm - 200mm lens, there was significant vignetting even at 200mm. Vignetting would be expected at the wide angle of 18mm, but not at a focal length of 200mm.Due to this vignetting, I returned the Snap-On Lens for a refund. very good product, I wish it was easier to focus at close range, is a bit hard to focus range depending on the distance, is a bit better than the Opteka, but the improvement is not overwhelming This lens works great on my Canon HV20. I've already managed to capture some very amazing HD video of stuff you can't even see with your own eyes!If you like to hold your camera it can still be done with this, but you better be very steady or you will get mini stutters, on cold days I can't do it, but I usually use a mini tripod which works great anyways.Like the title says super macro, and they aren't kidding. An example would be, I am able to see individual pixels on my mp3 players lcd screen the size of small blocks! That's how super macro it gets.If you are very creative with it, you can make really cool things for video, for instance I filmed a marble and spun it slowly, with the right kind of filter applied in Sony Vegas, it looks like a spinning planet, really cool stuff for video, thanks Raynox, I can't wait to get one that's almost microscopic!! well there is nothing more to say .. you get it for 78 $ with nice packaging .. but take care the 250 version requires a masterful skill to take pictures with .. as on the largest magnification and zoom level depth of field is like a hair .. you also need a wireless flash or a ring flash or sunny daylight .. focus distance with the 55 250 is like 20 - 30 cm I got the Raynox DCR-250 for my Canon PowerShot SX10 camera and I absolutely love it. It is the camera accessory that I use most often. It comes with a snap-on adapter that just simply snaps onto the lens of the SX10, no other adapter needed. If you already have a filter adapter for the SX10, it snaps on just the same. Very easy to add on and take off, plus small enough to just slip into a pocket while not in use.I needed something capable of taking images of things smaller than half a millimeter and this lens added onto my camera allows me to do just that without having to buy expensive macro equipment. In terms of magnification, it gets me roughly 0.66:1 on the sensor at full zoom. Since the sensor in the camera is so tiny, this would correspond to a 3.7:1 magnification on a 35mm equivalent. I have taken pictures with it that show the facets in a fly's eye, the colored scales on a butterfly wing, pollen grains on a stamen, spores being released from a moss capsule, and individual cells in microscope slides of plant cross sections placed on a light table.There is a learning curve in how to use it due to two factors: 1) very shallow depth of field, and 2) vignetting at low zoom levels. You have to find the right combination of zoom and distance from the subject to get the best results. You might also need some additional light or set the camera on a tripod to avoid camera shake. I usually take a lot of pictures, varying the distance between camera and subject slightly, and select the best. Not every picture turns out in focus, but the ones that do make truly stunning photographs.Update: Also works well with the Canon PowerShot SX40 HS camera and almost gets up to true 1:1 image representation on the tiny sensor with that camera when making full use of the zoom. I took some pictures of microscope slides against a light box and added an example image to the product page. Based on a few quick tests, it would be possible to make prints at a decent 150 dpi resolution that would show up to 1:125 magnification over the original.",4.4186046511627906,"3,175",0.0,11619.45
B000AJIF4E,Sony MDR-7506 Professional Wired On Ear Headphones with Mic (Black) (Best Compatible with Professional Cinema Line Camera),"tv, audio & cameras",Headphones,"Read the reviews online. These headphones are awesome. Comparable to over priced high end headsets. These sets are used by pros in music studios everywhere. The entire buying experience was awful. Paid for next day, arrived two days later. Amazon gave me a patronizing refund for my shipping and no explanation, and that was after FIVE DISCONNECTS from customer service. The outer box looked a puck from the Stanley and the inner was almost as bad.These were a gift - they survived the shipping bs but I ended up just giving my nephew 200.00 bucks and told him to buy them somewhere else.Seem fine but not my personal choice for sound equipment. I am going to cut to the point after reading sooooo many reviews about headphones.  What you hear is dependent on so many factors I won't go into the specifications of these but say they are and have been my go to headphones.  The specs are very respectable.  They are extremely comfortable, lightweight and not tight.  I have monitors that are very 'true' and I would compare these with the monitors.  There is little coloring even at high levels.  You can get some distortion though at very high levels.  Like I have said, how you hear things is very personal and has a lot of variation from person to person.  For me these have fit what I needed perfectly. I considered replacing my noise cancelling headphones with another pair, but have often wondered if there was a trade off between noise isolation and sound quality. Based on the performance of these phones I'd say the answer may be yes. I have heard sounds I never have before. Hands rubbing the instrument, faint sounds from the audience etc., very &#34;balanced&#34; sound, not overdone on the low or high end. The sound is truly &#34;pure&#34;, unlike any others I have owned. Note this may not be good for everyone, e.g., if you prefer emphasis on one or the other end of the spectrum. I am having the same problem that another reviewer on this site has had (and others elsewhere if you surf the web a little): Whenever I move my feet or shift in my seat, the headphones send a series of static shocks to my ears. This happens frequently. I have never had another pair of headphones do this. I called Sony and they said they would send me a replacement pair. I hope the replacement pair does not have this problem, because otherwise they sound very good and are comfortable and well-built, which is why I still give them three stars despite this unacceptable design flaw.",4.617363344051447,"21,449",7039.0,7490.0
B000ARAPQW,Kodak U-8 USB Cable (Discontinued by Manufacturer),"tv, audio & cameras",Home Entertainment Systems,"I misplaced the one that came with my camera. Kodak wanted $30.00 for this. I got it here for far less. It works and it was delivered fast. A great buy. It's look someone think messy-up between lens and cable.Search more information for this stuff before buy for your satisfaction. Read be carefull, product description on this item was for somekind of USB cables I went to Texas to visit my folks, brought my camera but forgot the cables, A/V and battery charging cables. I found them both at Amazon and they were priced much less than at my camera's official website,and I received them quickly. If you ever need another cable or just want one, this is the one to buy. Price & quality are excellent. I am always a bit concerned about replacement parts for electronics, but his is my 4th visit to this vendor with no problems whatsoever.",4.25,"1,220",2077.0,4999.0
B000BYCKU8,Nikon VAW13403 EN-EL3E Rechargeable Li-ion Battery,"tv, audio & cameras",Camera Accessories,"I purchased this battery for Nikon D 300. it came in original packaging as described. after single charge, i shot about 200 shots still shows 80% charge. I have used EN-EL3e batteries for nikon D 80 before. they always perform as specified. recommend to buy. IF YOU ARE CONSIDERING BUYING THIRD PARTY BATTERY FOR NIKON D300>>>> BEWARE THAT THIRD PARTY BATTERIES WONT WORK!! Nikon has a system which recognizes only original batteries. I do not think this is an original equipment battery, it can not hold charge as long as my other Nikon battery, and it locked my camera up from time to time. Its not just a battery though; its a Nikon battery.  My advice is to always buy the name brand when it comes to things like batteries.  Its a small extra investment that will give you the peace of mind of knowing your camera won't short out on you. Does what it is supposed to do, how it is supposed to do it, but you can get it way cheaper elsewhere. This battery works as a perfect 2nd battery to my D80.  It arrived earlier than expected, and performs just as expected.  I use it in my MB-D80, and it performs just the same as my original battery....but I expected nothing less.I highly recommend this battery over the non-OEM version.  Why take the risk of missing a crucial shot over a couple of bucks.  I'd rather spend the few extra dollars, and ensure that I get the shot rather than take the risk.",4.684782608695652,"1,755",1749.0,3999.0
B000CHPJAM,"Pyle Home PDIC51RD 150 Watt Wired In-ceiling, In-wall Speaker (White)","tv, audio & cameras",Speakers,"Needed replacements for all the original speakers. It was an exact replacement for the whole cut and they work  great. The only issue is pulling the screen off and putting it back on after installing the speakers. Unfortunately, my neighbors are pretentious hipsters and claim that this gives out too much bass.  I have upstairs neighbors above my office, and we recently renovated the whole thing.  Of course they started complaints once our unit started to look better than theirs, and then their true colors surfaced.  The last straw was when they started to complain about these speakers.  We have background music playing from Pandora when you enter the office & it continues all day long.  Apparently, the bass was too much for them to handle.  Regardless of their naive senses, these speakers definitely do the job at &#34;make your hipster neighbors cry&#34;, and they do just as well for a soothing listening experience.  I've purchased 6 pairs of these to date, and everyone has been pleased.  We don't use them for 2009 rap music with bass & all of the words you can't understand, but we do use them for classical music to 80s rock.  The bass is there, mild but present, and the quality is much more than I expected given the price.  Steal for the price, but not pleasing to me as an audiophile.  But then again, that's why I have a home stereo for the moments where I want to feel the music, and in-ceiling speakers for the moments I want to hear it enough to relax.  We're also putting them in the shower, as well as the headboard to the bed!  Yay! I had a new surround system installed in my lower level and these speakers work perfectly.  Maybe I'm not a connoisseur of great sounding speakers, but these give great sound for the size of the room at a price which doesn't break the bank. One of the speakers came with a scratch on the outer ring, but Amazon promptly replaced it without hesitation or hassle. A music fanatic.  Music going all day long and wanted it piped into the kitchen.  While remodeling, decided to install them and very pleased. I've had these for a month now and they are perfect for listening at normal volumes. They were very easy to install and look great. I'm sure experts would say that they are no good but I think they are great for regular people that aren't looking for (or notice) perfection.",4.846153846153846,"1,124",11110.0,16253.0
B000CHVLSQ,Pyle Home PDIW65 6.5-Inch Two-Way In-Wall Speaker System (Pair),"tv, audio & cameras",Speakers,"Very good sound, easy to put up, that is if you already have a hole in the wall!  Great for the price I have these set up as my front left and front right and have them pumping everything above 80hz, my subwoffer does the rest, at high volume I don't hear any sound degradation, I'm sure that there are be better quality way more expensive ones out there but when comparing them to a friend of mines who as his whole setup with klipsch expensive speakers my ears aren't fancy enough to tell the difference. i have only used them for a few hours, but so far they have sounded great and were pretty easy to install, just make sure you take the speaker out of the frame to install, very nice for teh price For what like 17$ each, you cant go wrong, easy to install and sound better than the satellite speakers in my surround sound system did and look way better in the wall than on the speaker mounts. Sure their probably not near the best but I am very impressed with the sound and look for the price. With a sub-woofer surround system they sound good! Bought a second set! With the sound I get from these speakers, I would swear they cost a lot more than they did. I love them.",4.857142857142857,217,12979.0,19643.0
B000EOPQ7E,Blue Microphones Stylish Retro Style Cardioid and Omnidirectional Snowball USB Microphone with Condenser Mic (White),music,Musical Instruments & Professional Audio,"I love this microphone for several reasons. One, I ordered mine in pink -- it's adorable.Second, the sound quality is impressive for a small mic. I create and mix podcasts, so I listen to sound with a critical ear. This isn't the high end mic you might wish for, but it offers solid, clear sound without tinny echo or electronic noise. I've compared it to my usual recording headset, and it's significantly improved over a moderately priced headset.Give it a shot -- I think you'll be pleasantly surprised. Found this through a friend.  Great for better voice over audio and simple interface.  The only issue I had was the tripod mount that came with it.  Had to buy a better mic stand for stability. I purchased this mic because I no longer needed to worry about disturbing anybody else with my gaming sounds when I moved into my new place. I also was tired of rolling over my headset cord. Great sound: people I game with give compliments on the sound quality! The great thing is, it picks up very little sound from behind the mic, so I set this in front of my monitor's built in speakers and it won't trigger my ""volume"" threshold for activating my mic in Ventrilo. This mic has a very very high quality and durable feel to it.Why 4 stars? A few annoyances: This mic is a beast. It's tall and the tripod has a very wide base. I have two monitors and I needed to make a large gap between them to place the mic, or it would have been in the way. Also, there is a red light on it that stays on as long as it has power. On my computer this means it is on even when the computer is off (but plugged in). My computer is in my bedroom so at night the light is far too bright. I have to either unplug the mic or flip the power switch on the back of my computer. The snowball was broken right out of the box.  It would only faintly pick up audio on setting ""2"", settings ""1"" and ""3"" would produce static with the audio.I called their service line and was greeted with an answering machine.  I left a message and, to their credit, was called back quickly; but missed the call.I called again and left another message and was called back promptly again.  I explained the problem briefly and was told it would require servicing and to just fill out their form online to get an RMA number and shipping instructions.I had already filled out their form, but they said they had no record of it and to try again.  So I tried again and still nothing.So I sent in a e-mail to their support filling out another form on their website and was taken to a page that showed confirmation that it was sent.  Still haven't heard back from them.Pretty crappy all around. I paid for shipping to get the product, and will have to immediately pay for MORE shipping to have it serviced.I also e-mailed the vendor selling this on Amazon asking if I can just return it to them and have not heard back from them.I've read other reviews lately about the static problem and it seems to be a quality control issue on their end.I went out and bought a mic from another company just cause I need it now. I purchased this so, when I travel, I have a compact solution for vocal and acoustic guitar recording to my laptop. It replaced a Shure SM58 + ART tube pre + cables, etc. I run Windows XP V2.18 on a Lenovo W500 laptop and record using Audacity (freeware multi-track record/edit/burn software). I experienced none of the ""low volume"" problems others have reported. I did follow the couple steps in the Snowball users guide for setup so perhaps that is the difference. I am an amateur musician but am fairly picky as to sound quality (playback on good-quality headphones but using the laptop's soundcard). Quality was just fine (I've only used the mic's switch position 1 for cardioid pattern). The supplied stand allows me to put it on a table edge and easily point it upward for vocal only (12"" away), downward over the edge for guitar only (16"" away) or mid-way to record a voice+guitar performance (at slightly lower volume due to 24"" away). I do acoustic ballad type music (e.g., James Taylor) at a volume that can be heard in a (quiet) typical livingroom sized space with no amps. With this setup, as I've said, recorded volume is in a nice middle range in Audacity if I myself keep the volume steady. No complaints on this mic, I'm very glad I bought it.",4.331877729257642,"2,204",0.0,0.0
B000ES6KPM,Targus APK01AP-52 World Power Travel Adapter (Black),bags & luggage,Travel Accessories,"Great item for any world travelers.  Small and compact and works in just about any country you may travel to.  Prompt shipping also. I bought this for a trip to Europe. I really only needed one (VS 3) of the plugs (EU plug). The individual plugs feel a little fragile.You may want to consider just buying the individual plug you need vs a big kit.  I would also recommend bringing two plug adaptors on the trip with you. If you are charging camera batteries, cell phones, ipods, etc. Then you will most likely want to charge two at the same time.Because this is only an adaptor make sure your electronic deivices are capable of coverting the 240V.  OTher wise you need a power converter instead. Worked as advertised - the challenge is in countries like Italy where they use 2 different outlet designs - this adapter includes the 2 pin version and leaves out the 3 pin version. Had to get another adapter while in Italy to make things work. I took a trip with this in Africa and used it.it was very practical.And even though most airport have outlets that will satisfy all, it was still an option for me.I will get another one as I gave this to my mom. she is a traveler too. Clips together neatly for traveling, accepts plugs with grounding pins (but does NOT actually provide the grounding connection - haven't found one that does).  Also doubles up for use with UK or European plugs in the US - some adapters (e.g. the RadioShack travel plug adapter) do not.  Note that this is just a plug adapter, it does NOT convert the voltage, so you need multi-voltage devices or a separate travel transformer at much greater cost and weight.",4.666666666666667,363,0.0,0.0
B000F2BLTM,beyerdynamic DT 880 Premium Headphones (250 ohms),"tv, audio & cameras",Headphones,"Worth no more than $20 dollars. Audio-technica ATH-M50's outperform these for a third of the price. These are extremely treble heavy and the mid-range is artificial.Not worth $350 dollars at all. Excellent headphones in many regards.To get the best sound balance, simply boost the lowest eq band about 80% and you are set.Build quality is absolutely sturdy while being quite comfortable.Sound quality is superb, but make sure you let the headphones break-in for a couple of days first. They sound kind of metallic and tinny until they break-in. Make sure your source material is excellent quality as these headphones will reveal every flaw and defect with the tracks you put in. Same goes for the sound card and headphone amp used.Power wise they take a good amount more juice to run than my 80 ohm DT 770's. With my headphone amp off, I have set volume at 80% to get normal sound volume. Soundcard used is a customized Asus Xonar ST.Definitely would buy again. I did a lot of reading around and with the help of my well informed buddy, we settled on these. Let me start off by saying, if you aren't a complete audiophile but you want great quality headphones these MIGHT/MIGHT NOT be for you. Any headset out there sounds pretty darned good these days and this one is by far up in a league of its own. Everyone loves good quality sound no matter who you are. I myself am not an audiophile but I do love epic quality. These things out of the box sound simply amazing. The mids and highs on pretty much all music (especially metal) sound incredible. The bass is fairly lacking, however. It is definitely there and is incredibly clean but doesn't hit like you might want them to. If you want some good quality bassy headphones then you might want to go elsewhere as the price wouldn't be justifiable. If you are an audiophile or just really love to hear every instrument clearly in the center of your skull, these are VERY justifiable. I have a $40 pair of headphones I got from walmart that punch a bit harder than these and actually sound astonishingly well for the price. The discernible difference, however, is how everything you hear in a song isn't just MASHED together. These babies place the sound in the center of my brain loudly and VERY clearly with no rattle whatsoever. Like I said, if you focus, you can hear every little effect of any instrument which makes listening to old music like a new experience. I can also listen to these for hours without damaging my hearing. These things are wicked comfy out of the box. The pads slough a little and get itchy at first but don't take long for that to go away. I can wear these for very long sessions and almost forget they are on. If I had the experience and didn't own these headphones, I would definitely buy them. I feel like a made a good choice here. 9/10 Totally worth it! REVIEWER'S NOTES: I've had my DT880 for over two years now. In that time I've felt every emotion over it: eager anticipation for its arrival, elated relief that I had (finally) found a headphone I could live with, creeping buyer's remorse (these things are a bit bright, aren't they?), a certain sheepishness when I bought another set of headphones not two months later, lingering guilt as the DT880 sat unused for months on end, and, finally, a rekindled sense of love when I finally discovered what I needed to do to make these things truly shine. I hesitated to write a review, since my feelings about my DT880 are pretty complex, and on numerous occasions I got as far as some half-completed notes before abandoning the idea. This is the latest attempt, and hopefully it manages to convey everything I want to say.OVERVIEWAs I'm sure you're aware, these are a set of circumaural (over-the-ear), open-back headphones. The DT880 has been around in its current form since 2003, when it was introduced into the Beyer Premium line to slot in between the sealed DT770 (recently discontinued after 27 years of continuous production) and the open DT990. There actually was a DT880 back in the early 1980s, and it featured a similar, neutral tonality to the modern version. It was replaced in 1985 with the DT770 and DT990. In 2005, the Premium Beyers all received cosmetic facelifts to unify the aesthetics of the line. Beyer also began offering each model in three impedance ratings (32 ohm, 250 ohm, and 600 ohm) at this time. This review concerns the 250 ohm version, which is suitable for use with basically anything that plugs into a wall outlet. (For the record, the 32 ohm version is suitable for low powered sources like portable music players, and the 600 ohm version is suitable for dedicated headphone amps and more powerful equipment).BUILD, COMFORT, ERGONOMICS, ETC.The DT880 currently comes with a foam-lined, leather carrying bag. While not bulletproof, it's a nice addition on Beyer's part, and I've used it many times to store and transport my set from place to place. A 1/4"" adapter is included for use with older stereos, mixing boards, and dedicated headphone amps.The build quality is exceptional. The band and yoke assembly are almost completely metal, and the cups and part on the band that holds the yokes are made from tough, precision-fit plastic. The backs of the cups are sintered steel and have so far resisted dings or dimpling. The headband is well-padded and covered in soft pleather. The cable is of a single-entry design and is reasonably thick and supple. It has a little bit of memory character but is generally compliant. It's well-relieved on both entry and termination and is nine feet long.The entire assembly is solid, with nary a creak or loose spot after over two years of use. In fact, they look brand new, and I'm confident they will hold up for a long time to come.Despite all the metal and thick plastic, they're remarkably lightweight. No, they're not on the level of those tiny plastic on-ear sets (like the Sennheiser PX-100II, for instance), but they definitely feel lighter than they look. They're also extremely confortable. The large, circular pads are plush velour and distribute the clamping force evenly. Speaking of which, the clamp is light but secure--the DT880 will not come off your head from any reasonable movement, though they don't clamp unnecessarily hard, either. My only complaint is that the yokes stick out quite a ways in the back, and this causes the headphones to get pushed forward sometimes when I lie my head back on my pillow.SOUNDSo far we haven't touched on anything that would make reviewing these headphones difficult. That's about to change.The DT880 is a bright headphone. There is no getting around that. Its basic tonal character is neutral, with slight bass rolloff and some extra zing in the treble. This has the consequence that any recording with already prominent treble is going to sound exaggerated and possibly harsh on the DT880. Also, if the words ""neutral"" and ""bass rolloff"" didn't make it obvious, this is not one for the bassheads. If you're looking for something to improve on Bose or Beats headphones but want to stay with the same general tonal balance, while the DT880 is undoubtedly a substantial improvement over those, its sonic signature is not going to make you happy. I'd look at Sennheiser, Denon, or some of the Audio-Technica models, specifically the M50 or ESW9A, before the DT880. You might also try Beyer's own DT990 (or DT770, if you can find a pair secondhand) if you don't mind some treble with your bass.We'll start at the bottom. The DT880 has reasonably well-extended bass for an open backed design of its vintage. It loses some volume in the sub bass ( &lt; 50Hz) region, but it still returns some information from down there. It's just not going to thump very much. Bass impact as a whole is rather soft, though it is exceptionally well controlled and sports decent texture. You'll be able to tell which different kinds of bass instruments are playing, and you'll be able to separate out individual notes with ease. Depending on the genre the bass can be very satisfying, as long as you're not looking for a whole lot of impact or bloom. However, the bass is probably the least distinguished part of this headphone's range.The midrange is very open and clear. It is always transparent and carries an astonishing amount of detail. If you're looking for a warmer, more euphonic (""sweet sounding"") midrange, you might want to look elsewhere (If you don't mind an energetic sound, you might like Grado). But if you're looking for the clearest window possible into the music, which doesn't add anything of its own, you'll love the DT880. The transition between bass and midrange is seamless, though sometimes there is just the faintest hint of an upper bass hump bleeding into the lower mids, possibly because the first harmonics of the bass are stronger than their fundamentals on account of the bass rolloff.The treble is where the trouble starts. The overall level isn't particularly elevated, though this headphone is certainly not lacking for top end. If you're used to laid back treble, you definitely want to give these (and all the Premium Beyers) a pass. The problem is that there are several tall, narrow peaks in the treble that add a shimmery, biting sheen to everything, and which accentuate sibilance (""ess"" sounds) and other high frequency components of the music. They also mess with the timbre of some elements of the midrange. Many people like the treble of the DT880 just fine, and if your musical repertoire consists of well-recorded classical, acoustic, and jazz, you might be thrilled with the added clarity this kind of tonal feature can add. But if you listen to a lot of poorly-produced mainstream music, you might find that after the initial ""Wow!"" factor wears off you're reaching for the volume (or the aspirin!) a little too often.There is an answer. I'm not going to go into too much detail here, except to say that there is a technique that you can use to precision-EQ the DT880 (or any reasonably high quality set of cans) to a perfectly flat response through the treble. There is a thread about this on Head-Fi, which is a headphone enthusiast forum where I'm reasonably active. It's called ""How to equalize your headphones: A Tutorial."" Using this technique I was able to find these peaks and craft a precise EQ curve that eliminates them without degrading the overall tonal balance or presentation qualities of the DT880. Freed of these distracting treble artifacts, the DT880 becomes a truly phenomenal headphone, with endlessly-extended, effortless treble that is never harsh or fatiguing.The basic equation is the same. If a neutral, bass light sound isn't in the cards for you, this technique will do little to help. But if you like the basic signature of the DT880 but find the treble just a bit too much, you owe it to yourself to give this technique a shot.PRESENTATIONNOTE: My comments are based on my experience after calibrating the response as described above, but since this technique has minimal effect on the presentation, these comments apply generally to the DT880.There are three basic elements to the presentation of any headphone: soundstage, imaging, and transparency. The DT880 excels in all these areas.The soundstage is the general size and sense of the virtual performance space that the headphone projects. The DT880's soundstage is nicely rounded. It is spacious but not excessively so, and it conveys a sense of depth and layering that eludes many headphones (likely anything you've ever heard if you haven't tried a high-end headphone before). It's not exactly like being in a concert hall, but you can definitely sense the size of the venue and the space around instruments. This latter quality is what is commonly called ""air."" It's sort of the feeling that the different instruments aren't cardboard cutouts on a black background, but that in addition the ambiance of the performance space is conveyed. The DT880 also produces a rare sense of height, which makes recordings sound less constricted and stuffy and contributes to the ""airy"" sound.Imaging is the ability to pick out individual instruments in the space projected by the headphone. The DT880 has razor sharp imaging and handles dense tracks effortlessly. You can easily pick out different musical elements and choose to follow one or several as you like. Related to both imaging and soundstage is the idea of layering, where elements are arranged along the z-axis as closer to you (foreground) or further away (background). This is a complicated phenomenon in headphones, since technically they are incapable of conveying actual depth. Some headphones, though, manage to produce a sort of pseudo-layering effect, and the DT880 is one of these. It's easy to work out which sonic elements are supposed to be further back in the mix, and which ones are supposed to step forward, and even when an element transitions from one state to the other.Transparency is the degree to which the headphone fails to call attention to itself, instead offering a clear, unobstructed view of the music. The DT880 is an exceptionally transparent headphone, placing basically no barriers (apart from the occasional treble-tinged note if you haven't calibrated them) between the listener and the action. This can be attributed to the midrange, which is perfectly flat, and also the resolution of the drivers, which is very high.A measure of transparency is how much detail is apparent, and how textured the sound is. The DT880 isn't quite a detail monster in the sense of a highly analytical (read: even more treble-hyped) can, but it's all there if you want it. The DT880 just doesn't shove it in your face, which I consider one of the headphone's greatest strengths. You can listen intently and find all sorts of things in the music, or you can just sit back and enjoy--the presentation supports both.Texture is a difficult concept to describe. Imagine two red balls, one with a matte finish and one with a shiny one. They're both red, they're both round, and there are spectral highlights (light reflections) on both. But the surface of each has a different texture, and you can easily spot this. Sound is much the same way. Even a headphone that has poor texture rendering will show you the difference between a violin and a flute, but one that has very good texture rendering will let you hear the difference between two different violins or flutes. The DT880 has very good texture rendering across most of its range, though it loses just a little bit of texture in its bass. I've heard this in ascending bass lines, where the sound almost seems to come into focus as it gets higher in pitch. It's a minor but nevertheless notable complaint and further underscores the idea that the bass is the weakest aspect of the DT880.Finally, we'll address a few other aspects of the presentation. Speed is excellent--you never feel that any part of the presentation is slow or reluctant. This is usually the case with bass-light headphones. There is a certain groove with the DT880 that has to come from the midrange since the bass isn't strong enough to carry this on its own. This is a phenomenon sometimes called PRaT (pace, rhythm, and timing). Basically, if you feel like you're getting sucked into the rhythm and even want to tap your feet or drum your fingers, your headphone probably has good PRaT. If you get bored with the sound or feel like it's slow or just behind the beat, your set is probably lacking in this quality. It's kind of nebulous and I only mention it because it comes up from time to time on Head-Fi and other audio forums. Also, the adjective ""PRaTty"" is amusing.OVERALL CONCLUSIONThe DT880 is by no means perfect. It lacks true sub bass extension and it's quite bright. From what I understand, careful amping (with tubes) can alleviate some of the symptoms of this brightness, but the effect of this will be subtle at best. Know what you're getting into before you make an investment in this or any piece of reasonably high quality equipment. As far as amping goes in general, your home stereo will work fine, but you might want to look into getting a dedicated amp for these. You don't need anything ridiculous--I run mine off my mixer's headphone section and that works terrifically. On the other hand, an iPod is not going to run these--they'll never reach sufficient volume and will sound anemic.If you can live with the faults, though (or you're up for ironing them out using the EQ technique I mentioned earlier), and you like a neutral sonic signature, then the DT880 is one of the most reasonably-priced high quality sets you can buy. While they have gone up in price over the past few years, they're still a tremendous value. They're well-built, extremely comfortable, and have a lot to offer sonically. I've had mine for over two years and in that time they've been a faithful, durable, and lovely-sounding companion. I'm not currently looking at replacing them with anything, and that will probably be true for a long time. Hi all, Zombie_X from Head-Fi here with another review! This won't be as in depth as the T1's review but I will give you all the needed info.The Beyerdynamic DT880 sound can be classified as being treble oriented with slightly recessed mids (will get tot hat later) and having slow or muddy bass (will get to that as well).______________________________________________________________________________________________________________________GEAR USED:- Source: PC via Pop-Pulse SPDIF-II (to Optical), Marantz VC6001 CD Player- Amp: Woo Audio WA3+, Audio-GD ROC- DAC: Music Hall DAC25.2 (with NOS Mullard E88CC tube)- IC's : ZXAC custom made RCA and XLR cables______________________________________________________________________________________________________________________TREBLE:I find the treble on the DT880/600Ohm to be slightly smoother than the 250Ohm and 32Ohm models out there. It's very extended and crystalline in it's presentation. I find it to be harsh on poorly mastered or recorded material but when used with reference grade material the treble is to die for. Very articulate and grain free.MIDRANGE:Many say the DT880 is leaner in the midrange but I have to say they are not. The treble shines over the mids and makes them seem recessed or muted. The mids are very transparent with lots of detail and also have great resolving capabilities. Vocals sound very nice and realistic and guitars have an edge to them which is very nice.BASS:Yet again I hear this talk of the slow and muddy DT880 bass. The 250Ohm has this as well as the 32Ohm, but not the 600Ohm model. The bass is very punchy when needed and is very extended with great texturing and layering. It's is also not sluggish in anyway as long as the recordings bass is not that way. The bass is very tight and well controlled without being to dominant of the sound. Many on [...] have said that the DT880 also has bloated bass which is simply not true.SOUNDSTAGE:The soundstage is very well layered and offers a lot of detail and separation of the various instruments. I find it to be quite accurate and spacious with good air. In comparison to the HD600 it is a bit bigger in terms of width and depth of the presentation. It's not the biggest out there but it is better than others.These 600Ohm headphones need strong amping. I would recommend a nice OTL tube amp for them like my Woo Audio WA3+. They need a significant voltage swing to function properly.",4.639344262295082,"1,361",14990.0,24475.0
B000FGNM6I,Transcend SD 2GB Memory Card (TS2GSDC),"tv, audio & cameras",Camera Accessories,"We needed a bunch of cheap SD cards for some NBOX video players, and Transcend seemed to be a good inexpensive brand. I have not had any problems with them, yet. We ordered about a dozen of these and used them heavily last year, and continue to do so. If speed is important, spend more money on a CLASS 6 o CLASS 10 (faster) card. This is a good basic card for point and shoot cameras, a little slower that the more expensive ones, but if all you are doing is using it in a easyshare style camera for family pictures you don't need anything more fancy than this Got it fast. It worked in my Kodak (forget what model right now). It was the lowest price I could find. With 'Prime' shipping was free. I find myself purchasing numerous memory cards . For my two kids and myself . Always purchasing at least 2GB and up . I bought 3 Transcend 2GB memory cards and they were here in 2 days! Packaging was great and I loved the fast shipping. The price was unbelievable and they work perfect. Glad I purchased them!",4.670588235294118,"6,506",1909.0,3900.0
B000FNFSPY,TP-Link 5 Port 10/100 Mbps Fast Ethernet Switch | Desktop Ethernet Splitter | Ethernet Hub | Plug & Play | Fanless Quiet |...,"tv, audio & cameras",All Electronics,"Did exactly what I needed it to do without a problem This beast provides internet for my iMac, Xbox 360 and Gaming PC. Love it. Excellent product, this switch really surprised me, is very small, perfect for the office, only you need to plug your ethernet cable direct to the wall and you can enjoy the other 4 ports for other pc's, prints or a phone machine, i used it maybe 10 or 12 hours by day and i never noticed overheating or something like that, really i recommend this product, international shipping is really fast. Not going to lie, I thought this would be a waste of money but I was blown away by the performance! I have a couple of AP'S that have been needing to be configured since I bought them on here so I just bought this instead of having to do everything one at a time. The product just lit right up and it was ready to go! $80 switch with a $10 price tag! A unmanaged network ethernet switch. Great value and works great out of the box. No complaints at all, great product.",4.718954248366013,"56,537",639.0,899.0
B000I23TTE,"C&E M-30S1-01260 3.5mm Stereo to Dual RCA Audio Adapter Cable Female to Dual RCA Male (3.5mm, Red/White, 15.24 cm (6 inch)","tv, audio & cameras",Home Entertainment Systems,"Love it! When I first got this item to connect my xbox to my computer speakers, I thought it was the perfect solution, however, the sound seemed off.  I found that the red and white were opposite of what they should have been for left and right.  After that, my right speaker stopped working and I had to wrap a twist tie around this product's wire to keep it bent so the right speaker would work, until just now I was tweaking the bend to get the right speaker working again and now both speakers have gone out and its a pain to just get one of them working.  It's ridiculous for the wiring in this product to go out so fast when it has just been sitting on my desk not moving since I bought it.DO NOT BUY, it's better to spend a few more bucks on a quality product then try to get away with cheap crap like I did. Delivered early by USPS. Works as expected. I needed an adapter that didn't extend too far out the back of my equipment like the one-piece versions. Appears to be good value Two things I wasn't happy with... 1) It took a long time to get (but I WAS informed that it would). 2) Now I know why it takes so long to ship... It's shipped from China!! With the exception of my name and address on the envelope, EVERYTHING else was written in Chinese. I DEFINATELY DO NOT LIKE the idea that ANY of my information (especially my credit card info) has been submitted to China. Had I known this ahead of time, I wouldn't have ordered it. ...call me &#34;paranoid&#34; (but don't ever call me late for dinner). It's exactly what it says. Used to connect TV to a regular 2.1 stereo system. Works great, and movies/shows now sound waaaay better through quality speakers with oomph (as opposed to the anemic internal TV speakers).",4.401215805471125,"6,356",253.0,599.0
B000J4WPW8,Microsoft Life Chat LX-3000 Headphone,"tv, audio & cameras",Headphones,"Other reviews cover many of the fundamental quality and longevity of this headset, but I would like to speak mostly about the total lack of comfort.  I have an average sized head and could not believe how incredibly tight these were. They are uncomfortable from the first moment you put them on, squeezing hard around the perimeter of your ears. After an hour-long teleconference, my ears and the tissue around them were sore and throbbing. I also had to extend the earphones all the way to get them to even cover my ears, which causd them to be tight against the top of my head as well. The sound is actually quite good and the microphone appears to work well. I had no trouble simply plugging the headset into an open USB port and waiting just a moment for Windows 7 to automatically installing the necessary drivers. Despite the good sound, clarity and ease of immediate use, the lack of comfort makes the headset a complete fail for me. One other complaint lies with the microphone positioning; I found it quite difficult to move the flex arm to a suitable location. I finally had to over-extend it beyond where I wanted and gently pull back to the desired location for best outgoing quality. My wife and I have just gotten hooked on using Skype now that we are very recent Grandparents for the first time and want to stay in touch with my son and his wife who are out of state. We wanted to improve the quality of sound for our calls and get beyond the built-in mic and speakers of the MacBook Pro. Many other reviewers on Amazon rated this headset as an excellent choice for the Mac. They were right! Having just received them and used them, they are immediately recognized by the Mac and show up in the system Preferences Sound settings  (to use the headset over the built-in mic and speakers, you'll need to select it there as well as in 'Skype preferences too!). Volume levels are quite high for both input and output so you will have plenty of volume if you need it. The mic is very sensitive and also offers plenty of volume if you need it) The +,- volume and mute controls directly on the headset cable works perfectly with the Mac. The on-screen volume level indicator displays as it would using the Mac keyboard.  Sound quality seems excellent (I can hear everything clearly!), even for my poor-average and slowly degrading hearing. I can't rate the comfort of these headphones over a long time of using them in one session, but, other reviewers seem to say they are extremely comfortable. I agree in that the fit over ear is perfect and the softness of the ""cushions"" on each ear-piece are firm, but, very comfortable and seem of excellent quality so they won't begin to collapse or compress over time. Build quality seems very good as well for an under $20 headset. The ability to use these on a USB connection rather then the input/output jacks of a laptop using two plugs, make them quick to connect and disconnect. I assume they'll work fine as well if we use a pair of these at the same time to share a call or even on a USB2 hub. We're delighted with this purchase and price and of course, that it interfaces with a Mac so very well. The LifeChat LX-3000 is highly recommended for your Mac if you want a great headset without investing a lot into it. I bought these to use mostly for talking on Skype and for gaming with other people.I'm very satisfied with them. I am impressed with the quality of the sound when using them for gaming. Granted, my computer's speakers are pretty bad, so maybe these wouldn't be that great to an audiophile, but I am impressed by the nice sound. I picked up on bass tones I never heard before. I have no complaints with the microphone either, it seems to pick up on sound very well. In fact, I usually move the mic up above my nose because people complain that they can hear me breathing... and I don't think I'm a very loud breather (but perhaps I'm mistaken :P).I like that you can control the volume and mute the mic with the little button thingy on the cord. I have accidentally hit the mute button before though, so just be aware of that when you use them. I use this all the time to record things at work and it is great. Crystal clear voice recording the first time, I have never had it pick up a single background noise. The earphones for playback are also top-notch, it has great sound. I'd definitely recommend this to anyone looking for a nice headset with lots of uses! After my big disappointment with Logitech's ""gaming"" headphones (Logitech Precision PC Gaming Headset), I decided to go with Microsoft LiveChat, and I made the right choice. I'm a gamer and I use programs called TeamSpeak and Vent to communicate with my teammates. Here are the basic pros and consPros- Crystal clear mic picks up your voice with no problems- Sound quality is excellent- The headphones fit nicely- Easy installation, up and running in less then 5 minutesCons- There is no clip on the back of the volume and mute buttons, making it slide around your lap- Have to adjust head headset every so often due to the tight fit around the ears. Makes you feel like you are in an airplane prolong use.Other then some minor adjustments, this does exactly what I need. As for the whole push to talk buttons and syncing with WLM, I haven't gone down that route, but if you're a gamer, this would be something to definitely check out.",3.8411214953271027,665,11595.0,14999.0
B000JG88JU,Kenko Auto Extension Tube Set DG 12mm 20mm and 36mm Tubes for Nikon AF Digital and Film Cameras - AEXRUBEDGN,"tv, audio & cameras",Camera Accessories,"Contrary to what I read in other ratings I found the Kenko extension tubes well made and solid.  There was no lens drooping that I could detect (even with a Sigma 70-200mm f/2.8, but I did have to support the lens for balance) and the product worked as advertised.  One caveat, however, the focal length as read by the camera is incorrect because the camera does not know that extension tubes are attached, the tubes appear to be transparent to the camera, but this is not a big deal when shooting macros since usually you have time to check the exposure and make adjustments for another shot. I have had these tubes for about a year. They work fine on my D50. They are a bit pricey for empty tubes of air but it is worth it to have AF and Metering capabilities. I had done some research on whether to buy a regular Macro lense or buy these Kenko Extension tubes. I decided to go for the cheaper Kenko and then after using it, perhaps I'd go for the more expensive ones.Well, I've been shooting Macro practically non-stop since I've gotten the Kenko's, and I do think that from the shots I've taken, that the Kenko's really make me look like a better amateur photographer than I really am...As a matter of fact, I do love these Kenko tubes so much, that I can now quite clearly see that there's no need for me to buy the more expensive Macro lenses. Please remember, I'm an amateur, not a professional, but when I look at all the slideshows I've now created with these amazing Kenko tubes, I find it hard to believe that its all my creation!..so, go figure!.I'm enclosing one of my ""youtube"" Macro slideshows for anyone to check out to see for yourself!..So, because of these great Kenko tubes, I've become totally ""addicted"" to shooting macro with them.I do hope the youtube link will open up for you on this site so you can really have a lookat what I'm talking about.[...] I got the Kenko extension tubes set to try my hand at macro photography with my Nikon D5000. The Kenko DG tubes are electronically fully compatible with Nikon AF-S lenses. Metering is fully supported with these tubes and you can even auto-focus if you like. I have tried both auto-focusing and manually focusing in Live mode with theAdorama Budget Macro Focusing Rail Set with 4 Way, Fine Control, Camera Focusing Rail for Macro Photography.I'm not sure which I prefer yet, as I am still developing my technique.I have tried the 12mm with myNikon 35mm f/1.8G AF-S DX Lens for Nikon Digital SLR Cameras, and it works but the focusing distance -- even with such a short extension -- is uncomfortably short for me. So I have mostly used these tubes with myNikon 55-200mm f/4-5.6G ED IF AF-S DX VR [Vibration Reduction] Zoom Nikkor Lens. Using the extension tubes with a tele zoom is quite flexible. Because extension tubes modify magnification differently for different focal length lenses, zooming changes the maximum magnification as well as the focal distance with the zoom. So you can frame the shot using the zoom or set the focal distance to something comfortable for the given subject just by adjusting the zoom.The ""gotcha"" in using extension tubes with a tele lens is that, while you get better focusing distance with a tele, you also get less magnification. The way to figure out how much magnification you'll get is by reading the spec for your lens. Take the number listed as ""magnification ratio"" or the like. On the Nikon 55-200 VR, this is given as 0.23. Alternatively, it may be shown as a ratio -- 1:4.5. In that case, divide 1/4.5 to get the decimal number. Now, to find out what the extension tube will do for you, add 0.23 and the extension tube size divided by the lens focal length to get the magnification you will see. For example, let us use the 36mm e.t. and a 55mm setting on your zoom: 0.23 + 36/55 = 0.23 + 0.65 = 0.88. So, with the zoom at 55mm and the 36mm extension tube, we would have almost a 1:1 macro photo. Notice that, if we shot using the same set-up and zoomed to 180mm, we would have a magnification of 0.23 + 36/180 = 0.23 + 0.2 = 0.43, or about half the magnification using the same extension tube. OTOH, the focal distance would be much longer.You can stack the Kenko tubes to give a lot more options on the magnification than just three, although I haven't tried that yet. I don't know how reliable the electronic connection would be with three tubes stacked, but it wouldn't surprise me to have some intermittent problems with all those connections in the path.While I would probably opt for a true macro lens if I ever became deeply involved in macro photography, these tubes are a wonderful way to learn about it while giving perfectly usable results. If I end up getting a macro lens, I will do so with much better understanding of what I want it to be. Unfortunately, these did not work at all with my Nikon D3100 AF camera. I was really looking forward to using them, as I had read some good reviews, but they did not make any electrical connection between my lenses and my camera, and as a result, my camera would not focus. Not a bargain at any price if it does not work.",4.068965517241379,272,15190.0,15990.0
B000JGD9JY,Kenko Extension Tube Kit Compatible with Canon EF/EF-S (Made in Japan),"tv, audio & cameras",Camera Accessories,"THIS IS A WONDERFUL ALTERNATIVE IF YOU ARE LOOKING FOR AN INEXPENSIVE WAY TO SAVE MONEY THIS IS AN ANSWER.  I WAS REALLY TAKEN BACK BY THE QUALITY OF THE MACROS I TOOK AFTER RECEIVING THIS SET!  EXTREMELY EASY TO USE.  THIS IS A QUALITY GROUP OF EXTENTION TUBES.  THERE ARE 3 DIFFERENT DISTANCES YOU CAN USE..10/20/30MM.  IF YOU ARE LOOKING FOR A GREAT ADDITION TO YOU CAMERA BAG...THIS IS IT!!! I don't write reviews, this will be my first. But this is one product I feel deserves one. In short, just buy it. You won't regret it for one second, and it's worth every penny to me.Build quality of the Kenko is excellent, feels very solid. The hinges of each tube engage very well, feels secure, and releases cleanly every time. The electrical contacts work exactly like they should, and in all combinations, unlike some others that have contact issues with one, two or all three tubes used together.I've used this on my EFS 60mm F2.8 Macro and my EF 50mm F1.4, and both feel secure and work perfectly with this. I even tried it on my EF 70-200 F4L and it works perfectly fine. The autofocus hunts if you don't have adequate light, as the falloff is about two stops with all 3 tubes together. But since I use it with my Macro lenses, I rarely use autofocus.Reading some of the reviews, I went into this purchase expecting this extension tube set to be perfect. I got perfection. And don't worry about it being compatible with only EF or EFS. The tube ordered from this page is compatible with both. Does what is designed to do, as air is air, without paying an arm and leg for a name brand. I am only beginning to experiement with these extension tubes, but so far they are exactly what the description said they would be.  They work with the three lenses I use (24-105mm, 35mm, 100mm macro).  Well built, easy to use, gets the subject up really close.  Glad I made the purchase. For anyone into macro photography that doesn't have room in their camera bag for a dedicated macro lens, or who doesn't have the $$ to shell out for one, these extensions tubes are fantastic.The tubes are inserted between your existing lens and the camera body, moving the focal plain, which in turn means you can get closer to your subject. The rings come in three sizes and they are stackable, meaning you can use 2 or all 3 at once. I found though that the individual rings give you enough variety that you will rarely need to stack them. Remember though, when you use these and get closer and closer to the object, the amount of available light will decrease as will your depth of field. Camera shake, or if the object is moving,  will also be a challenge, so if you really want to get close, a tripod is recommended.** Remember that each camera manufacturer has a different mount, so make sure you select the correct version.**",4.625,387,14240.0,14990.0
B000JQ3A7A,Carson Hawk Child 5x30mm Binoculars (HU-530),"tv, audio & cameras",Cameras,"I knew these would not be very strong, but I thought they would be better than they are.  Only good for what's in the back yard, birds maybe, but that's all. This is a cheaply made and you will find yourself gluing pieces back together, which isn't necessarily a bad thing as it has just been parts sliding out of place rather than outright broken..  My son was wanting a binoculars set in order to mimic Dino Dan, the cord allows him to hang it around his neck as he bounds around outside.  As he is 5 years old and can be rough with his things, I didn't want to invest in something too nice, but didn't want to get something run-of-the-mill.  And the price is decent considering you can focus the lens.  Quality wise doesn't seem much different from any other kids binoculars (like Melissa and Doug, etc..). Fairly good quality, but doesn't magnify much at all.  Good first binoculars, as they at least &#34;appear&#34; to adjust, so the 2 year old learns about the controls of binoculars.  Also, a good teaching tool to teach him to take care of equipment and the difference between toys and equipment. My 3 year old son really wanted a pair of his own binoculars.  I wanted to get him something that looked just like an adult pair, but was a little more durable and less expensive.  I also wanted ones with decent magnification (nothing that was obviously just a toy).  These binoculars fit the bill quite well.  They cost about the same as a toy, but have 5x magnification, glass lenses, and look real.They are reasonably sturdy, and can take being dropped quite well.  My only real complaint is that the lenses seem to not be attached too well.  My son was able to get the entire lense out of one eyepiece (glass and plastic shell), and the rubber cup off of the other.  I will have to glue them back on to keep them from falling off.Also, the case they come with is useless (thin nylon).  I threw that out immediately.But overall a good value, and I would buy them again. My grandson (5) was at my house and found some binoculars laying around and had a blast with them and said he would like some for his birthday. So from advice from my daughter I purchased these and she said they quality is pretty good. My grandson said he loves them. I have not seen them myself but from what I have been told It looks like they are pretty good.",3.5384615384615383,266,3961.0,7922.0
B000KNCB7C,"Opteka T-Mount Adapter for Canon EOS 70D, 60D, 50D, 40D, 30D, 20D, 7D, 6D, 5D, 1D, Rebel T5i, T5, T4i, T3i, T3, T2i, T1i, ...","tv, audio & cameras",Camera Accessories,"I was looking for a while, this item and at least i can practice my hobby..take pictures of the sky with my DSLR camera...thanks for this product Purchased it for use on a Canon EOS Rebel T3 and a Celestron NextStar 5SE. Works as intended. Just make sure to purchase the t-adapter as well. I have read some reviews of other brands that cited poor materials, design, fit, etc. but I have to say I have no problems with any of these. It's well machined and fits perfectly. It even has the red dot to make it easier to install it on the camera. Although I can attest to Opteka's commitment to quality. When they sent me the wrong adapter in the OptekaT-mount adapter kit, I ordered one for a Canon and received one for a Nikon. I noticed the Nikon version of this adapter was surprisingly well made. I was going to just replace it with the right one for my Canon but they were out of stock and refunded my money. I received the Opteka-T-Mount adapter on time as promised. The adapter met or exceeded the advertised specifications and was well constructed. It performed great on my Dynamax 8 telescope as expected. The adapter mounts the SLR or DSLR camera body(camera lens removed)directly to the rear of my Dynamax 8 telescope tubing. I did NOT have any focusing problems with the camera T-Mount adapter with my Dynamax 8 telescope. Again, the adapter is designed to be used with the camera lens removed.",4.310344827586207,557,3004.46,3603.0
B000KO0GY6,LensPEN Lens Cleaning System [Old Version],"tv, audio & cameras",Camera Accessories,"While I would always recommend a microfiber/lint free lens cleaning cloth as the first choice for cleaning lenses, the LensPEN is an excellent alternative.The soft cleaning pad is pre-coated with a ""dry carbon compound"" that removes dust from the lens surface. The other end of the then pen houses a soft, retractable brush that removes accumulated dust and dirt.Great for quick clean-ups when you don't want to break out the wipes.This would be a 5 star product if it included a cover for the brush end; although it's retractable, it can still be exposed to ambient dust and grit when retracted, and a cover could mitigate this. I didn't expect it's quality until I recieved this lenspen. It's easy to use and effectively remove the dust and finger print on the lens, and it's cheaper than other lens pen with similar quality. Good for buffing out fingerprints from the surface of glass-- lens or the filter. Brush is very useful for sweeping off some dust. Add a Rocket Blaster to your cleaning arsenal and you're set. The carbon cleaner end of this pen is fantastic for removing oily or greasy finger prints from your lense glass. No cleaning fluid is required. I have used these pens for a long time and find them to be 100% safe and effective. I usually clean with warm breath on the lense and a microfiber cloth. If this does not do it I go directly to the lens pen which always does the job perfectly. I would reccomend this pen for anyone that needs to clean any type of glass or plastic lens or lens cover. Didn't realize how much I needed this little thing, until I used it for the first time. It made cleaning easy and did a great job. I am surprised that it works so well and for such a small price. I use it on my digital camera and cell phone. Also, I use very small mirror pcs that I cut into mosaic style shapes, for decorating picture frames and keepsake boxes. The pen works better than a cleaning cloth to remove fingerprints and smudges after I've completed the project.",4.616788321167883,967,399.0,499.0
B000KWGS9K,Nikon MH-23 Quick Charger for EN-EL9 Li-ion Battery,"tv, audio & cameras",Camera Accessories,"Good priceCharges our battery on the Nikon D5000 quite fine.it comes with everything you need including outlet cable.If you have a battery in hand that you need to charge, then you need nothing more then to buy just this. This is a Nikon charger, so it works perfectly.  I needed it because I couldn't find the one that came with my D40. I lost my original charger on a Greyhound bus - and not by my fault. It was taken with my bag under the bus. I have had a hard time finding this product online or offline and found it much cheaper here on Amazon. I highly recommend purchasing it from here if you're looking to replace the rapid charger for the Nikon D3000.  Thank you! This is the standard charger that Nikon sells for use with the D40's EN-EL9 battery.  The title incorrectly shows it is for charging the EN-EL5.  That battery will NOT work with this charger -- the contacts won't line up.If you do need it for the EN-EL9, it works very well.  I'd appreciate a shorter power cord for travel use, but it is detachable so you can switch it out. Small. Easily stored. Works well. Light weight. Dependable. All the things we look for when we make a purchase. I bought 2 of these as I feel traveling far from home with only one could come back to haunt you. A drained battery charged in 2 hours. I'd say that's quick.",4.133333333333334,262,1745.0,2999.0
B000MLHMAS,Celestron AstroMaster 70AZ Telescope,"tv, audio & cameras",Cameras,"I don't think it's powerful enough to really use for extraterrestrial viewing, which is what I bought it for. You have to tilt the telescope itself at a very awkward angle to see any stars, which means you're kneeling down with your head two feet from the ground just trying to look through the scope of the thing. Would be fine for terrestrial viewing though. I ordered this telescope Saturday. Imagine my surprise when I came home and saw this package on my door step. This is a Christmas gift for my 10 year old son. I will not open it until then. I will make sure to post another comment once we have used it. I bought this for a couple of amateur stargazing friends of mine and they reported it was easy to assemble and figure out.  They told me they've had a good time with it and it's lasted at least 4 months now.  I can't report any personal experience with it, though. Celestron 21061 AstroMaster 70 AZ Refractor TelescopeSet up was easy and when we used it to view the moon i was surprised to see how clear it was.It takes some getting use to as far as spotting and finding objects but after you figure it out it is fun to use. Haven't had a chance to use it yet. I am hoping it is easy and works good. Seems to be nice for the price.",3.84375,"3,240",18040.5,30000.0
B000MLL6RS,Celestron AstroMaster 130 EQ Telescope,"tv, audio & cameras",Cameras,"easy to set up, when looking at the moon, you can see craters real good.needed to get some more eye piece for magnification, other than that great for beginner in astronomy. need to get the maps to look at different stars and every thing. really enjoyed this product. We found it difficult to use and tough to keep on objects once we were able to finally find them. The image magnification isn't significant enough to make great observations. Views of the moon were interesting. Can't complain about price and value as entry telescope. Used twice withgreat images but most of our time was used fighting with the mount. Boughtthe Orion xt8 for my kids and it is a 5 star.Thanks The star finder is a joke. It will be by luck alone that you are able to find distant objects. It needs a much more finely tuned focuser as well, it is impossible to focus on more distant objects and see any detail at all. I have gotten many good views of the moon, but the planets and other objects are too blurry to see any detail at all. I purchaced high quality lenses, which help, however they are too much for the scope and were more for a higher quality telescope. With a ton of patience, and keeping your expectations in check, this can be a decent scope. The motor mount (optional) is a must to keep track of objects. It is way hard to manually track, keep focus, and enjoy planets and smaller objects.Update:After using this scope for some time I decided to give it four stars. Many of the issues I was facing were due to my own inexperience with scopes. With patience, and steady hands, and the optional lens kit you can see planets with good detail. Can see the spot on Jupiter and its four large moons, and the rings of saturn. Can even see craters on Mars. It does take patience lining up the angle of the scope with the polar equator and things like that, but I was constantly fighting with he knobs and things until I did some research. Its possible to only have to adjust one knob to follow planets as they move.The four star is because of the focuser. It is really difficult to get the right focus before the object travels out of the viewing circle. Out of the box, this thing is useless. Everything needs to be calibrated before a usable image could be produced. Once I collimated the primary mirror and adjusted the star finder I was able to see jupiter. It took much poking around the innernets to find out how to do these things, the supplied manual was useless.  I would not recommend this as a 1st scope.The tripod is definitely cheap and all of the tightening collars have already broken due to being &#34;overtightened&#34;; though I'm not sure how this is even avoidable. The right ascension slow-mo adjustment was bent and I ended up having to remove the screw, straighten and grease it for it to be even remotely usable. The star finder is a joke.I would have returned it, but the return period expired before I was able to learn how to use it and realized how poorly it was made.",3.857142857142857,"4,732",27980.0,35699.0
B000NO5OYA,Nikon 8217 Binoculars TRL Blazer,"tv, audio & cameras",Cameras,"The binoculars were better than I expected with the only exception that there was no way to secure the lens caps. The seller responded in a time fashion to my order. Very happy with these binocs.  Just as advertised.  My only grip is that I wish their was a detent on the right eyepiece to match its focus with the left.  All there is a little arrow (in black, same color as everything else), which is hard to see, and impossible to see in low light. I""ve got 50 year's experience with good binoculars and wanted a knock-around, inexpensive pair that was waterproof, fit in my pocket like these clamshells, and had good optics (obviously). I've generally used Nikon and Bushnells, so I started with those. While these Nikons are light, waterproof, and well designed, the optics are not good, I tried three pair (including the 10x25s) over a total of two months and all three were out of alignment. They gave me headaches. I finally decided on Vortex Typhoons - which are a GREAT binocular for the money. I was amazed at the quality of the Vortex over the Nikons and Bushnells. Got this for my wife for golf tournaments and nature watching. It is very light and, compact with a very crisp and, clear wide view. For the price we paid....it's a steal! I am a Nikon fan and have many products of Nikon.  I just love these little waterproof binocluars.  I think for ther size, the waterproof and adjustable eye cups they are great.  They do have a dial for focusing as well and they even come with a case and are the size of point and shoot cameras.  I wouldn't say pocket size but close and they are well made and heavy so a coat pocket in the winter yes otherwise they will fit into a backpack, purse very easily and come with covers for the lenses too. All in all for a small set and certainly not the highest magnification they do what they are intended to do.  For me it is just hiking and using them when on the water or near the river and from high above in my city apt looking out over the river and skyline of NYC.",4.4,652,13594.0,18594.0
B000NONHYY,"WENGER SYNERGY 16 Inch Laptop Backpack with Tablet Pocket, Padded compartment in Black/Grey (26 Litre)-blend of style & fu...",accessories,Bags & Luggage,"The Swiss know what they're doing.That being said, I'm choosing to remain mostly neutral about this product.It's what the Swiss would want. And Jew gold.It's actually a pretty kick ass backpack. I've had this bag for about 6 years and it's finally getting a little too shabby looking, and some threads on the straps are unraveling.  Not too bad a life.  I'm a little suprised they're still selling it, but it's a very good bag so I guess that makes sense.It's very functional and easy to overload it due to the space.  The middle compartment in particular is pretty rooomy.  I've carried a change of clothes for an overnight trip on many occasions.  Gets a little tight between that and documents and other items, but has worked.  The compartment where the computer goes is not so roomy, but does have extra pockets in it.  But I only put flat things in there so it evenly presses on the computer case.  There is a convenient mesh pouch at the top of that compartment that is above the level of the laptop, so is not an issue if bulging out.The media player pouch that unzips right under the handle at the top is a great pocket.  I put change, my bluetooth headset, power bars, etc. in there for easy access.  At the airport, that's where I stash the watch and cell phone before going through security.  For the airport I put my bag of liquids in the mesh side pouch so it's visible and I don't forget to pull them out.  With the side pouches empty, it will fit under most airline seats.  Only under the aisle seats on some aircraft is too narrow.  But that's mainly older seating which is disappearing over time.The third compartment that is the zipper where the grey front panel stops isn't very useful to me.  I only use that for receipts since it's not very roomy.  It only unzips at the top so is like a deep pocket, and if I put anything else in there, I forget it's there.  The other compartments including the very front accessory pocket unzip all the way down so items are easier to notice.  The very tiny pocket on the front of the accessory pocket is also small and just unzips at the top.On the con side, it's difficult to put this on top of a roller bag securely.  The old model has a waist belt so that can be dropped over the handle and the shoulder straps crossed and put over the handle.  But it's not very secure that way and the new ones don't have the waist belt.  Seems like a small issue but there's lots of times it would be nice to drop the bag on top of the roller.  Like at a restaurant or the security line or the restroom.  At the aiport, getting to documents isn't as easy as with a rectangular case type bag.Also the pull straps to tighten the shoulder straps are quite long so I zip tied them to the front of the straps.  They just seemed to catch on things when they were hanging. I want to preface this review by saying that prior to purchasing the Swiss Gear Synergy, I owned a Swiss Gear Maxxum pack for about two and a half years (see my review of that pack as well).  I wore the Maxxum about 6 days a week, with a consistently very full and heavy load and was extremely satisfied.  But, after 2.5 years, the shoulder straps started to show their age, and I decided it was time for a replacement. I knew before I began my search that my next bag would also be a Swiss Gear, and perhaps another Maxxum.I visited a local store that had 5 models of Swiss Gear packs in stock (but sadly, not a Maxxum) and gave them all a good looking over for features and construction as well as a check for personal fit.  I was quickly able to eliminate a few of the smaller models as they simply didn't have the raw storage volume I require for my daily load. The final three in contention were the Cobalt, Pegasus, and Synergy. I next eliminated the Swiss Gear Pegasus (a great looking bag) from consideration, for while it was clearly designed for carrying very large laptops (17""), aside from the computer, this bag was obviously meant to hold generally flat things.  While I gladly would have paid the higher price for the Pegasus, it simply would not accept the larger and roughly cube-ish, cylinder-ish or sphere-ish shapes I often need to carry (camera bag, lunch, water, soup thermos and more).In the end, I selected the Synergy, and I'm VERY glad I did.DECIDING FACTORSVOLUME AND SPACE USABILITY - Of the bags I was considering, the Synergy has both the largest volume as well as the best configuration of that volume for my real world uses.  Additionally, while several of the bags I was looking at had side zip water pockets, only the Synergy's felt generous enough to entirely contain a reasonably sized bottle when completely zipped.  The total cubic capacity of this bag seems very similar to that of the Maxxum, but the pack has a more vertical and usable orientation of that volume.  While the compartments of the Maxxum get shorter the further you move from the packplane of the pack, the Synergy takes very similarly sized compartments and arranges them such that they are in a taller, more back hugging overall shape.  The Maxxum really sticks out quite a way when it's fully loaded, while the Synergy hugs your body more closely.  I find this a great improvement.BACK PAD VENTILATION - Having humped the Maxxum around for the better part of three years, I know how well the design of the back pad moves air around your back.  The Synergy has the same back pad as the Maxxum, and to me, that's a big plus. I've carried this pack, fully and heavily loaded for very long periods, both standing and walking, and it's always been comfortable, even on warm days.DURABILITY - The Maxxum and Synergy are very similarly constructed, and I can tell you that my Maxxum held up to very rough treatment for the full span of the two and a half years I had it.  These are very tough bags, inside and out.STRAPS - while the straps were the first part of the Maxxum to ""fail"", I have to admit, with the load I put in mine, I fully expected the straps to have given out after about a year ... but they didn't.  Not even after two years.  Even at two and a half years, they hadn't exactly failed, they were looking pretty rough, and I decided to play it safe.  I never weighed my pack full, but those who tried packing it often remarked 'What do you put IN this thing, bricks?'  Well, a very heavy laptop + very heavy adapter + very heavy spare battery make up the worst of the load.  Add in a camera, voice recorder, notepads, books, wireless mouse, lunch, assorted papers, vitamins, address book, keys, umbrella and more, and the bag gets very heavy.  This size bag holds a lot, and if the straps aren't super strong, all that weight would rip them out by the roots (which has happened to me before with lesser bags).  But not these straps.  They're tough.  As for those of you who prefer a waist strap, I've tried packs with them before and didn't like them for myself at all.  This pack keeps the load right where I want it and keeps it comfortable for long stretches of time.POCKETS - After volume, durability and fit, it's all about the pockets for me.  Like the Maxxum, the Synergy has a truly brilliant combination of pockets for those of us who have to carry a mobile production studio on our back.  If all you have is a laptop and some flat notebooks, the Pegasus looks like an awesome pack, but if you need to stuff in gloves, hats, cameras, accessories, food, water and more, the Synergy is the pack to get.  How many pockets?  Oy ... let's count.PC COMPARTMENT (closest to your back)1) Main padded PC pocket(red) with securing Velcro strap.  NOTE:  When you open the compartment nearest your back, the PC pocket is located away from your back.  This provides more buffer between back of pack and the PC ... I like that.)2) Netted accessories pocket next to PC pocket3) Open center area within PC compartment for papers or notebooks (against your back, providing potentially more padding)SIDE COMPARTMENT LEFT4) Zipper close compartment for water bottle5) Netted open top stretch pocket, wrapping around zipper pocketSIDE COMPARTMENT RIGHT6) Zipper close compartment for water bottle7) Netted open top stretch pocket, wrapping around zipper pocket (not for nuts ... the squirrels WILL find them and eat through the net :) )Now, moving to the front of the pack and working our way back toward the PC pocket.FRONT MOST POCKET8) Small zip pocket could hold CD/DVD player, wallet, address book, calendar or similar sized object.  Good for quick access items.PERSONAL ACCESSORIES COMPARTMENT (2ND from front)This area is designed to hold small personal items like pocket cameras, keys, business cards, pocket knife, loose small items, pens, pencils, etc.  Red liner makes it easier to find small stuff when in low light.9) Large zipper ""pencil"" pouch (a pack of 12 highlighters fits in there well)10) Elastic Netted ""camera"" pocket (for pocket camera)11) Velcro flap cover ""Pocket knife"" sleeve12-16) 5 card/cardstack pockets17) Key ring clip18) Open area in front of smaller pockets for larger calendar, papers, etc.SHIELD POCKET COMPARTMENT (3rd from front, with Swiss Gear shield facing front)19)  This single medium/large sized compartment is perfectly sized to hold my winter gloves, sunglasses in case, warm hat, hairbrush and umbrella - accessories that I don't always need but REALLY want handy when the weather turns against me.  Or in hot weather, this could hold a sun hat, shorts, t-shirt, flip flops etc.  This compartment is tall, wide but not very deep, so it wouldn't work for a soup thermos, cubical lunch container, camera bag, etc., but for assorted flatter things 2-3"" deep, about 10"" wide and over a foot tall, it's perfect.MAIN HIGH CUBE STORAGE (4th from front)20)The main storage area within the 4th zip from the front is cavernous.  I could easily fit my camera bag, lunch and a bunch of other stuff in here.  Over a foot tall, about 4""to6"" deep (depending on what you put in adjacent compartments), close to a foot wide, I also use it for spare clothes, jackets, towels or other bulky objects that need some serious room.  This compartment allows this pack to be a really usable weekender, as it can hold spare clothes and personal accessories, while other compartments store the PC and tech gear.21)  Zipper net pocket - good for small important things you don't want flopping around in this BIG main compartment.  Easily holds 5""x7"" sized papers/cards, wallet, small notebooks, etc.22) Folder Pocket - along the back plane of this large compartment, against the neighboring PC compartment, is a large open top pocket for papers or folders.  If you need to keep something flat and the laptop area is full, this gives you another option.TOP QUICK ACCESS POCKET - RED LINED23) One of my favorite features of this bag and the Maxxum is the top mounted quick access pocket, lined in bright red, which makes it easier to find small stuff in dim light.  Great for small electronics, keys, cables, USB thumb drives, memory cards, or anything small that isn't sharp.  The lining of this pocket is softer than some and I wouldn't put anything pointy in there.  Keys, pens and mechanical pencils are OK, but nothing sharper.24) Inner Velcro flapped pocket for MP3 player, cellphone or other small device. This pocket within a pocket keeps delicate electronics both secure and protected from metal items that might scratch them.  I think this pocket is just a touch larger than in the Maxxum, probably to accomodate smart phones not just MP3 players.NOTE:  There's a grommet in the side of this pocket that allows headphone/earbud cables to extend out of a specially marked rubberized opening on the top/side of the pack.That's 24 pockets/pouches/clips in all, which makes this backpack a real workhorse.  One note of caution:  Filled, this bag can be VERY heavy.  The bag can take it, and I find the straps and back pad distribute the load very well and keep it comfortable for me.  But I have read where some users were a bit overpowered by the weight this bag can hold.  Keep that in mind when loading it up.BOTTOM PROTECTION FROM WATER - I spend a fair amount of time waiting for buses at bus stops in the Pacific Northwest, where the pavement is quite frequently wet.  While most Swiss Gear bags do a nice job sitting up by themselves, of the ones I was considering, the Synergy had the best bottom protection against the wet.  Some of the bags were only partially rubberized on the bottom, while one can safely place the Synergy on wet pavement and have total peace of mind.When my wife and I are heading out for a day or weekend of creativity in the field, this kind of pack is a life saver ... PC, adapter, spare battery, 2 cameras, web access, digital voice/music recorder, notepads, markers, cables, snacks, water, cold or warm weather accessories, spare clothes/shoes and lots of small stuff all fit nicely into one pack that really distributes weight well and never digs or rubs in uncomfortable ways.  A truly awesome pack I can highly recommend. I've had this bag for over 5 years.  I bought when I used to come to work on my motorcycle.  Overall it's a great bag, but with some noted shortcomings.Pros* Big!!!  You can fit everything in here* Well Made!  No issues with construction or materials so far.* Compartments for everything...Cons* It's heavy ...about 4 Lbs EMPTY!!!!* Too Bulky.  While it's a plus to have a big bag, it's is very bulky.  I would have preferred an expansion zipper and a thinner bag.* Filled can become extremely heavy for walking around (airports).When I bought it, it fit my needs perfectly, but now that I could use a smaller bag, I find it to be too clunky for everyday use.  Overall, this is a great bag should you have a need for a large, high capacity bag. I've been surfing for months off and on for a good combination computer + general use backpack. I never seemed to find the right combination of features I wanted. The ones that had all the cool pockets and extra storage areas I like were backpacking models that lacked the good, well-padded computer compartments I needed... and vice versa. This one has it all, and at a very attractive price.PROS:- Good pull straps.- Outside pockets mesh on the bottom on both sides for water bottles, etc.- Extra low-silhouette deep outside pockets molded into both sides.- Hidden, half-height red-lined storage compartment up top for those little things you need fast.- Solid, well-padded body-molded straps- Padded buffers across the waist and shoulder-blade areas for heavy loads- Loops on the straps for glasses, earbud cords etc.- Solid, well-padded computer compartment- Additional middle compartment for extra items -- that makes 4 main compartments (not counting the hidden half-height quick-draw one on the top)- Very sturdy carry handle wrapped around metal cord core- Fold-down semi-rigid ""floor"" in middle compartment to create expanded area for extra large loads- Lots of small, well-organized mesh pockets through-out to hold all those little items that end up rolling around in the bottom of most backpacksCONS- It's a little large -- top to bottom, you'll need it for a 15"" monitor. Front to back, because you really have 4 main pockets (I'm used to 3).All of which is to say, someone really thought about this baby. I even think maybe the designer(s) wore it around and used it for awhile (which too often seems like it's not the case with other backpacks that look great on the wall but are a disaster once you try to put them on and use them).So why are you still reading this? Don't hesitate -- buy it!======UPDATED REVIEWSo after living with this for a few weeks, I have some additional thoughts. Mostly on the CON side. I use my backpacks to haul around a lot of stuff, including for my grocery shopping. I'm used to a 3-packet backpack with a large roomy main compartment. That's not this backpack. The main compartment is so narrow it's not going to fit much more than something laptop size. The ""big"" compartment size-wise is the second one (with the little fold-down floor), which is roomy front-to-back but a) not large top-to-bottom or around the edges because it falls well on the backward sloping curve of the the backpack and b) a little awkward because if you fill it up with stuff it places all that weight away from you. I really wish they had offered the fold-down floor option on the main compartment, in case you had a lot of big stuff.",4.754545454545455,44,5805.0,6440.0
B000OW3524,"Nikon VFB10101 EN-EL10 RC Battery for S200, 500, 510, 700","tv, audio & cameras",Camera Accessories,"I was hopeful but not too much after a couple charges.  The first charge lasted 45 days & the second lasted 19 days...  on third charge so I will see how long this one lasts!! I was shipped very fast. I bought 2 to replace the batteries for my Nikon Coolpix S600. The original batteries die after 5 years. I think that's how long they last. Great Product at a Great Price. I shopped around no one could beat this deal. This is an exact replacement for my nikon cool pix camera.  I wanted to be able to carry a spare,  that way I wouldn't have to worry about missing the shot,  cause my battery went dead.  For the price I got this on amazon,  I couldn't go wrong.  Now I have double the power with me all the time. These Nikon batteries do not last very long but they work well when they take a charge.",4.615384615384615,"1,051",1049.0,2100.0
B000P8AUMU,Carson 60X-75X MicroMax LED Lighted Pocket Microscope (MM-200),industrial supplies,Lab & Scientific,"Very powerful pocket magnifier that was well worth the money. A little hard to stay on the subject if its not stationery,but if stationery its fine Does the job very well. Very good item. However. Finding the SG3 batreries is not easy. Ordered them from amazon. Ad stated SG3 batery. Wrong. Cant find them local either. Check the major stores. No luck. Cool toy, cheap and very handy. Normally you'd struggle a lot to see clearly without proper illumination, and this is what makes this toy so cool. As far as microscopes go, this device's top magnification of 100X isn't that high, but that is more than made up by it's versatility: You can look at ANY surface (as opposed to only small, thin and transparent specimens), since the light comes from the front, not the back. So far, I've only looked at stuff around the house (couch surface, desk surface, laptop surface, tablecloth, etc), but I am already satisfied by what I've seen (pun). For only $12, this is a great value, and a fun little gadget to have around the house. It really zooms in on things. However, it's really tough to put it over exactly what I want to look at. It will zoom right down to the nitty-gritty. I drew an ex, on a paper and I had to back it off because the black graphite was so big. . So with some manipulation. I could really zoom in and see something. If you wanted to see scratches on a coin. This would do it. No problem.",3.7387387387387387,"2,800",3077.0,3846.0
B000UE8JWM,Targus TBR003US-72 15.6-inch Rolling Laptop Case (Black),accessories,Bags & Luggage,"One of the foot rests broke off on the second use.  The telescoping handle also jammed and won't pull up.It was only used twice as carry-on luggage, never as checked baggage, so how it fell apart so easily is beyond me.  Sending it back. Very useful for when I go to work, especially when I have to go our Westchester office since I walk with a cane. Makes it much easier to carry paperwork. This is not a quality bag. (Wheels squeak when rolling, material is cheap both inside and out, handle is not sturdy) Need I say more? I use a bag similar to this as a business instructor and was looking for a replacement. Sadly, this is not it. I am sorry that I purchased it. Its everything I wanted. But a couple of problems after 2 months:One of the inside pockets is torn already.The zippers are still working but feel like they are not going to last.The handles are so floppy, that getting this out of the planes overhead, you have to use 2 hands, since the handles have no control over the direction when it comes down. You have to support it so you don't hit anyone when getting it down.On a positive note, the balance is fantastic. With my laptop and other travel junk loaded up, it wheels around with me only guiding it. No lifting or supporting is needed while pulling. It is very well balanced. This bag has everything you would need if you're an on-the-go worker. Nice decent sized wheels. A pouch for your laptop. Room for note pads and books. As well as compartments for office supplies. The price is extremely reasonable compared to other bags.",4.313725490196078,"3,863",3499.0,7699.0
B000UXZQ42,"Logitech H390 Wired On Ear Headset for PC/Laptop, Stereo Headphones with Noise Cancelling Microphone, USB-A, In-Line Contr...","tv, audio & cameras",All Electronics,"Kinda uncomfortable after a while, and the sound isn't the best. Good for portability, although the mute button on the wire is very sensitive and is prone to being accidentally pressed during frantic game playing! i cant complain for the price, sound quality, and the fact that it is usb and great for what i use it for: skype, tinychat, gaming. i recommend it. The headset is technically perfect, but my ears get sore after a while.On the other hand, the mic works wonderfully well:I had a landline conference call the other day and wanted to record it for my boss, who could not attend.Not having any specialized cables for recording the call, I put my landline phone on speakerphone and placed the headset's USB mic close to the phone's speakerphone.I then set my computer's sound input to the Logitech USB headset and recorded the conference call on my Mac using Audio hijack software.Honestly, the sound was every bit as good as the speakerphone's sound when I played the MP3 of the recorded call back on my computer.Definitely scored some points with the boss too! Picked this headset up maybe two weeks ago and have to say they are what I expected. Had these on last night to preview some previous HBO boxing matches and I heard every detail. Iam impressed, dam nice product for the doe. Looks like a keeper.Have purchased several Logitec items over the years. If you just want to say listen to a little music or use for a skype application then I think you will enjoy this headset. If you want something that's over the top then look into spending some big bucks. O by the way the usb connection and cord length is perfect.Gave it only 4 stars cause it was not free.......... I found this to a be a good basic headset with decent sound quality and comfort.",3.838235294117647,"46,635",3995.0,4695.0
B000UZL0YU,SanDisk 8GB Class 4 SDHC Memory Card (SDSDB-008G-B35),"tv, audio & cameras",Camera Accessories,"great product Good Not much you can say about a memory card. It us a card that has memory capabilities, paired with a camera it gives you the ability to freeze moments in time. I bought this to go on a family vacation, the pictures I took and are on this disc make it seem as though we are a happy functional family, which is exactly what I was hoping it could do. I assume this works very well. It was a gift - I bought it for someone for Christmas. It shipped fast and was new. That's about all I can say... This is such a great thing to have I perosonally bought this 8GB SD card for my digital camera and it stores a lot of pictures.",4.720670391061453,"3,527",585.0,1999.0
B000VDCTCI,Nikon AF-S ED Nikkor 14-24mm F/2.8 G Zoom Lens for Nikon DSLR Camera,"tv, audio & cameras",Cameras,"I bought this for my wife.  She's the envy of her group.  She can't get over the sharpness, speed and clarity of her photos.  Makes her a better photographer. This is the dogz bollox when it comes to sharpness, contrast, colour rendition and clarity. Spend the money, don't whine about the weight and be amazed at the pictures you will produce. Its huge but it produces excellent photos. I just love the sharpest I can get from this lens even with a Nikon D80 camera. Its at par or a bit better than the Nikon 17-35mm f2.8. The built quality is very good but it is a speciality lens and so requires a bit of care in handling with the exposed front lens. This was the last lens I needed to complete the Nikkor ""Trinity"" set. I have to say I was hesitant as the limited range on this lens is only 10mm! I was going crazy comparing this to the Nikkor 16-35mm f4 VRII and after reading everything all the reviews on both I decided for ""my"" needs the 14-24mm would better suit my purpose. The 16-35mm was designed for landscape photographers hence the slower f4. The 14-24 is just sharper wide open and faster at f2.8. The lens has a minimum focusing distance of under 11 inches! You can shoot landscapes but you can also get really close and get some cool perspective shots the closer you get the more distortion (in a creative good way) you get!This lens is good for low light, landscapes, portraits, sports, concerts, etc. It's very versatile and very very sharp to me this is the sharpest lens out of the 24-70mm f2.8 and the 70-200mm f2.8. Granted I am using these lenses on a D7000 & D90. I wanted to have purchased all my glass first before jumping into FX (Full Frame). I am waiting for the New Nikon D800 to arrive hopefully by the end of 2011.Then I will be able to truly appreciate the full view of this incredible lens. 14mm on FX is incredibly ultra-wide! On the APS-C (DX) bodies we are limited to a crop of 21mm - 36mm. Some people complain about the weight - it's a solid lens and built to last - it's the lightest of the trinity btw as well.. Granted the weakness of this lens is lens flare and the fact that you will pay dearly to buy the filter rigs that aftermarket companies make ranging from $374-700!!! Lens flare can be controlled by shooting at a different angle though again some people like the lens flare effect.All in All, is it worth the money? YES! It's sooo sharp! If your on the fence and have been considering this lens - I say ""DO IT!"" you only live once. A lot of people buy the cheaper alternatives which are good lenses (Sigma/Tamron) but there are so many Canon Shooters who buy adapters so they can use this lens on their Canon bodies - this speaks volumes! This lens is as sharp if not sharper than a prime lens. Picked up this lens over a month ago and am not sure why I waited so long to get it.  It truly is in a class of its own.  Exceptional sharpness and minimal distortion at 14mm.  If you shoot landscapes this will be your prime lens.  It is also excellent for group portraits. Shooting with this lens at night is more than a joy.  If you purchase this lens, your only regret will be that you didn't do it sooner.",4.746666666666667,495,140450.0,142450.0
B000VOC90Y,Wenger Ibex 17 Inch (23 litres) Blue Laptop Backpack Swiss Designed - 600638,accessories,Bags & Luggage,"I'm a big swiss gear fan and this bag lives up to that reputation. I can pack my bulky laptop with a couple of textbooks, a binder, stationary, lunch bag and my water bottle. Yet, it does NOT run out space, I don't have cram stuff in. And, when I don't have a lot of stuff to carry , the bag compacts very well. The quick access pouch is great. Best of all, it fits greatly on my shoulder. The stabilizing base is great. It has a stylish look. Very well designed and built - it's what I expect from swiss gearGreat backpack !! My wife is about 5'2"", 100 lbs.  She finds it comfortable and stylish.  She has an Acer Timeline X 5820T in a CaseLogic padded sleeve that fits almost perfectly into the backpack's computer compartment.  Only drawback is that when the computer is in its sleeve, the backpack's computer strap won't quite fasten.  We think having the computer double padded (padding in the sleeve and backpack compartment) is worth the loss of the strap's function.  (The strap is designed to keep the laptop from sliding out the top.)The bag does not look oversized on her.  I'm 5'6"" and also find it very comfortable.Overall construction seems great.  The webbed pads on the back seem like they should help a bit in the Florida heat.Have a good semester, all! I went on an adventure. I got horribly lost. It almost took me a full day find my way back home. In the end, I had been inside this backpack the whole time.It's big, but if that's what you're into, I recommend it highly. I picked this up for work. I am a network engineer and travel to a large variety of clients. I have a17"" HP Elitebook and it fits with room to spare. I carry a variety of tools for network testing as well as standard tools. I have cables for almost any task and a variety of hubs and switches.I store a leather portfolio a keyboard and mouse. Some pens and highlighter a deck of cards my Gatorade bottle and a bag of sunflower seeds. All this and I still have room. Granted this is extreme and heavy, which the padding on the arm steps make for a comfortable carry. Would recommend to anyone in the IT field looking for a carry all. So I originally got this backpack back in 2010, when BestBuy made a pricing error and listed the cost as $15 bucks.I instantly fell in love with it.Pros:- LOTS OF SPACE - I mean there is loooots of storage space to store everything securely.- Two nets on the size which is awesome.  Bottle of water in one and umbrella in the other.- COMFORT!  The padding is superior to anything I've used.- Stand Alone - The backpack can stand up by itself--and thats a big plus to me.- Laptop Compartment - Solid compartment with plenty of padding- Hard Plastic Bottom, which means it won't soak in water--you can put it on wet ground and not worry.Cons:- I SUPPOSE the price may be an issue but you get what you pay for!Overall - So I originally got this in January 2012 I believe, and one of the shoulder slings started to rip.  Stared grad school so I thought I'd get a brand new bag.  Paid $63 bucks for it-which I find it worth it!",4.677777777777778,28,6552.0,7280.0
B000VY2BC0,Transcend TS2GCF133 2GB Standard Memory Card,"tv, audio & cameras",Camera Accessories,"I bought this card to use as a replacement for an HD in an old 60GB iPod photo.  Worked perfect, the music is back! the first compact flash card I have ever purchased and it works just fine with my Olympus e-510 and prolly don't ever hafta worry filling the card on a single shoot ever Bought this for my Rebel XTi. It does quite well in burst shooting but you can't go on forever. I've had no problems with any of the pictures taken with this card. If you're thinking this will compete against some of the more extreme CF cards you'll probably be mistaken. But this card will satisfy all but the most demanding photographers. its work smoothly with my car  Mercedes Benz  S class 2010 and i use it dialy and never feel lagging or heat up just a little so a little slow wen start and change music fast These are pretty good, if you are still using Compact Flash cards, which I am. I only encountered one problem. I believe I got about 8 of these, and one of the cards isn't readable nor usable anymore. However, these cards were taken out of the camera at least a thousand times, therefore these are pretty durable.Thanks,Alex Oshry Photography inc",4.4,"7,713",1600.0,2050.0
B000XO2S9Y,Generic Replacement Sony NP-BG1-Equivalent Lithium Ion Camera Battery For Sony DSC,"tv, audio & cameras",Camera Accessories,"Barely held a charge from the get-go.  It's not a real Sony battery, rather a knock-off of very poor quality.  It's cheap for a reason.  So many good photo ops ruined thanks to this joke of a battery.  Don't waste your money. I have three other batteries exactly like this one that work fine. This one arrived dead, and would not accept a charge of any kind, I ordered two of them and one was not working the second one drained out after taking one picture with flash...save your money and time and buy a real one. The battery has worked well in my camera. Hold's its charge and does a good job. Would purchase this battery again.  Good shipping and good service. Well its a rechargeable batteryIt works as a back up and very well I might addMakes life easier on long trips",4.287671232876712,"1,215",1540.0,1800.0
B000XYN5RS,Mini USB-Powered Fridge Cooler for Beverage Drink Cans in Cubicle and Home office (Red),appliances,Refrigerators,"I was hoping this would cool down drinks in my office, even if it took a day that would have been ok with me. I left a Dr. Pepper can in this for a straight 24 hours and it didn't get nearly as cold as dropping it in the fridge for 4 hours... I guess it keeps them cool, I don't think I had a problem with that, it was just actually cooling down drinks, it didn't do a very good job. I bought this EXACT fridge on ebay and returned it because it is a very tight fit for the can which makes getting a can in and out of it very awkward and it also barely keeps a can of soda above warm. There is no point in buying something that barely works. The mini USB fridge is a neat Idea, it just does not work in practice.  You plug into a USB port, it leaches power to run a fan on a heat sink, and does indeed cool the plate in the bottom of the fridge. The way cans are designed though, it doesn't make enough contact to transfer the heat.It may keep an already cold drink cool, especially if the container is flat bottomed and makes good contact with the cooling plate.I'll keep mine, might be an interesting hack project for something else, and it looks cool. If you spend any time sitting in front of a computer, the idea of USB powered mini fridge probably has some appeal to you, especially if you are far from a regular refrigerator and a plug-in-the-wallMini Fridgeis for some reason not an option for you.  No doubt the thirst-suffering keyboard-slave inventors of this little item thought they had an instant winner on their hands, but they were done in by cheap materials and science.The science problem is worth dwelling upon; the sad truth is that hot plates will ALWAYS work MUCH better than cooling plates for a reason in addition to the fact that hot plates can make use of the waste heat from electrical resistance (either directly or as a byproduct of the Peltier effect) while cooling plates must dissipate it:convection.Hotter fluids rise and colder fluids fall, thus a container of any liquid placed upon a hot plate will quickly become uniformly heated while a similar container of liquid placed upon a cooling plate will get as cold as it is ever going to get at the bottom while the upper layers won't cool much at all.  That's why the instructions for this item say to use 8 ounce soda pop cans even though the product was obviously originally designed for 12 ounce soda pop cans; doing so removes what will always be the warmest 1/3rd of a 12 ounce soda pop can.It is no accident in my opinion that later (?) models of this productPortable USB Cooler and Warmer 2-in-1come with a switch so it can be used as a hot plate as well, which function can at least be presumed to work.There ARE ways to fight this, but doing so would require spending more on materials.  aries2110, one of the top reviewers of this version of the product shows what might have been by installing a stronger fan (for dissipating waste heat) and taping some insulation to the inside, reporting a significant increase in cooling.  The less handy can try setting it in front of a desk fan and putting acan insulatorupside down on the can.  I also noted some additional cooling but nothing approaching ""refrigerator cold"".Basically, about all it is good for IMHO is SLOWING the warming up of a previously refrigerated can of soda pop more than just setting it on your desk will.  I picked mine up on clearance, and I suggest you do the same,...if you even want to bother with it. Get real. It is a plastic fridge and designed to chill one 12 ounce can. It isn't going to freeze it, or ice it or get it really really cold.  It will help keep a chilled can chilled.According to the instructions it may not work properly with a USB Hub or docking station. It has a three position switch. One position turns on a light inside and gets the inside warm. (This is not in the instructions.) The center position is neutral and does nothing (off). The other position starts the cooling process. You can feel air flowing out of the bottom.The door has a magnet to keep it shut, and it is quiet. I suspect this will be a favorite computer accessory of mine.How well does it work? I put in a thermometer. In one hour the thermometer went from 78 degrees to 75 degrees.It will help keep a chilled can chilled,It is not insulated.",2.6666666666666665,,0.0,0.0
B000YIWR8G,Lowepro Fastpack 350 Backpack (Black),"tv, audio & cameras",Camera Accessories,"after a recent trip i came to the conclusion that i NEEDED a new way to travel with my goodies.previously i was dragging around two separate bags. one with all my camera's and lens' a couple batteries /sd cardsand another bag with my iPad mini, computer, battery chargers, portable hard drive etc. after walking through airports with mycomputer bag on my back, camera bag on my shoulder and dragging both my luggage and my wives luggage the search began.i researched for about 2 weeks. reading reviews and watching videos on camera bags. (my wife thought i was nuts for watching videos on BAGS)anyways at the end of my research i chose this backpack and boy am i glad i did. it is perfect. exactly what i wanted and needed.for anyone looking for more examples of what can fit.i have : my fuji xe-1 with 35mm in the t shaped camera slot.to one side i have the fuji 18-55  and the 55-200the other side i have my fuji x10 in a slot and my x100 in the otherwide angle in the middle slot ahead of the camerathe padding is safe and secure and i have no worries about carrying my camera gear.there is a spot for everything. i personally have my batteries in the flap that covers the camera compartmentup top i keep my external hard drive, car adapter for chargers. and three fuji chargers along with my iPad miniand of course my laptop in the laptop sleeve. my macbook pro 13inch fits great. i also put some documents in a folder and put them with my laptop. they have stayed nice without creases or rips in there.i have not stuffed the top full or have needed to use the other compartment on the top/front.all in all i love this bag. its roomy. easy to carry and makes carrying all of my stuff A LOT easier. i would recommend this bag to any of my friends or anyone asking if it is worth it. even my wife has to agree that its a nice bag and that watching video reviews was worth it. AS A ON THE GO PHOTOGRAPHER I FIND THIS PRODUCT VERY VERY COMFORTABLE AND CONVENIENT. IT FEELS QUITE DURABLE AND IT ALLOWS ME TO TAKE MY GEAR WITH EASE...............THE ONLY THING LACKING IS A WATER PROOF COVER Delivered by Prime, on time!  Great bag, exceeded expectations with quality and the amount of room in the camera section and top open storage area.  Could have went cheap and take a chance, glad I went with the Fastpack 350!  Highly recommend! Great backpack, holds Nikon D90 w/battery pack, 18-105 mm 70-300mm, 35mm, radio scanner, GPS, nikon coolpicks aw100, 15.3"" laptop, extra batteries, cables, chargers,manuals, cleaning gear,and monopod W/ballhead & quick release under flap straps.Comfortable shoulder straps with waist band which really saves your back even with all this stuff!! I bought this bag to fit my new Sony A850 +grip + Flash  + 24-70 2.8 Zeiss and the Sony 70-400 4-5.6 .With the 70-400 mounted the camera fits into the bag but there is not really any good space for the other lens (it can be crammed in there but I would avoid any shocks in that setting)If the 24-70 is mounted there is no way to arrange the compartments to fit the 70-400 in there.The laptop compartment, top pocket have a lot of space and I won't be lacking any space in these parts.There are many useful compartments for SD cards, batter, cable, ....I have decided to keep the Bag despite the size it was the only one I saw that came close to what I wanted. The side loader is great and works just fine. Be careful to always close to top compartment. I was fitting my lenses and with the weight of the camera the whole stuff almost dropped to the floor.I will store the 70-400 in either the laptop pocked or top compartment depending on what I pack for the dayPadding and Straps are top quality and should allow for a comfortable backpack. Probably on the hot side in the summer.To swap the lenses on the go I will attack my large lens case to the belt strap of the backpack to carry it all day and allow for easy exchange",4.435483870967742,"1,680",5999.0,7250.0
B0011UB9CQ,beyerdynamic DT 990 PRO Over-Ear Wired Studio Headphones (Black),"tv, audio & cameras",Headphones,"This is the first pair of open backed headphones I have bought. I like the sound, strong bass but not muddy at all. Mids are clear and highs aren't harsh. They are well built, large and super comfy, I can wear them for hours. I have a big head and they fit just fine. They definitely sound bigger when run through a decent headphone amp. My only complaint is the shortish coiled cord, but it's not a big deal. Completely unbalanced fake bass overpowering mids and the highs feel like beyerdymanics put in a tiny leprechaun in each pair that scratches his nails on a tiny chalkboard inside the headphones.$380 dollars for these? Please... I would rather buy garbage Beats By Dre headphones because at least they lack the torture of the highs.Throw these worthless overpriced JUNK in the garbage and get the Sennheiser HD380 Pro for only $150-$200 max. You can get them on sale.Durability for the DT990 is also a JOKE. German-made? My ***! I'm sure there are a ton of indepth reviews on these headphones and the sound quality etc so I will move past all that.  They sound great.The main reason I picked these specifically was because they are open and transparent.  I like to use headphones at my desk, but I was not hearing my phone and people walking up behind me etc with my on ear Vmodas.  These are super comfortable for extended use, I wear them 5-6 hours a day.  I forget they are on.  They dont make your ears hot like some other HP's i have.  With no music on, they sounds like you have nothing on.  They block no sound at all, which for my use was exactly what I wanted.The only draw back is they leak sound pretty bad, so people around you can hear what you are listening too.  I offended a co-worker pretty bad listening to howard stern last week. I have had the 990's for almost 15 years now and they have held up very well.  The only change in design I can see is the ones I bought all those years ago had black cushions instead of the current grey.  I listen to these straight from the headphone jack of a Revox B-226 Signature CD player, which at $1600 probably has an above average quality headphone jack for a home CD player.......but it drives them fine.  I have not tried them on a portable.They have held up very well though the head-cushion padding is falling apart.  Still.......they have held up well and still sound great.  About a year after I bought them, I upgraded to the Grado HP-2 headphone for $495.  At first I did not like the Grado's as well, but after I gave them time to burn in, I felt the more expensive Grado's had better overall and accurate sound.But for as little as $160 now, these BeyerDynamics are a great buy.  I would also advise people (who live in an area large enough to have electronic store that carry high end headphones) to audition the competition from Grado and Sennheiser for similar prices.One warning...if these are out of your price range be careful about buying some of the cheaper Beyers.  I have heard some of these and they DON'T measure up to the 990's or the competition under $100.  If you have under $100 to spend, I recommend the Grado SR-60's ($69) or the Grado SR-80's ($95). I think these are the best gaming headphones on the market. As long as you don't mind the open air quality to them, they give excellent quality sound. I have them paired with a receiver that has Silent Cinema headphone programming, and the sound is simply amazing.",4.380952380952381,"13,344",11990.0,14388.0
B0012YXF1O,Celestron 18778 AC Adapter (Black),"tv, audio & cameras",Cameras,"The Celestron takes 8 AA batteries, and they last about 30-60 minutes, and then the thing is useless, jumpy, erratic, not tracking etc.This is easy to plug in and forget about all that. I can plug it into an inverter when I'm on the beach (in the Jeep) If I am at a campsite I have a DC battery that I can plug an inverter in and get 5-6 hours of use. (Heavy, but way nicer than changing batteries every 30 min.)The Good: I use it the most on our roof deck. Plug in and watch the sky. No more deck parties where you run out of batteries. No more kids crying because the telescope went down before they got to see Saturn or the moon.The Bad: Nada, Zilch, Zippo. It's that easy.Verdict: In short, it makes my life much easier, it's better on the environment (I have an entire drawer of dead little batteries), and isn't that the point? As stated before in an earlier review, the plug does not sit right, it is too lose and falls right out. you need this!!! it saves on batteries and its so useful, just plug it into an extention cord and check otu the stars! This is a very nice and useful product if you own a celestron telescope it keep  you from using the batteries up I was using up batteries like it was my job when just using the telescope in my backyard. Now I just have to run an extension cord to it and not worry about a thing.",4.423076923076923,"1,755",3759.0,4999.0
B0013CDZDI,"Home Audio Power Amplifier System - 2X40W Mini Dual Channel Mixer Sound Stereo Receiver Box w/ AUX, Mic Input - For Amplif...","tv, audio & cameras",Home Audio & Theater,"Using this as a remote amp and it works as advertised. No problems at all! Have it hooked to 6 speakers with reasonable sound. I ordered this to power up my old sony speakers that were lying around. This amplifier along with the sony speaker sounds awesonme. I also have a Bose soundwave. I like this better than bose. Bose has excellent bass, however it sounds a bit artificial with so much bass. This amplifier and speaker produces natural sound with a perfect balance of bass, treble and midrange. The amp was not as loud as I hoped it would be.  Connected to the audio out of my TV it needs to be cranked to 3/4 volume to be heard over the TV's internal speakers. I have it connected to a pair of Bose 161 speakers. And about half volume there is a noticeable hum during quiet moments. The unit itself also has a hum you can feel when touching it (vibration). I wanted a inexpensive Amp to power some outdoor speakers on our deck.  I am able to hook up our TV and stream Pandora through this device to drive the outdoor speakers.Not high quality sound, but neither are the speakers.  Does the job.  A remote might have been a nice option? Purchased this amplifier to drive a multi platform PC and gaming system, and it has worked flawlessly in that role for several years.  This is not the most powerful or feature filled amplifier on the market, but it will fill the void between computer speakers and a full blown 200 watt home entertainment system.  The controls are all manual so don't expect a lot of gadgetry.  This is a small footprint solution which can cross out the lower wattage PC and TV speakers and provide you with the power to push a system with enough punch to match any very powerful car stereo.  I use it with a Bose base cabinet and two satellite speakers, it provides me with three device selections (more if you use a TV selector box)  and its small enough to fit in a tight space on the desk or on a shelf.You can even use this amplifier as a small PA, fitting it under a podium and plugging it into a 1/4 in microphone cord and a one or a pair of speakers.",4.262295081967213,"1,050",12770.0,15794.0
B0013Z42AK,Celestron AstroMaster 130 EQ Motor Drive Telescope (Grey),"tv, audio & cameras",Cameras,"Great telescope.  My previous telescope was the astromaster 114eq and this telescope, the 130eq is waaay better. the stars are so much clearer and planets look great. Definitely worth the extra 100 dollars for the inch larger aperture. First let me say that if you are looking at the 127EQ Powerseeker or the 130EQ Astromaster. BUY THE 130EQ!  The mount is 1000 fold better on this scope and the fact that it is a TRUE newtonian and not a bird-jones style scope like the 127EQ that &#34;cheats&#34; the optics capabilities by magnifying them makes it hands down better for clear viewing.I had the 127EQ and found out the hard way what a frustration it was trying to understand why I couldnt see things at all really with it.  It was defective and I switched it out for this one.Quality is at least 2X better on this than the 127EQ.  My son and I spied Jupiter the night it came in and were thrilled.Don't expect HUGE planets in the viewfinder (other than the moon) or super fine details.  That comes with a bigger monetary investment. Pros:* Once it's set up, it produces some nice imagery.  The views are relatively clear.* If you set up the red dot finder correctly (YouTube it), you can find pretty much any major star you could see easily with the naked eye.  Don't expect anything more, though.* Price -- If you're using this review to determine whether to purchase one, understand:  You get what you pay for.  The value you get with the imagery for this price range is hard to beat.  Period.  Please understand that before you read the cons.Cons:* The tripod is shaky.  I rate it a 3/10.  It's not stable at all, and even with shock absorbers on the feet, you basically have to use this scope hands-off or it's unusable.* EQ mount.  To be fair, it's a true EQ mount.  However, the engineering quality on the mount is poor.  If you want to aim it, you have to manually point it in the right direction.  To fine tune it, you can use the RA fine-adjustment knob, but the other knob only works with limited travel.  I haven't had a chance to study it and figure out where the bind is, but there's simply too much play to make it useful.  I rate it 2/10.*  The motor.  The motor's mounting location severely restricts how you can turn the scope.  Plus, when you have the motor on, you can't use the fine adjustment knob, rendering the ability to fine tune the sighting so the motor can do it's thing useless.Final thoughts:*  If you're not imaging, don't get this model.  Get the regular AstroMaster 130EQ.  It's a great scope, but the motor is not good on this mount / tripod setup.* If you ARE imaging, don't do like I did and get the camera adapter and think you can just go and take great pictures.  It's impossible for this stand/mount to balance a SLR.  The mount is too unstable / low quality to hand-hold.  Go with a lightweight camera -- either amscope or celstron, or get a webcam adapter.* You'll have to fine-tune the red-dot to use it.  It took me several sessions before I figured out how to set it properly, and even then, it was more luck than skill.*  To really get the most out of this scope, you'll need to buy some better optics.  I bought a Barlow 3x and love it.  Celestron has some accessory kits, so do some research.  If you're really worried about the $$ of upgrading the optics, I think you'd have a hard time buying a reflector scope out of the box that's any better without spending $500.  For this price range, it's a decent starter scope.  My wife and I like it. this is great for amatuer star gazers and anyone that has previous knowledge from other scopes. great view and even better price. i like it alot Finderscope is so terrible and unusable that the entire telescope can be used only by randomly looking around.  At least it was (relatively) cheap.  I suppose buying more eye pieces would make finding objects easier, but I didn't expect to have to do that right away in order for the product to be usable.",4.0,"4,732",30990.0,38999.0
B0014YZH9A,2 PACK 2000mAh Battery for Canon BP-511A BP-511 BP511 [Camera],"tv, audio & cameras",Camera Accessories,"This is a great buy & they are working well for me.  Saved some money! I haven't had one give me any trouble! I bought these two replacement batteries for my wife's Canon 50D's battery grip (which I also reviewed on Amazon).  So far, it's been working great and holds a charge for a very long time.  I charged it once so far and it's been about a month with some shooting and it's still showing full.  Interesting, it's either lying or just a great battery.  I think it's the latter.  Anyway, for something like $6 per battery, it's a bargain.I would recommend this battery to anyone looking for some spares to keep handy. I have a old first generation DSLR canon 300D which is still working very well except the battery was dying.  Guess what, I purchased eforcity battery for this camera before from somewhere else. That was a huge disappointment. It just didn't charge at all. At the risk of being fooled twice, I order these batteries. They turned out to be a big surprise. I've been using the first one for a year. It holds the charge for a long time if I don't use the camera for a while. The volume allows me to shoot as many pictures I want to without warning of low battery. I haven't even tried to use the second one. It's a battery.  It works.  No space science there.I bought these to replace the original about 5-year old 1100mAh Canon BP-511 battery that started to show signs of age.  Old Canon's battery capacity decreased to the point where fully charged and with EF 100-400L IS lens fitted on camera, it wouldn't last till the end of my son's 30-minute soccer class.These new batteries seem to be able to power my camera and a battery thirsty lens for a very long time.  So, I'm happy.Mine were shipped by bargaincell.com.  As some reviewers already noticed, capacity is not printed on the batteries.  Which is strange and unusual.  I actually got batteries in two separate boxes (not one box with two batteries).  Each box had SKU CAMCAN001 printed on it.  Google search finds the page on the sellers web site that lists battery capacity as ""only"" 1600mAh.Whatever the true capacity of these batteries are, they are still a great deal, and I'm definitely going to keep mine (I read reviews that challenged if these are truly 2000mAh before buying, so I knew what I going into).  Unless you absolutely must have 2000mAh battery (currently selling for around $25), buy these and don't think twice.  $7.34 for two is an incredible price.  On the seller's own website, they sell single of these for $8.49!  So grab two-pack on Amazon for the price of single battery while they still offer this deal.The only complaint I have is that they do not come with plastic lid that protects contacts when battery is not in the camera.  Luckily, my camera bag has handy compartments for batteries, so I don't really need those plastic lids (and I have one plastic lid that came with Canon's battery too).The only reason for taking off two star is uncertainty what the true capacity of these batteries is.  It's a really bad move on the manufacturer's and seller's part (taking one star off for each).  Other than that, they work perfectly fine. What else is there to say?  I somehow received a pair of 2200mAh batteries rather than 2000mAh batteries.  They work fine, the voltage was good when I got them, and they seem to hold a charge just fine.EDIT 12/29/2012:  Both batteries died quick deaths.  One lasted about 3 months, the other made it around a year.  I'd forgotten to update this entry until I stumbled across it just now.",3.977777777777778,299,0.0,4572.0
B0016JA37Y,Lowepro Nova 180 AW Camera Bag (Black),accessories,Bags & Luggage,"good but not perfect. Great product! I Already had a Lowepro (top loader zoom), but with vertical grip my camera didn't fit anymore, at first the bag seems a little too compact, but actually works great.I have a Canon 60D with 18-135 lens attached, facing lens down in the bag. Vertical grip attached too. The charger in there, a sun cap and a bunch of small accessories. There is still room for the flash and two lenses that will come at some point.The two things I think are missing are a hard plastic bottom (it is probably fine, but doesn't make me entirely comfortable with my lens facing down), and even though there are plenty of inside dividers, I thing there are two sideway shapes missing, as well as Velcro on the side of a couple of the big ones. It took me a great deal of research to determine which camera bag would fulfill my needs.  I am a neophyte in the DSLR with a new camera for Christmas.  Prior to this I have been a point-and-shoot guy Nikon Coolpix 7900.  Got on the Lowepro website and used their bag suggestion search option.  Then back to Amazon armed with the information I needed.  The bag appears to be well made and I look forward to adding a few accessories to fill it up properly.  The padding seems sufficient and flexibility within the main compartment.  The water resistant cover and band across the back to fit on drag around suitcase are great extras. Bag doesn't look too big but you can fit a lot of gear in there. Holds crop sensor body, flash, two lenses and accessories like chargers for flash and body batteries, memory cards etc.Rain cover is nice but I never really used it so far.not sure if it will protect if it rains. I guess you need to carry plastic bag with you to be safe. I looked and researched so many camera bags for my Nikon D5100 before finally choosing this one.  I'm a newbie to SLR photography, so I haven't had a ton of experience with camera bags.  I am female though, so I've had a ton of experience shopping for handbags.  That sort of counts, right?A BAG TO GROW INTO: At any rate, I wanted my first bag to be fairly ""comprehensive.""  I wanted it to be big enough to fit my current gear (Nikon D5100 with the kit lens and Nikon 55-300mm f/4.5-5.6G ED VR AF-S DX) AND future gear (Nikon SB-700 AF Speedlight Flash and Nikon 35mm f/1.8G AF-S DX Lens.)  So I wanted a bag that would carry the camera, 3 lenses and a flash plus all the other accessories like spare batteries, etc.POUCHES!!: There are two memory card pouches on the interior of the lid as well as a larger zippered compartment where you could store flat things like lens caps.  There's also a front zippered pouch (bottom half) to stuff with other things like cleaning accessories, cables, etc.  The front of this pouch will feel ""poofy,"" because that's where the All Weather Cover is stored - access that from another zipper along the bottom edge of the pouch. There is another front zippered compartment (top half on the flap) that would be suitable for less bulky items.  The pouches on each side are also made of a somewhat stretchier mesh material with some elastic banding along the top to keep things from falling out.  The zippered compartment on the back is really more suitable for papers or anything thin.  Overall most of these pouches don't really expand a whole lot, so don't really expect to be stuffing anything super bulky in them.  The side pouches will hold bottles of water though.ZIPPERS & TOP COVER: I also wanted a bag that was secured with zippers (YKK), so that nothing falls out.  I especially like how the top is designed with the flaps that hang over the top edge as well - kind of like how the top of a shoe box fits over the bottom half.  The design (along with the All Weather Cover) reduces the chances of water or debris entering the bag.  There is also a plastic buckle that secures each half of the bag.  Of course this does make it more time-consuming to get into the bag, but that was not a concern for me with this bag.  ***I do wish the top cover opened the opposite way - away from the body instead of toward.  That would make it slightly easier to access the interior while wearing the bag, although you can just wear it with the front facing towards you.QUALITY: The bag is sturdy nylon with strong stitching.  Its not double-stitched all around but at the key points of weakness (top handle, side clips for the shoulder strap, etc.)  The padding seems adequate.  The interior divider padding is about 1/4"" thick and the exterior padding is about 1/2"" thick.  The interior is also lined in a light grey that makes it easier to find things within the bag.  The Velcro has a strong ""stick"" and there's enough of it for greater flexibility in configuring it.  I wanted a quality bag, and I'm not disappointed.  ***I do wish that the bottom of the bag had the water-proof EVA base like the Case Logic SLR bags have for extra protection.COMFORT & CONVENIENCE: The bag is fairly boxy and bulky.  This is definitely not a small bag, and I thought it might be a bit uncomfortable to wear, but its actually pretty comfortable even when loaded due to the nice wide strap (1.5"") and shoulder pad with the non-slip backing.  The shoulder strap extends up to 55"" which gives about a 27.5"" shoulder drop which is pretty substantial.  If you prefer the top handle, its thick and cushy with a comfortably soft fabric on the underside.  There's also a flap on the backside of the bag for sliding onto extended luggage handles for easier transport.  Sweet!OVERALL: I really love this bag.  Its got a few features that might not make it super-easily accessible, but I wanted more of a ""tanky and secure"" nylon bag which could carry most of my gear comfortably.  I didn't really buy this bag for ""out-on-the-town-and-shooting"" - I bought theLowepro Passport Sling Camera Bag-Micafor that.  This bag though is great for when you want to bring more of your arsenal with you and keep said arsenal protected.  I do really wish it had the EVA-clad base and the top flap opening away from the wearer, but we can always hope for the future.  Sorry for the mini-novel, but I hope this helps some prospective buyer out there.",4.3125,507,3555.0,7000.0
B00176F2RC,MicroSDHC to to Memory Stick Pro Duo (Bulk Static Package),"tv, audio & cameras",Camera Accessories,I used this with a SanDisk 32 GB Mobile microSDHC Flash Memory Card (also purchased from Amazon) and it works fine in my Sony digital camcorder. It didn't work with my 16GB micro SDHC card in my Sony HDR CX100 Camcorder. I even tried formatting the card. Is there something I overlooked? This microSDHC reader was certainly a much needed purchase. It allows me to use the microSDHC on the Sony camera as well as a storage device for the computer. The delivery was fast too. It's working but it starting to come apart at the seams. If you are careful and don't handle it much your fine. I wouldn't use this in a scenario where I was pulling and placing the memory card often. What is there to say about a Micro SD to Memory Stick Pro Duo adapter that works exactly as advertised? Not much. The plastic feels sturdier than my legitimate MS Pro Duo cards and it's a great way to get the most out of my PSP.,4.269230769230769,"1,092",449.0,999.0
B0017T7GOG,"Wasabi Power Battery for Panasonic CGA-S007, CGA-S007A, CGA-S007A/1B, CGA-S007E, DMW-BCD10 and Panasonic Lumix DMC-TZ1, DM...","tv, audio & cameras",Camera Accessories,"I ordered this battery as a backup battery for my camera. When the battery arrived it was the wrong battery. Wrong size (in all three dimensions) and wrong number of contact pins. Soooo, I wrote to the seller. The next day they responded, apologized, explained it was a subcontractor that had sent it out. They were discontinuing the product and gave me a FULL refund including shipping charges. A few days later, the VP of sales followed up and offered to give me a $10 gift coupon to make it up to me.I order a lot of stuff from many different companys. It's always best to get what you ordered, but stuff happens and your order is not always right. It's then that you find out the true nature of a vendor. These folks are amoung the very best I have dealt with. I would definately order from them again. I needed an extra battery for my Panasonic Lumix TZ4 so that I always have one charged when I am traveling.  This one works just fine. I seem to get about the same number of photos with this battery as the original one that came with the camera.  What more can you ask for.  I've used it for a few months now without any problem.  We will have to see how it holds up. I searched quite a bit before choosing this battery as a spare for my TZ5. I was going on a week long trip and camping at my destination for 5 days. I was unsure of recharging opportunities and wanted as spare. I have had it for almost 5 months now and it has worked fine. I don't use the camera continuously enough to compare the performance to the original battery, but it has worked flawlessly for me. I only gave 4 stars because I found an even better - read cheaper - deal, but, I am less certain of the those battery's future. This one seems to take and hold, a charge better than the cheapies. Recommended. I know when I was looking for a spare I was a bit hesitant to buy on Amazon because there were no reviews and I didn't want to end up with a dodgy battery.Well I end up buying this one and it worked fine. Obviously didn't hold as much juice as my Panasonic brand that came with the camera, but it also costs a lot less than the brand replacement.I recommend this as a simple spare to carry around.",4.2,62,2641.0,4225.6
B0018LQVIA,Manfrotto 035RL Super Clamp with 2908 Standard Stud - Replaces 2900 - Black,"tv, audio & cameras",Camera Accessories,"Manfrotto knows how to make a clamp.  A huge over-kill but you can trust whatever you mount on this won't go crashing to the floor.  I do wish they had made a double end 3/8 and 1/4 stud instead of just the 3/8.  Now I have to get an adapter.I'm using it to hold my iPad to a 12' light stand that I converted to a 12' high tripod for taking aerial shots over people's heads and to eliminate bushes and other obstacles that may get in my way.  It offers a unique perspective. This thing is the gold standard for super-stable photography clamps.  It will clamp down with enough force to crush walnuts without causing you to worry you're going to break it by applying too much force.  The v-shaped insert is an especially nice touch for clamping to boards/tables and the like.  I never go on a location shoot without one.The downsides:  It's rather heavy, it doesn't provide any articulation once clamped, and it's a bit on the pricy side (though totally worth it). Love it. Immediately bought more once I had a chance to put the first one through about two dozen different uses! built like a tank and flexible enough for all sorts of applications. USed it with a ball head manfrotto rigged in my manfrotto BAC 1004 strobe tripod to place my hasselblad camera, that way you get a camera tripod and stand in the same light stand. As happens with all Manfrotto products, I'm very happy with the quality of this product!Heavy duty but gentle with your tripod.",4.879310344827586,934,0.0,9000.0
B0018QNYVM,Polk Audio OWM3 100 Watt 2.0 Channel On-Wall Speaker (Black),"tv, audio & cameras",Speakers,"Nice set of rear speakers for surround sound system. Just as advertised. The sound quality, size and ability to mount on wall without any brackets is great. I bought a pair of these OWM3s to use as rear speakers for my 5.1 system.  They were recommended by a local supplier to go with my Polk OWM5 front speakers, and they work great together.  Aesthetically I would have preferred rear in-wall ceiling speakers but in white and the relatively smallish size, these OWN3s don't look bad. Amazon gave the best price for these speakers among the suppliers that I reviewed. I have a 7.1 sound system so I am using these speakers for the back channel. For that purpose they are excellent. I can't vouch for how they would sound as front speakers. They appear to be well made and have a nice heft to them. They are inexpensive but not cheaply made. I bought the white speakers and that color is actually ever-so-slightly off-white which I find attractive. It is not a brilliant white like a sheet of copy paper.I mounted these in the corner of the back and side wall. The mounting template is frustrating as it does not accurately give the distance from the corner to fastener location. Once you get the first hole in the right place you can place the second hole using the template. At least it does give the correct distance between the fasteners. I have never seen a speaker with so many options for mounting. If you have shelves at the right height, you can just attach the little weighted stands to the speakers an they stand up nicely.Note that one of the mounting positions shown in the Amazon photos requires a swivel stand that is not included.The instruction manual is nicely printed but all the different languages it supports are interspersed with the English making it very difficult and annoying to read through. The first half of the manual is taken up with warnings and cautions. I guess there is  always somebody who will find a way to cause damage with a tiny speaker like this but I'm pretty sure the world has gone crazy. I would prefer each language had its own section as I just feel like throwing this thing at the wall every time I try to learn about the product I bought. Read one sentence in English and the adjoining sentence is in French or Norwegian and so forth. I won't downgrade the score for this, since at least they did provide instructions. I bought (2) pair of these to act as surrounds and back surrounds for a 7.1 system in a room with very limmited options for proper mounting.  I found using Omnimount10 brackets did the trick.  Overall system is Polk Monitor70s up front, JBL sub, JBL front high Studio Series, a Polk Center, etc.  These OWM3s are inexpensive and sound as good as some costing twice as much.  For the price, these look and sound well above average. Great sound, great size. I use them for rear surround sound on the home theater system and they do the job well",4.490909090909091,797,20400.0,21000.0
B00192GS04,Bushnell 10 x 42 Powerview Roof Prism Binocular,"tv, audio & cameras",Cameras,"Nice for the price but there is a little bit of haze on the edges. Nothing major though and they're great lens quality for a budget conscious purchase. I bought these for a trip to Cape Cod and Canada and have also used them for horse races at Churchill and they worked perfectly. Great purchase! Great price, good quality binoculars, plus warranty.I think that pretty much sums these up.  They don't fog up too much and don't have the best quality lenses in low light conditions (break of dawn hunting and twilight hunting).  But for the average user these are just fine, because you're not spending $200+ on some binoculars you're barely going to use anyway! These were purchased as a gift.  I have a set of 10 X 42 Bushnells that are a step up from these and they are far superior in image quality and clarity.  This Powerviews are average at best.  Recommend spending the extra $ on something a little nicer. i am surrounded by friends who are lusting after $2500 10 X 42 swaro binos.  these are $60 10 X 42.  i will admit, they are a bit heavy, but for a $2440 savings, i can live with a bit heavy.  i have plenty of experience with bushnell products and i have never been let down by their product.  granted, the pricier models have caught my eye, and given the opportunity and financial freedom, i would probably choose the more expensive, waterproof model.  but at my present situation and need, these will do the job for and probably last long enough for my kids to slog through the rain, snow and dirty campsites with them.update:  i noticed when i got to the wide-open pine tree forests while elk hunting that these have the distorted halo around the edges, denoting inferior lens grinding quality.  my $120 bushnell binos smoked these ones in a side by side comparison.  but if you only have $60 to spend, they will do what you need them too.  you can also thread the top lens caps onto the strap.  since the bottoms are permanently attached, these make a good pair to hang around your neck while you are slinging mud on the wheeler or walking through a nasty snow/rainstorm. I bought these for my 10 year old son.  I spent way too long researching binoculars, but after a while these seemed the best value for the price (as I did not want to spend too much, in that he might break them early on).  When I received them I was a little surprised at how heavy and large they were.  For some reason I had the misconception that they were going to be compact, but they should be fine with the strap and case.",4.0,730,0.0,9924.0
B0019SSSMY,Microware EASYCAP USB 2.0 Audio Video Capture Adapter TV VHS DVD,"tv, audio & cameras",Home Entertainment Systems,"It works.  Not user friendly at all though. I used these adapters to copy some VHS home movies and worked well.  You are not going to get DVD quality from these but they are easy to use and worth the money. hard to understand and to transfer difficuct to set up and picture comes out bad set up is not as accured as described Even a techie like me couldn't figure this thing out.  Installation was pretty simple and the item was cheaply priced, and now I see why.  You have to buy splitters or an S-video cord separately, the software is old and questionable.  It doesn't really assist you much in using the device.  It seems like you have to find tutorial videos online and many of those are not very helpful.  Basically, I'm saying that this item does not work for everybody.  So far, it's been a waste of money and effort.  I'll try it again one day, and if I have any luck with it I'll edit this review, but until then I will remain skeptical. Attempted to install this on three machines, running XPPro, WinVista, Win7x64. Crashes every system it touches as soon as I attempt to use the ""OEM Device"" to capture. Device Manager says ""Cannot Start Device"" even if I load the drivers from the CD or from the honestech.com support pages.Could not register honestech VHS to DVD 2.0SE software online. Invalid SN.Get what you pay for. :/""There's no such thing as a fool-proof system. Someone will make a better fool tomorrow.""BenJi@Earth.Sol",2.8735632183908044,17,999.0,2499.0
B001CXXDBM,PYLE PLMR24 3.5-Inch 200 Watt 3-Way Weather Proof Mini Box Speaker System (White),"tv, audio & cameras",Speakers,"I wanted something I could trash in my old jeep and these seemed perfect.  I had be be immaginative to get them mounted, but they have worked great since then.  I can hear my radio even with the top off the jeep.  They don't produce great sound, but what do you expect for this price.  I just want them to be loud enough to hear over the road noises.  The fact that they are water proof is a big bonus.  I sometimes get a little rain when the top is off the jeep and I don't have to worry about them getting a little wet.  They are fragile, so when you put them in be careful (I broke one, had to tear it appart and re-assemble) and make sure the are in a safe spot.  Should work fine if you do that. Just needed something on the boat to add some highs to 6.5 speakers already mounted on the sides of center console. These work great for that. Mounted these facing the pilot and got what I wanted, can hear the stereo under way now. They're cheap and do the job, would have been nice if hardware was stainless, but what do ya want at these prices. I would recommend them. i install this speaker on a jet boat on the close bow ant they sound great and they bracket like they say suck but for the price they do the work These Pyle speakers are decent and decent sounding in my yard. However I do have 1 complaint and that is the grill and screws rusted very very quickly and will need to be painted this spring. The price is right and the sound quality is nice but the small details were overlooked and had they been addressed I would have given 5 stars on this review. I purchases these from Amazon.com to use as surround speakers under my carport at my campsite. That's where I have my picnic table. They work great with the set of Pyle 300Watt on the front. I can't crank them real loud because of the other campers, but they are great for what I need. Pretty good base and nice crisp voices. Thanks Amazon.",3.896551724137931,1,8231.0,11633.0
B001EO6W8K,Nikon Af-S Dx 18-105Mm G Vr Zoom Lens for DSLR Camera - Black,"tv, audio & cameras",Cameras,"Bought it as part of d7000 kit. I don't know if I got a defective unit, but images were blurry, outdoors, inside, nature, portrait..basically under all conditions.  I used a prime lens with the d7000 which worked GREAT. However I had to return the whole kit. All I would like to say is....- The plastic mount broke off after a year of use.- And this is normal use with good care.- Optically - pretty OK - for this price. Pls refer the other reviews for the tech details - I found them useful.-Bottom Line is - If the plastic mount decides to detach itself from the lens after a year of normal use...whatever the other specs...... NOT recommended... I tend to side with Ken Rockwell over Thom Hogan in this lens review. My personal opinion is Thom is being a little lenient on this lens.In one line, I'd say it's a very convenient lens as far as the focal length goes, but the lens quality is quite poor - both in image quality and build quality.I know build quality isn't important to many people, but this lens is actually quite bad - I was always afraid this lens would snap off one day - the plastic mount seems really flimsy. I've been very careful over 18 months and haven't damaged it.I shoot with a D5100, I purchased a light body for travel, and own 3 other lenses - one 35mm f/1.8 prime, one 55-200 zoom and an ultra-wide. This is the second-most expensive lens in my kit, yet the weakest. After 18 months, I realized that I was avoiding the lens whenever I didn't need the convenience. It is disappointingly weak at 18mm f/3.5 and the output looks comparable to a high-end P&S; camera. It is pretty soft at all focal lengths, and has significant distortion. I also have a feeling that colors look a little washed out on this lens.Taking a gamble, I put in an extra 200$ and tried the Sigma 17-50 f/2.8. I was surprised at how good the Sigma is. I've dropped the lens out of the kit and am looking to sell it now. Eventually, I am noticing that the prime lens is having reduced usage because the Sigma is doing some of it's work. I don't think I would be too unfair in saying one could replace the prime + the 18-105 with the Sigma 17-50. I recently traded the 18-55mm VR lens from my D60 kit for this lens. I wanted something with more range than the 18-55 offered, and with VR, so it was a choice between the 18-200mm VR and this lens. Between the price of the latter, and the reports of worse distortion, zoom creep, and poor feel of the zoom & focus rings of the 18-200, I decided this was the best choice. The fact that this lens is a tad shorter and a good bit lighter (420g vs. 560g) make it an even better choice for a walkaround (or even only) lens for normal use.The fit & finish is much better than that of the kit lens, and while it is a bit heavier than the 18-55, it's not appreciably longer, if any. I'm not a good enough photographer to tell you how it compares on distortion to either the 18-55 or the 18-200, so I won't even try. But it produced a number of wonderful images for me today, under low light and handheld, without noticeable distortion, and they were very clear except if I was shaking badly (this is with shutter speeds of 1/40-1/10). I purchased it for $300 new, about half of the price of the 18-200mm VR. In all, I am quite satisfied with this lens as an all-around, do-everything lens.Update: Well, this lens lasted me about a year. No, it didn't break, I just upgraded to the 16-85mm VR and passed it on to a family member just getting into digital SLRs.So for an extra ~$450, the 16-85mm VR adds:-VRII instead of original VR, and the Active-Normal switch that comes with this. Nikon claims 4 stops for VRII, instead of 3 stops. I didn't test them side by side, but I do notice both the new lens and my 70-300mm VR (which also has VRII) are less prone to shake than the 18-105mm was. Not sure if I'd claim a full stop better, but there is some improvement.-An extra 2mm on the wide end, and better image quality, at the cost of 20mm on the telephoto end. I honestly don't miss the 30mm on the long end, and I can switch to the telephoto lens easily enough. Honestly though, I don't find myself racked out at 85mm and wanting just a little more focal length much at all. The 2mm on the wide end is kind of a toss-up. It's nice to have, and actually noticeable compared to 18mm. But it won't replace a dedicated wide-angle if you like wide-angle shots, just add 2mm more overlap than you already get. Kind of makes you feel goofy buying a $1k wide-angle for only 4-6mm less focal length.-A metal mount, a distance scale, and overall better construction. The metal lens mount and distance scale are no-brainers, even though I hardly NEED the distance scale. But both that and the metal mount could've easily been added to the 18-105mm for negligible cost, especially considering the $400+ MSRP. It's kind of disappointing that Nikon skimped on a little plastic window and a little chunk of metal, even for a kit lens, to save maybe $10. The zoom and focus ring action of the 16-85mm VR is much more fluid-feeling than the plasticy feel of the 18-105mm VR, but it also weighs a good bit more. Not heavy in a bad way however, it just feels more solid.Honestly, while I don't regret buying the 16-85mm VR, I'm not sure if it's really worth the extra cost (compared to the normal ~$300 cost of an 18-105mm VR, not retail, which would be silly for a common kit lens). I upgraded for the image quality, and because it felt weird to have the most-used lens in my kit be the lowest quality (image and construction). If you can live with the plastic mount, slight distortion and softness, and cheaper feel, the 18-105mm is still a great value for the money. This lens and the 70-300mm VR still match or best the 18-200mm VR lens, at about the same overall cost, with more versatility. I have a :Nikon D40X Whooo! &#34; D40X&#34; I love it. I get great picturesout of it. I have a Nikon D90 and a Nikon D7000...I wish I loved my 7000 as much as I do my old out dated &#34;D40X&#34;. I know it must be user error. Most people who have the D7000 love it. My wife loves hers.I have the Nikon 18-105 DX VR and I don't care what anyone else says about this lens, I love it. For me it  is one of my best Nikon lens. I have never had any trouble with the mount and I do change my lens many times during a photo shoot between &#34;landscape&#34; and &#34;wildlife&#34; ( I live in Alaska !), ...BUT I do take real good care of my stuff.I have compared the 18-105mm DX VR  with the Nikon 18-55mm DX VR. They both will take good pictures. I get a little sharper picture in certain lighting with the 18-105mm  . I also have the Nikon 35mm DX It is a good, sharp, cheep, prime lens.Everyone should have one...or the 50mm.Everything depends on so many variables in photography. The user...the lighting...the subject.All of my  shooting is outdoors...&#34;wildlife&#34; with a Nikon 70-300mm DV VR I get better pictures using the 70-300mm on my Nikon D40X ...crazy I know.",4.258620689655173,"1,152",23925.0,25950.0
B001F6TXME,Nikon VDR00101 MC-DC2 Remote Cord for D90,"tv, audio & cameras",Camera Accessories,"if u want take pic for night view for city or stars, u need it. This cable works just fine until I dropped the camera and broke it. I use it for digiscoping and now I can keep two hands on the tripod and scope and move it and take pictures at the same time. A very nice controller for my Nikon D90. Works as expected but the button seems a bit soft, not enough feedback, for me. I had a generic aftermarket which I used for about 2 years and it provided more feedback for focusing. Does not seem as rugged as the other unit which I used for outdoor photography. Would I purchase this item again... yes I would :) I am very happy with this Nikon Remote Release. I have the wireless Nikon ML-L3 and I love it for most needs but this is just too easy and all I have to do is plug it in. Good packaging, great product. I bought this product for my Nikon D5100 and it works even better than I had anticipated. Push the button down half-way or fully and it works just like the shutter release button on the camera. Or you can lock it down for long exposures. It's the perfect companion to using Live View on a tripod-mounted camera, such as for portraits or macro work. I wish the cord were a little longer but it's not a major issue. Quality seems very good. Highly recommended.",4.713114754098361,"3,546",899.0,1599.0
B001F7AJKI,Sandisk 16GB Micro SDHC Card Class 4,"tv, audio & cameras",Camera Accessories,I bought this sd card for my camera and one for my phone. Never had a problem with it in either of them. I would recommend and buy again it need be spotty problems my cameras have been reading --NO CARD no and then not all the time but you might miss that great shot---tossing these in the trash As far as memory cards go this is the first one I ever bought does just what it is supposed to. I'm sooooooo glad I shop on Amazon!!!  I got 2 new phones & a android tablet recently.  My cell carrier (run quickly = S?????) wanted $64 for a 16GB class 2 micro SD!!!  LMAO! I have bought sony pro duo memory sticks before and sadly they have never worked. Granted I bought them from China or less reputable places and the product always fails. I love this SanDisk.,4.64527027027027,"66,081",0.0,0.0
B001FWYGJS,"TP-Link TL-WR841N RJ-45 300Mbps Wireless Single_Band N Cable, 4 Fast LAN Ports, Easy Setup, WPS Button, Supports Parent Co...","tv, audio & cameras",All Electronics,"Setting up wifi was easy and simple. Signal has been stable so far. So far so good This router was very easy to configure, I am able to customize the settings I desire, and it has been very stable. Very easy to set up. the delivery on time and it seems to be working fine so far. Works great, and I don't have to rent one from Comcast- which is RIDICULOUS! Returned",4.495,"124,050",1049.0,1699.0
B001PS9E5I,"TP-LINK TL-PoE150S PoE Injector Adapter, IEEE 802.3af Compliant, up to 100 Meters (325 Feet),Gigabit -10/100/1000,Black","tv, audio & cameras",All Electronics,"Purchased this to power a PoE-capable wireless access point for a school I volunteer at so they had only one wire to hide instead of two.  It's been sitting in a little metal box for months, reliably powering said access point, and so far has been trouble-free.  Really can't ask for much more than that. These broke down after six months.  The seller would not take them back.  There are other products that do a better job. Works great for my dahua IP camera. Setup was a no brainer. I just plugged it into the wall, then ran my ethernet cable to the camera. Powered right up and hasn't flaked since. I bought this injector to power an IP camera and it performs very well.  There isn't much to say other than it was well packed, had protective film on the case and includes a cable to plug into a hub/switch/router.  PoE sure beats having to run power to remote locations! True Gigabit PoE injection for the LAN so you'll only need one Ethernet cable running to it for both data and power. Inexpensive for how solid it feels. Amber light (when powered on) goes solid green as soon as it recognizes an AP on the other end. Universal 802.3af standard.",4.525,"6,904",1349.0,1799.0
B001RCD2DW,AKG 2458X00190 Headphones (Black),"tv, audio & cameras",Headphones,"MADE IN AUSTRIA. Granted this pair of headphones is not suited to all music genres coming across as thin and neutral for heavy metal or most loud bass heavy music, however it comes to a class of its own  when most of one's repertoire is Jazz Vocals and Accoustic instrumentals (Guitar, Flute, Cello).  And yes, it does not tolerate or flatter poor recording, rather focussing itself on the most accurate and neutral reproduction of good quality audiophile recordings.  Much have been said about its neutrality but with these there is no hearing fatigue and allows one to remain sublimely teleported into audio heaven for hours.I find myself gravitating back to this pair for almost all of my repertoire.  The soundstage is outstanding. And distortion - nil. Extremely comfortable to wear. Lightweight . Wire frames allow easy hanging-up after use.  Comes with both sizes of quality gold-plated jacks.I have recently readded the use of the fiiO E7 DAC (an experiment) to it and found that it does subtly smoothen out the edges (which I didn't realise existed) and round off the higher registers which was just discernible.  As for the bass, I've found setting EQ to +1 helps deepen the bass and give it a rather pleasing signature for more bass involved music like Black Eye Peas, U2, BonJovi etc.Highly recommended with (above) caveats but not everyone will like it. The Ultimate Gentleman of Headphones esq. Not pushy. Quietly dignified and delivers big within its domain.Also ownAKG 271MKII (studio recording pair)Senheisser 598 (all rounder with some bloat) Just love AKG. K702 is sooooo good with classical. It is a lot better than my old Bose NC15. But they function differently in my life. I need time to warm it up to its perfection. I will write more reviews when I use over 3 month. Then the comments will be reasonable. Comfort was the main reason why I bought this set of cans. A long time ago (2001) I got  a pair of Sony MDR-605 (discontinued) and were very comfortable for wearing them for hrs without feeling the usual pressure pain given by the pads of a smaller headphones like the (Fanny Wang FW-HEADPH-1001) which sound great using an android smart phone or perhaps an iPod; but, after a 3 or four hrs had to take a half hr break to let my ear's blood circulate to get rid of the discomfort from the pressure between my ears and the pads. The K-702s have big round foam pads covered with some velour cloth and fit fine around my ears (big) and put the contact of the pads on my skull but they are not pressured by the spring action of the arc over your head like the Fanny Wang's, this headphones rest their weight on top of your head by a padded (bumpy) arch which is not super soft but not uncomfortable either. Unfortunately because of this comfort feature if you nod/shake you head left and right you will feel the headphone's pads move along so they are not stable if you plan on doing sports where your head will do a lot of shaking and those pads will definitely get soaked with sweat. I use them only indoors and mostly sitting down at a computer and they are very comfortable for hrs. They do require good juice to appreciate the power of the drivers and something with a tiny amp such as a portable device (droid phone) will not suffice to do this.  As stated in other reviews they require a long break-in period and needless to say they sound great. I gave the K702 model an ""average"" rating based strictly on concern about their not being manufactured in Austria any longer, and my strong distrust (through sad experience) of the long-term reliability of anything made in the Peoples Republic of China (P.R.C.). (Here's a 2012 example of P.R.C. assembly quality of an AKG K242hd headphone: youtube.com/watch?v=Z_fGEK9rokw. Who knows what the interior may look like). The country of manufacture/long-term reliability is my only concern with the K702.If that's not a concern for you, then ignore my opening paragraph and read on. My ""Made in Austria"" K701s are outstanding (5 stars all the way), and the K702 has virtually identical technical specifications as the K701s.I am generally comforted to know that a product was produced in a factory with a history and tradition of producing that product well. Preferring to trust AKG's traditional reputation for excellent engineering *and* manufacturing, I purchased the more costly ""Made in Austria"" K701s, and the K701s I received in January 2014 (sold by Audio Plaza/fulfilled by Amazon) were still made in Austria (printed on the box and on the side of the headphones). However, In March 2014 AKG informed me that *all* AKG headphones are now being designed in Austria and assembled in the P.R.C. The AKG ""Professional Headphones"" web page identifies only the K712 and K812 as still ""Made in Austria"". So while Amazon is still selling them, it appears the AKG K701s ""Made in Austria"" will gradually disappear as the remaining stock gets depleted.Being a retired sound engineer/recording studio owner, I've been accustomed to high quality professional mixing/mastering headphones that have a flat frequency response across the audio spectrum and reproduce music accurately and without coloring any portion of the audio spectrum. This lead me to the AKG K701 and AKG K702 headphones.The K701/K702 is aimed not at the iPod generation but at AKG's studio market (found on AKG's ""Professional Audio Solutions"" web site, ""The K702's are reference, open, over-ear studio headphones for precision listening, mixing and mastering.""). The K701/K702, being flat and neutral analytical reference headphones (i.e. 30Hz-10kHz +/- 3dB), only reproduce the content of the source, for better or worse. If you have the K701/702 cans powered adequately and the music source you are listening to using AKG K701/K702 cans sounds to you to be strident or muddy, or has a thin bass, or whatever, it's the musical source, not AKG K701/K702 headphones; being neutral and flat, they can only reproduce the true content of the source music. That is the purpose of studio analytic/reference grade headphones. Non-linear headphones are useless for the accurate monitoring/mixing/mastering necessary to create the highest quality artistic decisions about the musical performance. If in doubt as to the intended purpose and audio quality of the AKG K701/K702 headphones, independent reviews at audiophile sites such as KenRockwell, innerfidelity, headphone, and audiophile magazine will affirm the numerous 4 and 5 star ratings for the audio performance of the K701/702 found on Amazon.Here's the only other caveat: If your only exposure to music has been the hypercompressed,loud, bass-heavy thumping of FM radio and such, and you like that, then you probably won't be happy at all with these exquisite headphones. So if analytical/uncolored listening is not your goal, then these headphones aren't for you. Seek out a non-linear product that will give you a rewarding listening experience.Here's some general audio related background information others have found informative/useful.""Break-in"" PeriodThe jury is out on this. The only formal study of which I'm aware was inconclusive and can be found on the innerfidelity web site by searching on ""On the Measurement and Audibility of Headphone Break-in"".I don't know of any professional audio people who give ""burn-in"" any credence. The subjective perception of ""burn-in"" is, in my opinion, the user's hearing being re-trained and adjusted to the frequency response curve of the headphone. Thus a listener coming from a headphone whose response curve boosts the lows and dips the mids (as most consumer cans do) will hear a headphone with a flat and neutral response curve (like the AKG 701/702) as having a shallow bass and a strident upper mid range. As the listener's hearing adapts over time to the uncolored accuracy of the neutral/flat headphones, the headphones miraculously ""improve"" after having been ""burned-in"", when in fact it's the listener's hearing being ""burned-in"" by the headphones.Headphone Impedance:Headphones with lower impedance ratings offer higher volumes at the same level of input, but they need heavier drivers to compensate for the low impedance or risk sounding muddy and distorted. The lower mass of the drivers of a higher-impedance headphone can deliver unparalleled clarity and response, but it takes more power to achieve the same loudness.How We Hear - Consumer Headphones v. Analytical/Reference Headphones:At low listening levels the human ear is most sensitive to the mid range (200Hz -2kHz), gradually losing sensitivity below and above those points. If you picture the ear's frequency reception at low levels it would look roughly like a frown. At higher listening levels, the lows and highs become more pronounced and less out of balance with the mid-range.The frequency response of consumer grade headphones typically looks like a smile. At higher listening levels the result is unnatural sound (lows and highs artificially boosted by the headphone's particular design). This makes most consumer grade headphones unsuitable for critical/analytical listening because the amount of boost incorporated by the individual manufacturers can be difficult to assess. Most, if not all, boost the low end significantly (+5dB or more), dip the upper mids by -5dB or more, and sometimes also boost the high frequencies. A few start rolling off the upper mids and just keep going downhill. In very broad terms, consumer grade headphones intentionally alter the audio spectrum in the low, mid, and high frequencies. Also, if headphones are underpowered, you won't hear the low and high ends accurately because of the human ear/low volume factor. Underpowered headphones don't get enough power from the source to allow the ear to hear the lows and highs at a level comparable to the midrange.From a performer/producer/sound engineer's perspective (AKG's target market for the K701/K702), it is the non-linear consumer grade headphones that are lacking. Non-linear headphones are only used by the pros to listen to (not create) the rough mix so they can judge what the typical consumer might hear v. the artistic goal for which the musicians and producer are striving, so that they can tweak the mix without seriously compromising the artistic goal.A sound engineer's job is to faithfully capture the sound of the music produced by the musicians. The ONLY way to do that is to monitor using amplification, speakers and/or headphones that are neutral (i.e. have a flat frequency response) over the entire audio spectrum (we'll ignore physical sound treatment of the control room for the moment). I have never met a professional who wanted to produce a mix geared to the lowest common denominator, nor geared to sound good only on the highest end audio equipment. Recording studios spend hundreds of thousands of dollars to achieve the highest degree of audio accuracy so musicians, producers, and sound engineers can make informed decisions about the mix. If the goal is a bass-heavy musical product, the flat, neutral, uncolored monitor speakers/headphones will tell the producer when the mix achieves that goal.The working mix is also played over typical consumer equipment, in car stereo systems, MP3 devices, etc. to see if it flys on what the average consumer will be using. Those with high-end and esoteric stereo systems will derive the full benefit of the musicians', producer's and sound engineer's artistic efforts. Those without will still get an enjoyable product. Studio grade analytic/reference headphones provide that flat frequency response required for artistic accuracy. I was looking for a little more bass in these phones but the clean accuracy is what counts here. My Sennheisers gave up after decades of use. Bought these because I had AKGs way back in the 60s.",4.541666666666667,"3,781",17119.0,28318.0
B001RNOHDU,Creative Gigaworks T20 Series II 28 Watt 2.0 Channel Multimedia Speaker (Black),"tv, audio & cameras",Speakers,"This set of speakers is pretty neat. I think they do their job pretty well. I've had them since March of this year and they go loud! The bass is really thumping even when at lower registers. Treble I don't mess with too much so it either doesn't do much or I just don't notice. I use these with headphones a lot and although the sound is nice with them sometimes I wish it could be cranked just a little louder.Great but falls a little short of exceptional. For the price of $70 bucks though I think they are convenient and worth it. Toodles!4.3 stars. I wanted 2.0 speakers for travel. I am dissappointed with the sound quality and volume. I do not know if it is possible to make a speaker with better sound in a compact case. Perhaps they would sound better with a larger speaker in a square case with less depth.I would not buy these for home use. I have heard the ""Logitech Z-2300 THX-Certified 200-Watt 2.1 Speaker System"" which would be excellent for home use. I was looking for replacement computer speakers after my Harman-Kardon speakers died. I was pleasantly surprised by these new speakers that output decent audio quality for their size. I use this with an USB to analog stereo converter (that is kept plugged on a USB hub). They work really great! I bought this as a gift for my wife, we were really surprised at the great sound these speakers produced for their size...for the money they are hard to beat. These speakers seem to be really well made and have very high quality knobs, but creative has put too much effort into making low and high quantity far greater than quality. The treble quality is quite poor, it's screechy and doesn't seem to be smooth throughout the 8khz to 12khz range, there are peaks at different parts of the spectrum. The bass, similarly, is too boomy and quite uncontrolled. The midrange, contrary to what others have said, I find to be quite adequate and cannot find any real fault with it. However, these are overall pretty disappointing speakers for the price, but I don't know why I was expecting stereophillic quality with Creative. Going to try the JBL duet III now.",4.327272727272727,"2,824",19692.0,26149.0
B001S2PPT0,Nikon Af-S Dx Nikkor 35 Mm F/1.8G Prime Lens for Digital SLR Camera (Black),"tv, audio & cameras",Cameras,"Fast, Clear, responsive. Great for the price. Stays on my camera the most. This is a must buy for Nikon DX owners. It will make you forget about all of your other lenses THIS is a fabulous lens!  Great sharpness, terrific low light capability, nice bokeh.  It's an excellent and useful adjunct to the zooms that typically come as 'kit' lenses with Nikon's excellent digital cameras - it's an outstanding &#34;normal&#34; lens which approximates the normal field of view of the human eye.  The typical zoom kit lens requires significantly more light than this little beauty, so this lens allows you to take photographs using available light.  It's a versatile, compact, lightweight lens with outstanding optical qualities and it's a bargain as well.  Just buy one - you'll be glad you did! I love this thing. It's inexpensive and very effective at taking breathtaking photos. I love it more than my 50mm f/1.4G lens. It's just great. Bokeh at 1.8 seems a bit ""harsh"" and not as silky smooth as say the 50mm 1.8... At least on my D5000 and D70s anyway... Other than thatSuper delivery from adorama, 5 year nikon warranty and best price :)",4.758436944937833,"12,950",17014.0,18000.0
B001TH7GVE,"AmazonBasics HAMA299068 RJ45 Cat-5e Ethernet Patch/LAN Cable for Router (14 Feet/4.26 Meters, White)","tv, audio & cameras",All Electronics,"Works as expected and the shipping speed was right on time. A bit over priced in my opinion, but what cables aren't nowadays.My reviews are kept up to date if/when the product malfunctions, breaks, or functions less than reasonable expectations hold overtime. This cable does what it's supposed to do but it feels like a very low-quality cable and is very rigid. The first one arrived and did not work Amazon replaced it for free and without running me ragged to return it. This is basic, simple, and well made.I trust buying it from Amazon because I know it won't be cheaply made. There are cheaper cords out there being sold by different marketplace sellers. I've ordered some that are very cheap in price but then they have malfunctions soon after installation, they send the wrong item, they send a generic brand with fake stamps on them of better brands, or it takes 2 weeks to receive it from overseas.I bought this to connect directly to my modem for installing a new router. Easy to put in or out of modem/router but also secure fit that stays in. Plus, it's always nice to have an extra Ethernet cord because you never know when the need for one will arise. Storing in the box it came in.My internet is so important and vital in my business. You don't have to buy the most expensive product to get the best quality. I don't think you can go wrong with this cable so I recommend it. I bought this cable to put together a quick network connection between my router and a computer in another room. I ended up running it beneath the floor and through the walls on both ends. I find this cable to be of exceptional quality and the connector ends feature a neat snagless design. A few years back, I paid around $10 for a 7ft Staples brand CAT5e cable. Amazon's cable both exceeds the quality and value of this older cable I have. The only possible problem I could find with it is that the plastic protector for the clip end bumps up against both my router and computer's connection too much. I have no need to plug and unplug it all of the time so this does not matter to me that much. I would hazard a guess that this cable is still better than cheaper generic brands out there. I have a gigabit NIC (onboard Asus P7P55D) connected to a Gigabit router (Netgear WNR3500L running tomato) and this cable only allows for a 100Mbit connection. I'll be RMAing it with Amazon to see if a new one resolves this issue. Otherwise...good price if you have Prime.Edit: Amazon sent a new cable and it now connects at 1000Mbit.",4.622282608695652,"3,603",229.0,600.0
B001THL8SQ,ASA HS-1 Aviation Headset,"tv, audio & cameras",Camera Accessories,"I have a Bose A20 headset with bluetooth and I absolutely love it. However, when shopping for a headset for my passengers, I wasn't exactly thrilled with the thought of buying another $1k headset.This fits the bill perfectly. This headset is very durable, looks nice, and sounds excellent. Although I really enjoy the noise canceling capability of my Bose A20, I would have no problem using this headset instead.The headset has the a mono/stereo switch on the junction box. If you're only getting sound in one side, try moving the switch; that should fix you up.The headset that was shipped to me does have the flexible mic boom. That is a very nice feature. The boom is a bit larger than the one on my Bose A20; I'm not sure if that is a feature or a detriment at this point, though.This headset doesn't include a case but, for this price, who could complain? I bought the ASA Single Headset Bag from Amazon for very little money and it works perfectly.If you're looking for an extra headset or even just a beginner headset, you can't go wrong. But, once you start flying, check out the Bose A20 or another higher end headset....you'll thank yourself for the investment. Purchased 3 of these as passenger headsets. The build quality is better than expected. Not the same as my DCs or Lightspeed, but also 1/3 the price! I like that the headband protector is leather- should help prevent window scratches when pax fall asleep :) For the price, this is a great item. Sure, it doesn't have all the noise-cancelling features of the really expensive models, but the chatter is clean and there actually isn't much bleed-through of outside noise (can't escape the engine noise entirely since in a one-seven-two you're pretty much sitting on the thing), but it does a fair job. Everyone wants David Clark headsets...  I had one pair when I first started flying 14 years ago.  Dad gave them to me as a present when I first became a student pilot.  I loved them and they worked forever.  The finally died so I pick up these cause I was not going to pay that price, LOL.....  For this price, super great headsets.  Great sound and volume control, mic works well, and very comfortable.  Only thing is keep checking the knobs on each side to make sure the stay tight.  Besides that, they are awesome.... I currently own the HS-1A headset with the flexible boom MIC (as pictured). The product pictured here is the HS-1A not the HS-1. both have excellent reviews and are great products however until amazon makes it clear which one you'll be buying i would advise caution.",4.7,545,23800.0,30000.0
B001TI9Y2M,Celestron Speciality Series Travel Scope 70 Telescope,"tv, audio & cameras",Cameras,"Great product, I have had many wonderful hours with it it works great This is a fine scope, I had an issue with looking through the scope without the direct angel, but overall this is a good scope.  I own an 8in Reflector and a 6in Reflector, this is not a great scope for looking at the planets and Deep Sky Objects, but looking at the Moon and Star Clusters this scope is great.  I live in a city and Ive had issues looking at Saturn, but with my larger scopes I can see it fine.  Other reviews say they can see the planets fine, so I think I just havent gotten it aligned just right.  To anyone telling you not to buy this scope and to save your money, DO NOT LISTEN TO THEM!  If you know you like looking at the stars, go ahead and grab a better scope, but if your not sold on the idea start here and work your way up.  Besides this scope is so light.  My 8in weights over 60lbs when setup and its really large and hard to carry around.  I love that scope, but for quick observing or for camping trips when I want to pack light this scope is great and easy to use. This is a great scope and I use it for target practice, star gazing, and general snooping from balconies while on vacation. The tripod is flimsy as others report. The case is nice but I would have liked a little more magnification. Its hard to make out target shots at 300 yards. Less than that works fine. The tracking scope, or what ever its called, that goes on the side is pretty much useless. A star program comes with it and I really enjoy using it to see what stars are in the sky at my location on a given night. Over all , a pretty good scope, not great, but price is right. The telescope itself is ok, though at higher magnifications focusing becomes something of a chore, and there is a hue when looking at stars. The biggest problem is the tripod, as it's way too unstable. This is the perfect gift for a seven year old budding star gazer.  If the child is happy, I'm happy.",4.151515151515151,"12,588",14990.0,18990.0
B001TK89L2,Monoprice -Quality-Binding-Two-Piece-Speakers,"tv, audio & cameras",Speakers,"I was doing wiring for a surround sound system my bedroom, and decided to reroute the wires into the walls and thru the attic to the other side of the room. So I went to local hardware store and source these, I procured two, and upon returning home, out of curiosity I thought I would check these on Amazon. Imagine my surprise when they were a quarter of the price I just paid! And the well-made Great price for this wall plate.  Ive compared prices to local stores and other on-line places and couldn't find a better deal.  I found no issues with the actual part and they appear to be well made, especially for this price point. We use these on custome A/v installs for clients. They are just about half the price of the local retail stores, never a problem and super high quality means happy clients and more business. These plugs are very good quality.  You can either slip the wire in the slot of the hollow post and tighten the nut down on the wire, on both sides of the plate, or you could use a male banana plug. They arrived quickly and work great. Monoprice has far exceeded my expectations with every product I have purchased from them. Not only are they inexpensive, but they are QUALITY, which far surpasses price in my opinion! This Banana Plug Binding Post was exactly what I expected: solid, heavy-duty plastic frame with strong & tight connectors for my speaker plugs.Installation was super easy as it is a two-piece design that fits into a standard electrical box, much like the ones you would use for light switches, power outlets, etc. They include two sets of screws with different lengths to eliminate the hassle of going to the hardware store for the right fit. The connectors bind onto the banana plugs VERY well on both sides; no worries of them falling out.Best of all, the wall plate is about 1/4 of the price you would expect to pay at a ""big-box"" store!If you are looking for quality at a price that won't hurt your wallet, look no further and buy these wall plates!",4.6923076923076925,"1,580",1187.0,2699.0
B001UQ6E4Y,Celestron Speciality Series FirstScope Telescope,"tv, audio & cameras",Cameras,"First of all I've just started amature astronomy this year so I've never owned a telescope, I've been using a 15x70 celestron binocular on a tripod. I've had the Celestron Firstscope for a couple of weeks now and I've been please with it..considering how much I paid for it (big bang for the buck). Anyway, I know a lot of people suggest not to buy the accessory but one thing I learn when I attended a star party prior to buying this telescope is Finder Scope is very useful/important when trying to align your scope with a certain object. So I did buy the accessory, and I'm glad I did. Although it's true that using the finder scope is hard to use if you have the telescope on top of a table or the ground, so what I did is I look around my house that is tall enough that I can put it on top and I found an old cd rack in the garage that is about 5 feet tall. It was very sturdy and made using the telescope so easy with the finder scope.With the eyepiece that came with the telescope and accessory everyone who said that they are useless...they are correct, those type of eyepiece are really hard to look into and may disappoint you. So what I did is I baught a 2x Barlow and a 25mm plossl eyepeice from Orion and the diffrence are night and day, with the eyepiece I purchase it made field of view much clear, crisp and I saw more stars. So far I've been out observing and star gazing as much as I could and as much as the weather permits. The moon through this telescope with the 25mm and 2x barlow eypiece looks awesome the craters are very clear, mars look like a tiny orange dot and saturn...so far same as mars look like a dot maybe with a medium or higher power eyepiece I might be able to see saturns ring. Overall great buy specially for a starter like me, I will probably use this until I'm ready to move to the next level at least now I can save up to a much powerful and expensive telescope. This is called a first scope and it was my first scope. It was very easy for a newbie to use. The swivel is surprisingly stable. The scope is well built and has a hard plastic coating to it. I was looking at the moon in no time and admiring the details. I think this is the best scope in its price range. Be warned though....this scope can ignite an interest in a very expensive hobby and you'll be wanting a much larger and pricey scope in no time after seeing what this can do! :) - price was very affordable, got it for the kids- appears to be well made and is working just fine, it should last some time- yes i would reccomend this for for a starter telescope I have many high end telescopes. I also bought a Orion 100mm Sky Scanner for my son and won this Celestron scope at an astronomy event. Both are OK but the Orion is a much better product and worth the extra money....bigger aperture, better eyepieces, red dot finder on the Orion is worth as much as this entire scope. I am a big Celestron fan having 5 different models but this is really the very bottom level. It is easy to use, but its lower quality and limitations will soon tell you that you should have paid a bit more money. this unit is simple to set up, on top of table or deck rail if wide enough, small kids can look at some starts, great for first time telescope, not for advance fans.Worth the money before buying a bigger telescope, incase my kids lost interest.He can also use it to see birds or other items across the back yard but needs to position on a low table or floor.",4.203125,"1,400",6800.0,8995.0
B001VIPUFU,BIC AMERICA Wired 500 Watts Acoustech PL-28II Center Speaker - Black,"tv, audio & cameras",Speakers,"Received mine today. First off let be say I have the Klipsch Reference Series RP - 5 Towers each with a built in 12 inch side firing sub, RS 3 Surrounds,  two BIC bookshelf speakers for rear and a BIC 475 Watt 12 inch Sub. I replaced a Klipsch Icon Center with this beaut. I also own  pair of  Klipsch RF- 5 Towers that I use now with my IMac and a Yamaha sub.Later for that. This center lives up to all the great reviews it has gotten. Yes, horns require some break in and yes this one sounds a little harsh out the box, but it makes for it in volume. I put in We Were Soldiers and my son, my best friend and gave it a critical listen. I have a 120 Watt Harmon Kardon AVR that sweetens most speakers.Let me tell you this babe held its own with the towers and sub. While the bombs and bullets were flying and when things went boom, the dialogue was crystal clear and loud enough not to be drowned out. That's quite a feat being that with the Icon the voices always sounded a little muddled.This is a $500 sounding CC for under $200. Why wait? Klipsch better be careful. I got this speaker in two days after I ordered, it was packaged just right, double boxed. The PL-28II center speaker, I'm using the FH-65B for front left and right because I don't have room for tower speakers and PL-66 for surround.My set up is powered by my TX-NR 818 and I have plenty of power to drive everything.I just ran audyssey x32 speaker configuration,Audyssey set the fronts FH-65B speakers at 40Hz my center PL-28II is set at 90Hz , surrounds PL-66 are at 120Hz and wides DV62si at 70Hz highs are Micca in wall speakers that are high above front left and right are almost to the ceiling. They are at 40Hz and the back speakers in the ceiling behind me set at 120Hz and of cource the subs are 120Hz .Going to leave it like this for a week or so and then run audessy x32 again and see what it settles to after a so called break in.The speaker sounds great.I have my TX-NR 818 in listening Mode DTS Neo:X I go back and forth between that and Audyssey DSX. I've been reading about reference level they say to listen at 0db but it much too loud -15 seems to be more or should I say loud enough.UpdateTX-NRI just moved the speakers around I moved the FH-65s to the wides the PL-66s to front mains and using the DV62si as surrounds and of course the PL-28II AS THE CENTER.  The PL-66s match beautifully with the PL-28II and the from three speakers are very amazing, and the sound is incredibly great. My Speaker configuration came in after running audyssey front 100Hz center 90Hz surround 70Hz wide 40Hz high 40Hz surround back 120Hz. So there you have it I'm going to give this a try for a week and run audyssey once again and see what I come up with after a good break in..... waiting for it to break in, still has a little of that tin can sound but ive only had it about 2 weeks,  i'll update my review if it doesn't get better I have never owned a center channel this massive before.  This thing is huge, it's like a boombox!!!  It kinda works that way too.  I like how the horn tweeter is extremely clear.All the dialogue in movies that I would have to strain to hear or rewind, is now front and center.  I listen to a lot of R&B; and Rap music and with those genres, the treble and high-mids can sometimes get lost with all the low-mids and bass.  This speaker lets the lyrics come to life in drum heavy music!I love this speaker and prob would have paid $100 more for it.  At $199, I'm not sure it can be beat.System:Receiver -Onkyo TX-NR5009 9.2-Channel Network A/V Receiver (Black)Center - PL-28Front -Polk Audio Monitor 70 AM7025-B 3-Way Floorstanding Speaker (Single, Black)x2Rear & Side -BIC Acoustech PL-66 Surround Speakers (Pair)x2Subwoofers - MBM-12 MK2 Mid-Bass Module,BIC PL-200 Acoustech Platinum Series Subwoofer, &BIC America F12 12-Inch 475-Watt Front Firing Powered SubwooferPROS:1 - Price2 - Clarity3 - AppearanceCONS:1 - Size (not really a con, but definitely make sure you pay attention to the dimensions.  It is HUGE.) I am running FH6-LCR's as L and Right, and Bic venturi as wide's (the bookshelf ones), and the smaller 3"" driver Venturi as rears......back to this center...When I first unplugged the FH6 center and plugged this in I wasnt inpressed, it wasnt better, then I re-ran Auddsey calibration on my Onkyno 809 and BAM!!It is ""throaty"" and full of volume and thickness.  The mid-bass is great and it is so efficient my receiver had to set it at -9.5db (versus +1) on the FH6.  I adjusted it to -3.0 and its just what I want to hear.When someone said ""sounds like the people are in the room with you"" that is true, you can hear people breathing, clicking, everything.  It sounds like this speaker has its own amplifier but do not confuse that with loudness or sound pressure.What it really sounds like is when you take a good microphone and plug it into a PA amp and talk, that's what it sounds like right in your face.Will update once I watch planet of the Apes this weekend and Lord of the rings 2.  Only watched 1h of Underworld last night.  Very impressive.  Very.  Makes you ""want"" to even listen to the dialog ""down time"" scenes of movies when there are not explosions or gun fire.  The big difference between this and other Bic but non-Acoustech speakers is this sounds great with music also.I have installed 6 of the BIC 8"" inwall speakers (Acoustech, L,R, surrround and 2 in his bar for 2 chan audio) in my uncle's basement and love the bass and sound.  Terminator salvation blew the grill off the front, which prompt me to finally pull the trigger on this center.My theater area is about 40' wide by 20' from projection screen to sofa. Also this would sound great mounted on the wall behind a screen about 3' off the ground.  My screen is 106"" but not the kind that lets audio pass thru'***Note  Its impossible to screw these terminals with your fingers so I used 2 banana plugs to connect the speaker wire**Because this speaker has the highest sensitivity in my set up at about 96-98db its best if you are going to manually do any adjusting to do it just under refrence level (ref. level is when the volume reads ""0"" on absolute recievers or 82 on onkyno recievers when its set to count from 1-100).  For instance it is nice and full at 63 but at 72 it overpowers my entire system, wont even think about 82 (ref level) with this beast.  I dont want to but I know I'm going to end up getting a pair of PL-89's to go with this and probably moving my bed into the basement and living in my theater room.  haha.",4.75,2,0.0,28729.0
B001VIXH7I,"BIC AMERICA PL-89II Wired Acoustech Platinum Series Tower Speaker (Pair, Black)","tv, audio & cameras",Speakers,"These things kick butt and the price is very right. They blew my mind from day one and I love them more and more every time I want to be blown away.BIC has got a fan in me. I own 2-F-12 subs and together with the pair of PL-89 II,s made me truly enjoy my system! Thanks BIC AMERICA!!  UPDATE!! OCT 27th... Yeah the reviews are accurate as I read and experienced for myself they have broken in and they are truly excellent speakers! I had to lower my subs because the bass became too much as they got even better!! SOO.. I,m very happy and I recommend them to all who want fabulous sound and some cash to spare! I have had the same PSB tower speakers for 19 years and I thought it was time for a upgrade. I had surched the net for top rated speakers and fond the PL-89's came in 2nd from 2013 behind the WAY overpriced B&W; , so I checked into these and decided tp give them a shot.WOW am I glad i did, My Denon HT system has NEVER sounded this good for blu ray and CD's. The audio from Blu Rays are amazing. Now I consider my 90's PSB Century 1000i  to be great speakers but the Bic PL-89II blow them out of the water in terms of sound qty.I paid $528.00 for the pair and they easily could charge and be worth $500 EACHIf you are looking for new Speakers defiantly give the PL-89II a shot. I love these speakers...they are easily worth more than the selling price, especially compared to other brands like Klipsch.  Great sound, nice build, and looks great. Not being a audifile myself, but needed a speaker set up I was going to go the route as most none audifiles and buy a Bose system not knowing any better. Thank goodness I didn't waste my money. Several months ago my old roommate had bought a Bose system and thought they were great. Great volume but after going to my buddies house with his set up i discovered there was more to just volume but depth and feel of audio. Now this set up that i made isnt the top of the line or anything but works very well for my set up and size of room i am dealing with.Soon as I unboxed them they look great. Way larger than I had thought they would be but still dont over power the space.Took about a week for them to break in and start to produce some great sounds. Had a house party the week after and had the whole house shaking with the rest of my BIC set up.Bottom line, I love them and am happy shelling out the close to $600 I payed for them. :) These towers are WONDERFUL for movies, sports, and any other TV watching experience.  For music, however, I feel they leave a lot out in the mid-range frequency department.  Now, with the right receiver and EQ settings, this deficiency is almost non-existent...but it still exists to the trained ear.  I would also like to see a bi-amp option for these towers.  Overall a great buy for the typical home theater setup.",4.777777777777778,91,0.0,85000.0
B0026FCKAA,Nikon En-EL9a Rechargeable Li-ion Battery - Retail Packaging,"tv, audio & cameras",Camera Accessories,"was a great reasonably priced backup battery for my D5000.  The original Nikon replacement was outrageous!  Thank God for the internet.  Or Buddah or Allah, etc... I needed a back battery to take on shoots and was weary of buying off brands. I'm glad I decided to go Nikon. The babies is the exact same as the one that came with my camera and the battery life is great. I can go a week + without needing to charge it and I use my camera everyday. For only $30 it's cheaper than 1/3 the cost of an ac adaptor (for the Nikon D5000).  The only way for my D5000 to work with AC is with a $30 dummy battery and a $70 AC adaptor.  I'm surprised that the battery is so inexpensive in comparison to the AC adaptor.  And so I am very happy with this purchase. I've used these batteries for years, probably since they were first developed. I've never had one fail to perform exactly as advertised. I bought this as a replacement for my D5000. It is exactly like the one that came with the camera. Excellent choice.",4.4,251,1675.0,2999.0
B00275XTSQ,Lowepro Toploader Pro 65 AW (Black),"tv, audio & cameras",Camera Accessories,"This small version of a large camera case is perfect.  I have a Nikon D70 and a few lenses, but periodically, I wish to carry the camera alone, rather than the larger bag I keep it in.  This works great, never worry about the camera banging loose on my side while I am ready to take photos.  It is easy to carry, easy to reach into, and comfortable without feeling bulky.The padding is thick, providing great protection for the camera.  The larger pocket is just enough for small items especially the Nikkor lenses I have.  I like the color, the strap is long enough and the case feels good at my side.  I like the weatherproof rugged material.  Since I don't do a ton with the camera, this is just my size for carrying around the camera.  .....Rizzo The Topeloader Zoom 45 should be good for a DSLR with an attached zoom lens of up to 55mm. I had no problem getting my Sony Alpha and a few small accessories in it. While this is an adequate camera case, I decided that the Alpha will stay inside my slightly more expensiveSony LCS-AMA/B Digital SLR Carrying Case, specifically designed for it.Since there are many reviews already discussing this case, I thought I'd offer a brief comparison between the Lowepro offer and the largely similar Sony case I've been using for the past few years. I would like to make it very clear that the Sony product costs about 35% more so it being the better choice (if price was not an issue) should not be a surprise.LOOKS AND DESIGNBoth cases are black but, if placed next to each other, the Sony is larger (more room inside) and the fabric looks cheaper on the Lowepro. In addition, Sony's displays a leather-like (probably plastic) accent on the front.The Lowepro has one unprotected outside pocket which for some reason appears to be made of an even cheaper-looking nylon. A second internal pocket is protected by padding and it should probably be used to store more fragile accessories such as memory cards. Sony's 2 pockets are both external and some level of protection is achieved by the sturdier material that's lined with some thick velvety fabric on the inside. Sony's case does not have interior pockets.The Lowepro's insides are a thin grey nylon holding some protection pads in between them and the exterior wall. Sony's interior is an elegant velvety and its protection pads are not as obvious as the Lowepro's, making the Sony's the more elegant case, inside and out.Unique to the Lowepro is the rain protection cover that hides inside a secret, Velcro-locked compartment. It sounds like a good idea - when it rains, you pull out the cover and... cover your case with the camera inside. In practice, I've had my Alpha case for several years now and it's been to quite a few places and I don't remember a time when I wished I had a cover that I could use to cover my camera case. But it's good it's there.UTILITYBoth cases had no problem accepting my Alpha and I was able to find room (pockets) for the few accessories I carry: a USB cable, a memory card, a quick cleaning kit.Both cases come with an adjustable and removable shoulder strap, a grab handle (Lowepro's is padded) and a belt loop. Sony's case, while larger or rather because it is larger makes it somewhat easier to quickly get the camera in and out of it and its side pockets are easy to access. Lowepro's internal pocket may offer more protection.EVALUATIONThe Lowepro is not a bad case and I would use it if I had no alternative option. However, knowing what I know, I am going to keep Sony's as my primary camera case. If I had to make a purchase decision, I would pay more and get the Sony case. These being said, the Lowepro earns its 3 stars which, on Amazon's star scale means ""it's Okay""._____________________________________________Note:I just noticed that reviews from more than one model seem to be bundled together: 55 AW, 60 AW, 65 AW, 75 AW. THIS review is for the ZOOM 45 AW case only. The cases are quite different, it seems so I would be mindful of this. For example, one review states that you can rearrange the removable foam pads, which is nice but this is not a feature found in the 45 AW. Naturally, any comments regarding the bag's roominess should be related to the specific model. I love this bag!  I use this bag mainly for hiking and in the future, biking.  I use it with both the shoulder straps and chest straps, both are excellent ways to carry the bag.  I use it to carry my 1D Canon with a 70-200IS zoom attached, a strobe in the exterior pocket, and cards and spare batteries.  I don't regret buying this bag and would recommend it to anyone.  Great bag!Update (08/23/2011): I've been using this bag very frequently for almost two years now and for the most part, I love it.  It's still just as functional as when I first bought it.  There is a problem though. On one side of the bag where the shoulder strap attaches to the bag, it's beginning to tear alittle.  It may be due to frequent use, but isn't that what the bag is for?  The bag is still serviceable, but I'm not sure for how much longer. This is very well thought out. Plenty of room for my full frame camera with medium zoom attached. I like the built-in rain cover. I use this camera bag for backpacking.  I attach it to my backpacks hit belt and it works great.  It's not in the way while I walk and keeps my camera easily accessible.  The bag has plenty of padding and the built in all-weather cover is a bonus while in the wilderness.  It's designed to fit a DSL with a vertical grip but will fit a camera without one with some extra room.  I can fit my Nikon D200 in this bag along with a 28-80mm lens without the lens hood or the lens hood inverted.  The extra pockets are nice along with the buckle to close the bag.  While hiking I never zipper up the bag unless it's raining.",4.523076923076923,79,2690.0,5500.0
B002CQU14A,"Noctua NT-H1 3.5g, Pro-Grade Thermal Compound Paste.","tv, audio & cameras",All Electronics,"First time switching away from Arctic Silver. I definitely don't regret it! This stuff is inexpensive (this tube is huge, and will last for at least 10 builds), easier to apply, and the cooling performance is equal or better in every case I've seen. You get quite a bit in this syringe and it works well. I game quite a bit on my L502x and I used this thermal paste to refresh the older  thermal paste on my laptop. No problems after a month. Its a good paste easy to spread and it Dropped my temps about 5 degrees c from Arctic silver 5 I am not one to run bench marks so i am not going to rattle off temperatures that probably don't have anything to do with what particular hard ware you would be using this thermal paste on. I am just going to say that this is one of the best thermal pastes out there in terms of performance. Once you get to a certain level of quality, there really is a negligible difference between them in terms of temperatures.However Noctua Thermal Compound has a couple of features that make it rise above the competition. Firstly it requires no curing. Compared to other thermal compounds that may take weeks, if not longer, of high temperature, as well as temperature cycling (going from hot to room temperature) to reach their peak performance, this compound is at peak performance from the moment you install it.Second feature is its low viscosity. That is, its not as thick as some competing thermal compounds, meaning that no matter what CPU you are installing this Noctua Thermal Compound on, it does not require spreading nor tinting of the thermal compound on the CPU/Cooler. All installation requires is a small pea sized dot of Noctua Thermal Paste in the center of the CPU and then place the heatsink. Because of the low viscosity of the thermal paste, the pressure between the heasink/waterblock and the CPU does all the work of spreading the thermal paste evenly and without any performance-decreasing air bubbles. Transfers more heat than AS5, even though it's a little more expensive. This little tube provides enough thermal insulation material to repaste your chip 50 times over.",4.854166666666667,"29,552",796.0,999.0
B002DP1FTU,Shure Srh440-Bk Wired On Ear Headphones Without Microphone Multicolour,"tv, audio & cameras",Headphones,"These are very analytical at times, and fast headphones. They do really well with all sorts of metal, rock, acoustic, classical, and even electronic. Throw any of your most complex and noisy songs at these headphones and they still still be able to separate everything out and let you listen to everything. As with most full sized headphones, this one is no exception, the 3D imaging is very good and among the best I've ever heard. They are comfortable, but not built from the best materials. They will survive multiple drops for sure, but they creak a lot, even when new. The plastics are decent, but the headband and earcup pleather isn't from the highest quality sources. Also sometimes my ears can feel the dynamic drivers of the headphones! There is no headclamping tho! and they do fold up!Compared to the also really popular Audio Technica M-50, they sound much less colored and professional, but with distinctly dropped low end bass response. The M50's probably are just a tad slower, so they are fine for metal and rock, but their treble is less smooth, the bass is at times too bumbped, and mids are clearly recessed. also soundstage and instrument separation is better on the shures. On the other hand, if sound quality is second only to build quality, go with the Audio Technica's. They are clearly superiorly built. They are made form better materials and have better cushions, although the headclamping was quite severe for my slightly large head. Bought two of these for two of my sons.  They both wear them often, for long periods of time, without complaint, so they must be comfortable.  Nothing has broken.  I appreciate the replaceable cord, as I expect that the cord is the most likely part to fail.  The sound quality is the best of any headphones I have used, but bear in mind that I have not used any high end audiophile headphones.  Plenty of bang for the buck in this item. These headphones produce amazingly clear sound.  I'm hearing details in almost all of my songs that I'd never heard before, and I love that.  The problem is that I can only enjoy the sound if I'm perfectly still, and ideally lying down.  The perfectly-still part is because these things creak *terribly* every time I move my head even the tiniest amount.  I'm not talking about full head turns, just the small adjustments as I look from one side of my computer screen to the other at work, or glance up as someone passes my cube.  It's maddening.  The lying-down part is because they do dig in right at the top of my head after an hour or so.  I don't think I'm at all unusual in terms of head size/shape or amount of hair; it's just that the phones are too heavy to stay in place with lateral pressure (they'd crush your ears) so they have to rest slightly on top instead.  Between these two factors, I love these headphones most of the time but absolutely loathe them sometimes too.  The most frustrating part is how little it would take for Shure to fix both of these problems.  A dollar's worth more metal in the hinges and padding on the top and these would be almost perfect.  How could they come so close and miss? An impressive pair of headphones, I bought them from Amazon after a long research and consideration, and I wasn't at all disappointed, especially after I bought an Asus D1 Sound card to go with it. Sound quality is perfect and you can hear new depths and details in Music when used with a good sound card. This combination of Headphones/sound card gives perfect sound with Classical Music, which is the only kind of music I listen to. Love these! great product and value for the money. These are some of the best headphones I've used. I've been using them pretty much none stop since Jan 2012 and they're still great. These are definitely quality build. Highly recommend for anyone that cares about great sound.",4.197368421052632,"1,556",13600.0,18000.0
B002DP594W,Shure SRH240A Bluetooth Wired Over Ear Headphone Without Mic (Black),"tv, audio & cameras",Headphones,"i record for hours a day the SRH240A meets my expectations there is other reviews with hundreds of words on them so if you want to know more about the pros and cons go read those instead but quality is good but here is one thing IF YOU SAY THESE LACK IN BASS IM GOING TO YELL AT YOU BECAUSE THESE ARE NOT FOR YOUR EXCITEMENT NOR FOR HAVING THE BEST BASS JUNKIE EXPERIENCE THESE ARE FOR DJ'S THAT RECORD MUSIC TO HEAR THE CLEAREST IN SOUND Easy listening, light on the head and it's got the style. Just one comment though... I wish the headphone was wired on just one side. But at the price I've paid for I'm satisfied. x] All the reviews I read about this headphone talk about the bass (or the lack thereof). I thought maybe the people just had unrealistic expectations. However, when I started listening to my music on these headphones, I realized that the headphone truly under delivers on the bass front. My much smallerKoss PortaPro  Headphones with Casehad better bass than this monstrous thing. And although the highs and mids are pristine, the little bass I ended up getting on using the ""bass booster"" equalizer on my ipod touch 2G ruined the experience. Even the tiniest amount of bass is distorted and hollow instead of being nice and deep. So I'm putting these headphones on the facebook marketplace and Craigslist. I don't want it anymore.Pros: Made a separate section because the only pro I saw and bought the headphones for this very reason, is the way the connector/jack is reenforced with the cable. My previous headphones have undergone much abuse from going in and out of my jeans pocket. And this thing looks like it will definitely hold up unlike others. They are very best what I expect, the sound is great and works terrific when I play the the drums, I am a professional audio tech for a sound company.  I bought these for my nephew for Christmas and gave them a test run first.  They easily beat out some headphones I've heard off of the shelf from your more mainstream consumer brands.  Are these headphones for you?  It depends on what you're looking for.  I would not mix audio with them, but I would listen to mp3s.  I don't think they try to replicate the true range of sound, but to give you the range you typically end up turning up on your ipod anyway.  Bass and treble!  Still covers the mid-range decently though.",3.9411764705882355,354,0.0,7322.0
B002FGTWOC,JOBY GorillaPod SLR Zoom. Flexible Tripod with Ballhead Bundle for DSLR and Mirrorless Cameras Up To 3kg. (6.6lbs).,"tv, audio & cameras",Camera Accessories,"I take a lot of low light photography and didn't like always looking for a stable place to put my camera. This solved my problems, Whether it's wrapping it around something or just placing it on a surface it gives me a stable place to set the camera for a timer shot to get those clear long shutter photo's. It's very light to carry around as well. I Don't go out on photo shoots without it! I was looking for a smaller tripod to take with me on a recent trip abroad for slower shutter speed shots.  I had used some of the smaller gorillapod tripods in the past with point and shoot but recently moved up to a DSLR.A few highlights:The ball head feature with level is because I can get the tripod all set up before putting the camera on it and then simply attach the camera.  This makes it easier/safer to get the tripod secure.Unlike a normal tripod, this one will work better on rocky terrain and can attach to things like tree branches or posts and still take great shots.I really like this tripod so far.  Would recommend having a remote shutter release for use. If you did your research on this tripod, you would surely know that it is a must buy for enthusiastic photographers. It is quite a good addition to your gears apart from the typical tripods. I highly recommend it. It is better to buy this bundle where you get the tripod and the ball head for one price.If you need to know more. Check youtube! :) a friend told me that this supports his camera with a large zoom attached....it did not support my nikon d60 with a 70-300mm zoom, I'm disappointed.  Considering sending it back, we'll see... Holds my Canon t3i and 70-300mm lens great. I wrap the legs around my balcony rail and take pictures of the Chicago skyline and other areas around where I live.Easily straps to the side of my camera bag for transport.",4.405063291139241,"3,838",3750.0,8990.0
B002FJQFIK,Aluratek Digital Photo Frame - Black,"tv, audio & cameras",Camera Accessories,"Nice and clear Screen This review concerns the ADMPF108F(hi-def, 512mb built in memory) and the ADPF08SF(standard photo frame)I first bought the standard photo frame ADPF08SF and was completely disappointed. I had loaded all the jpg images onto a SDHC memory card, and only about 7 of the 50 something i had showed up. The others said file not supported, and they had NOTHING in common, file sizes made no difference and i could not rememdy the situation. This frame had no remote, no way to randomize photos, and a very annoying menu access system. Picture quality was fine - on the pictures that i could get to show up. Needless to say i returned this. DONT WASTE YOUR TIME.I then upgraded one step to the ADMPF108F which made ALL THE DIFFERENCE IN THE WORLD. I took that same memory card (even though it has internal memory) and put it in this frame and BAM, perfection. All my files were fine, i was able to get some small videos to play as well as background music going just by going though the menu, WHICH was all accessible by both the back of the frame, AND the remote(which was easier) Quality was just as good. This one has start up and sleep timers, an internal clock, you CAN randomize the photos easily. The remote allows you to switch from pictures to video with one button and music as well. The stand (as always) is a bit flimsy, and you cannot really change the frame orientation, but otherwise fabulous.It included the USB connection cable in the box if you wanted to download photos onto the device itself, but i find memory cards much faster since i update it periodically for my grandfather. It worked at first but them after a day it quit.  I could not get to work again.It was the only thing I ever got from amazon that did not work as had promised. Purchased two (2) of these from Amazon. Arrived well packed and with all parts. All I could do ON BOTH was load pictures. The controls only move the 'cursor' but do not allow one to start or set any functions. E-mailed to Aluratek's customer support but never got a reply. Sent both frames back to Amazon and received replacements. Same problem; the OK button does not work. After 48 h got hold of Aluratek support who could not resolve the problem with out consulting with engineers. Second set of frames returned to Amazon. I got this for my Mom's memorial to show the over 100 pictures I had of her during the reception afterwards.  It worked so well and looks so great that I kept it out in my living room and now just load whatever pictures I want.  I've used family, sunsets, Halloween graphics, Christmas graphics, and vintage postcards.  The timing function works perfectly, and can be used for everyday or just weekdays.  A great item and I'd highly recommend.",3.8421052631578947,,10103.0,18874.0
B002HKHLDK,"C&E High Speed HDMI Cable 25 ft. 4K Resolution (7.6m) Supports Ethernet, HD, HDR Video, Bandwidth 18Gbps, Audio Return Cha...","tv, audio & cameras",Camera Accessories,"It works okay.  It is very thin and not as well built as the more expensive ones. This cable is good but not perfect. I was looking for a long cable to hook up my Desktop to my LCD TV. This cable has a good price for it's length but it has a problem.When I hooked this cable to my TV, everything was fine until I noticed random flickering red, green, and purple pixels. They appeared only on black colors. So I created an image with a black background to see if there was a problem.I tried three different shorter cables and they did not have any problems with flashing pixels. I thought that this is a bad cable because of the problem. Later on, I hooked the cable into different HDMI ports and everything looked fine.I don't know if it's a problem with the cable since it works in other ports or if it's a problem with the HDMI port since other cables work in it without problems. Seems like nice quality of picture, but be very careful when installing your device that you don't push it up against a wall or cabinet too tightly as it will easily snap the end off of this cable.  This may be the case with all HDMI cables, not sure as this is the only one I've ever had that happen to.  But, let's face it, at this price..... who cares not like you paid the exorbitant price that the big box store charges.... just be careful.... unlike myself.... 25' HDMI cable at a reasonable price - no reason to spend more.  No problem with connectors.  Delivers a perfectly clear signal from computer to HDTV accross the room. Does what it is suppose to if you need a long this will work.  I paid $6.50 so thats a good deal.",4.389830508474576,"1,322",962.0,1399.0
B002L60TTI,Hoya 77mm HMC UV Digital Slim Frame Multi-Coated Glass Filter,"tv, audio & cameras",Camera Accessories,"Nothing special - working as i expected. Good protection for expensive lens.BTW UV protection is not so strong, but better than nothing.Easy to clean up.Think  that it costs money spent on it! I bought this to use with a Nikon 18-300mm lens. I use UV filters as a &#34;cheap&#34; way to protect my lenses, and I always buy glass. I always leave them on. this one fits perfectly on the lens I have. Recommended All I can say is that it works and I don't see any color shift in my images while using this filter. I don't think it went through QC.  The part came defective, the glass was scratched and even broken around the rim.  I immediately printed out the label and returned it. I took this out of the packaging case, put it on my lense, went out and shot a few pics. Everything looks okay on my LCD screen until I uploaded to my PC. There were these little weird coloration dots and blobs on my pics! I thought could have been my lense getting dirty, sensor dust etc, but when I took the filter off, the dots were not there. So I tried cleaning these blobs off with my lense leaning solution and it did not came off. What a bad build. I would not recommend this. In fact, I don't recommend buying anymore UV filters. They are a waste of money. Just get a CPL or ND and you are set.",4.411764705882353,"10,130",5942.0,8999.0
B002L6937C,Hoya 58mm HMC Ultraviolet UV(C) Haze Multicoated Filter,"tv, audio & cameras",Camera Accessories,"I purchased this product as protective device for my Canon Powershot G 12 and has worked flawlessly . I've used Hoya filters since the 80's and have never failed I bought this after purchasing a cheap UV filter last time and I have no complaints here. Definitely worth the little extra money to buy this lens. What it comes down to is I'll gladly spend $15 to project a lens worth hundreds of dollars any day. Good buy. This is a very nice filter.  It fits the lens well and does the job well.  It serves to eliminate glare. This filter is made in the philippines and not japan, Is it a big issue? for me it's a NO.. why? Tokina/Hoya has branch factory in the philippines and it's the same company owned by Tokina Corps/Hoya from japan. The reason why it's cheap is because the labor in the philippines are cheaper than japan and it doesn't mean that it has less quality built or CHEAP quality at all. I owned 5 different Hoya filters, 2 made in Japan and 3 made in Philippines and I don't see such a big differences comparing japan/philippines made. Both works great and never fail me yet. Hoya is a very good filter for the money. People shouldn't get bothered where it made from because it's from the same company. Nothing big difference except for labor wise.This filter has nice quality built, Good for protecting lens against dust, I bought one for my 50mm 1.8G, I wasn't going to buy one but it's kinda hard to protect the 50mm 1.8g since it has deep glass, using the hood is still not enough to protect against dust so I thought of getting a hoya. I also debated between this and the pro1 digital hoya that made in japan but why bother spend more money if you can get a nice and cheaper filter? Was very happy at first with the Hoya Haze Multi-Coated (HMC) filters I bought here. But, while on a trip to the USVI the main lens' filter got smudged inadvertently. Never had a problem cleaning filters before, but NOTHING we tried (Kodak cleaner, lens wipes, micro-cloths, warm breath - you name it) worked and we ended up removing the filter from the lens for the duration. When I did a little digging I found lots of ""hate mail"" and debate about this problem - with a number for folks surmising this couldn't be a problem. The one consistent fix I read about from pros who had experienced this with the multi-coated Hoyas only, was to use Anhydrous Methyl Alcohol (a HAZMAT product). So I've tossed the Hoyas into a ""rainy day project"" bin to see if I can get the smudges out without resorting to HAZMAT. I'm replacing these with theB+W 58mm Clear UV Haze with Multi-Resistant Coating (010M)and theB+W 58mm Clear UV Haze with Single Coating (010)based on reviews and my digging through the web.Bottom line - when free of greasy smudges (all it was for us was simple skin oil from a finger print), these are nice. Once smudged, look out, or better yet, take off.Original Post: Bought a couple of these for the wife's new digital SLR and we just love them. Really high quality filter and coating. Very nice packaging. Seems to shed dust, if that's even possible. Easy to clean and very nice threads making it a perfect fit with our 58mm-wide Canon lenses. So much cheaper than Canon, too. We're not professionals by any stretch, but these are a great addition to the bag and cheap insurance for the valuable lenses. We took some side-by-side pictures - flash and natural - and cannot tell any difference with the filter on or off under non-hazy conditions. Haven't really tried in hazy settings, but that's only a secondary reason we bought them (protection was the main reason). Would buy again and recommend to friends and family.",4.386363636363637,"10,130",920.0,1350.0
B002L6BXYI,Hoya HMC UV Digital Slim Frame Multi-Coated Glass Filter 55mm,"tv, audio & cameras",Camera Accessories,"Hoya abit better than Tiffen and this one was a good deal, alot cheaper than any local stores in my town I think Hoya filters are worth the extra money and this one is worthy of the name, except that I wish the ones made in the Philippines didn't always line up on the threads so that its always the country of origin and not the Hoya name on top. Never really know why you buy one of these as a UV filter on a DSLR but I use them for lens protection. This has the added advantage of noticeably reducing glare when I was 'contre jour' and the same when you take in a house and the glare is coming through the window to one side.I have a A57 and it fits perfectly on the 35mm f1.8 lens. Got a Minolta Beercan off ebay for a steal, but it was lacking a whole lot of things (front cover, lens protector, hood), so a little Amazon and Ebaying and it's as good as new :) It was delivered promptly.  The filter is high quality and I have not had any issues with it.  I use it to protect my lenses.",4.214285714285714,719,880.0,1300.0
B002LBSEQS,SAMSON SR850 Studio Wired Over Ear Headphones Without Mic (Black),"tv, audio & cameras",Headphones,"The Samson SR850 is a over-the-ear semi-open headphone.  They bear a striking resemblance to the AKG K240 but with a different color scheme and vent designs.  They have a 32 Ohm impedance, so they can be driven easily by on-board sound cards, mobile phones, dvd players and etc.  The package includes the headphones, a 1/4 adapter, and the warranty and information card.The headphones are fairly light, with a large pleather headband that rests comfortably on your head.  These have a self adjusting headband so you can just put them on without any adjustment.  It is made mostly of plastic and feel somewhat durable.  The cable is pretty thick and the ear pads are made of a semi soft vinyl.This is a pretty bassy headphone especially if you EQ the low end a bit.  They are extremely good or watching movies and video games as they have fairly large sound stage and sound great.  The bass extends pretty low and is a little muddy.  The mids feel little neutral and the highs have a slight sparkle to them.I feel that these headphones are very good for gaming and are a solid choice for those wanting something like the Audio Technica AD700's with a lot more bass.  The price is very attractive and the headphones perform extremely well.  The only flaw that I see are the stock ear pads, they are very rigid and uncomfortable.  I would highly recommend replacing them with the Creative Sound Blaster ear pads if you like pleather, or the AKG K240 velour ear pads if you like a velvet material.  Because of ear pads, I give this product a 4 out 5 stars. Straight out of the box typing this review while listening to the highest quality .wave music i got. well what can i say, these are definitely light, they look cheaply made, but judging from the feel of them I'd say they're strong (guess we'll see in time). now for the importance of sound because we all know that these are not pretty, not beautiful in any way... out of the box, these headphones seem a little harsh on the ears (mostly in highs), ears started ringing shorty after trying them at a high volume to see how they would sound. now after dumbing* down the level to about volume level 38 they seem good, just right for now, not too harsh but on the limits (but once again, haven't burnt them in yet and I will update with a comment once i do. first thoughts on these, are why is the ambient noise so easy to hear, like a high powered fan in the room, but then again these ARE SEMI-OPEN headphones so i mean i don't blame them in any way... overall, i would definitely mix projects with these in studio use, I've listened to about two separate mixed down projects and they sound pretty good, so I mean i was kinda expecting alot more out of these than the pair of headphones i currently own, but i mean they are way better sounding, but just feel like i would want to be in a closed environment while listening to these (ex: passive/active noise cancelling, makes you feel like your IN the music or its right there with you... these headphones do not have this effect, it feels like your listening to well ""headphones"" lol. but they do sound good.) the cord is long, the gold plated plug is simple sweet, makes you feel like yes, they did think about quality when making these (the larger tip screws onto the smaller one). once again listening to music whilst typing this review, they do get warm on ear but are tolerable so that's not yet a bother to me. comfort wise, they could be a little smaller NOT MUCH, but just a Lil bit, but the self adjusting headband *Genius*, i like. and well that's all I've got to say hence far.Hope this is helpful from an out of box point of view. These are better than I was expecting. I've seen great reviews for them on a lot of tech forums so I decided to try them out. Gotta say, if I ever break these I will buy another of the same. Was considering beats audio until I found out they are nothing but poop with glitter on top. PC Gamers..As much as you'd like to brag about that nice, badass 5.1 surround sound you have, chances are you have neighbors, like me, and can't exactly blast your gaming as loud as you'd like..So you sport a pair of gaming headphones, ones that have the microphone integrated, or simulated surround sound.. And are content with that like I was. Until I purchased these headphones.Granted, these do not include a microphone.. But a good standalone microphone, like the Zalman ZM-Mic1 I have (http://www.amazon.com/gp/product/B00029MTMQ/ref=cm_cr_ryp_prd_image), clips perfectly on the cord and has amazing reviews as well. .Giving me a combination of a good microphone and headset..The sound card I have on my Desktop PC is an Asus ROG Xonar Phoebus. With this soundcard i've had three seperate headsets. A Plantronics Gamecom 777, Creative Fatal1ty Edition, and a Turtle Beach Ear Force X12. All three of those are absolute garbage compared to these open ear Samsons...Everybody's ears are different, but I have to say that for the money these headphones blew me away. Listening to music after I broke these in was astonishing. I was hearing things I've never heard in my songs before.. And I'm not talking about crappy 128kb MP3s I got from Johnny Vanu down the road, I'm talking about FLAC audio, and 320kb/s lossless MP3s. It's a very versatile headset that I would highly recommencement be paired with a decent clip on microphone for a full, isolated gaming experience (For when you can't break out the true surround sound) I'm not an audiophile, but I don't get why everyone is so high on these cans.  Very cheaply made...cheaper than headphones that cost $20.  Cheap packaging.  They arrived curled up in a way that they were lopsided, cause there was no form holding it in place in the box.  Also smelled like toxic chemicals.  Sound is just mediocre.  JVC HA-RX700 sound better IMO, and cost significantly less.  I feel like rating it a 1 star, but I'm feeling like I'm missing something because these are almost always recommended as the best budget headphones.  If they were $20 I wouldn't complain (as much anyway), but at $50 these seem like a worst buy. RX700, even the ATH-AD300 is better.Also, for people with either a bigger sized head, or someone who doesnt like pressure on their heads, these are not comfortable.  The material of the padding (I use the term padding loosely)  on the cups, cheap headband, and the smallish size, just made me want to take them off as soon as I put them on.  I was tempted to put them on a basketball and buy replacement cups, but really, at $50 you don't need to go through that hassle.  And that would put the total cost in the non knockoff range of the lower end of the better mid range headphones.  haha, if that makes sense.Anyways, these are a try before you buy kind of thing.  Not quite cheap enough to be throwaways if you don't like them.  Lots of people like them, so you might as well.  Just don't expect too much from them.",4.111111111111111,"6,407",3334.0,3747.0
B002RJLHB8,Polk Audio T15 100 Watt 5.1 Channel Wired Bookshelf Speaker with Dolby (Black),"tv, audio & cameras",Speakers,"Truly surprising sound quality. So impressed, made me decide to see what the higher end Polk RTI A1`s sounded like. Think thats part of Polks clever marketing plan...give you something incredible for cheap...suck you in, expecting you will likely buy more Polk stuff. Bass does lack somewhat as others have said...but it`s not bad either. Mid-upper range is just great. Crossed over around 80~100 hz with a nice sub, to get the lower notes/bass off them, and you got great sound for very little money. Now day`s they have been moved to rear surround duty in my 5.1 set up. Simple, but nice looking, great sounding speakers for the money. Well this little project is done and I could not be more happier with the final results. The Polk Audio T15's came in lastnight, and the joy of using banana plugs make switching out speakers a breeze. I put the T15's through some test music from the following artist:Earl Klugh - Solo GuitarSteely Dan - GouchoTeereny Sutton Band - American RoadJill Scott - Heat of the sun5.1 mode:SW Episode 1 Pod Race BD versionThe T15's are surprisingly much more easier to drive than the LX5's, resulting in less effort from the VSX D510 to produce a warm airy sound that filled the room. The old addage of using matching speakers rings so true with this setup as the T15's blended very well with the Polk Audio PSW 10 sub with one not dominating over the other. I thought I would miss the 360 degree tweeters of the LX5's. but the T15's have a very wide pattern with a detail sound. The most impressive part was the depth of the sound. It just gave a sense of more sound and less roll off (if that makes any sense). I felt the design of direct speakers gave a better center image of vocals and made me check the center channel to make sure it was not working. The LX5's are no slouch, but just need to be placed in the right positions to excel. This room was just a bit to small for them to be able to reach their full potential, unlike the master bedroom where they sing like the birds. I also did a test in 5.1 to see how they would handle BD and DVD's. They worked very well and even found myself hearing things from the right and left channels I had not heard before or should say not in such detail from each channel and I contribite most of that to the size of the room where there is not enough distance for the sound to blend together compared to my other HT systems. I look at this as a classic example of matching up the right speakers with the right room and getting the desired results.I would highly recommend these Polk T15's and you can get them dirt cheap new (under $100) retail. As part of a 2.1/5.1 setup you could do much much worse. ok ill give you the lowdown of my game/cinema rooma huge plasma by panasonic which has great speakers for midsi started with these as my surround soundi have then added two onyo large speakers, a onyo center speakerand recetly two large kenwood bass reflex retailed at 300$and do you know what ? these polk audios are the loudest speakers i own, and have more bass. the blow away all my other speakers that roughly 5 speakers + tv speakers are being overshadowed by two of these. i actually bought these from bestbuy on sale, 90$'s for a set of speakers, i tested them and the sales guy just had me sold on a demo of these and i have NEVER regretted it, by far best sound i have in the house and loudest, and they are bookshelve speakers!!! small and easily portable and fit anywhere, whearas my 5 others are large and clunky i am actually thinking about junking them to get a set of olk audio t15's again and maybe 2 larger models because they just cant be beaten ! After an extensive search for a new pair of speakers to complete my living room HI-FI system, I decided to walk into a local Kenosha WI retailer just to shop around. I asked the store attendant for a good, inexpensive pair of bookshelf surround speakers and he said &#34;These are on sale and they are the last pair left&#34;. I really liked the sound reproduction the minute I listened to them. The bass sounded deeper than other more expensive models. At first I thought I'll use them to add to my small family room as left/right speakers. So I purchased them for an even lower price compared to any other offers. When I got home I told myself, let me try these in the living room first, easy wire hook-up and OMG!! WOW!! WHAT A GREAT CLEAR SOUND & DEEP BASS PLUS A PERFECT COLOR MATCH TO REST OF MY HI-FI SYSTEM!! SO THE LIVING ROOM IS WHERE THESE BABIES ARE STAYING!!! I bought a pair of the T15 speakers from Polk Audio for use with my computer to replace the life-less speakers that I was using prior. I bought a class ""T"" amp with a built in DA converter that plugs into a USB port on the computer and the speakers attach to the binding posts on the amp. This little set-up has made the computer more usable as a listing device for music(the amp also allows me to use my Sony V6 headphones via the jack on the front of the amp). The Polk speakers are great in the mids and the high range, they lack a little on the bottom, but still very listenable, they work just fine using Itunes, but they work better with the higher bit rate songs. I would recommend these for anyone looking to upgrade from the traditional sound card/computer speaker setup.",4.409090909090909,"6,138",0.0,0.0
B002RMPHMU,Dayton Audio B652 40 Watt Wired Bookshelf Speaker (Black),"tv, audio & cameras",Speakers,"At $44 a pair you really can't find a better pair of speakers.  Shipping was free and they came in three days.  I wired them up to my Yamaha receiver and they sound great. First, I'm not going to attempt to compare these to other speakers out of the price range of sub $75/pair.I was expecting these to be a bit chintzy and not be able to deliver a complete, full rich sound, I WAS WRONG!I bought these to have a pair of speakers in my front room to listen to while having company over. I have a decent studio in the back with a pair of HS80's that I love to death.  But it sucked having all the stuff in the back room and having to walk back and forth.My place is sort of empty with wood floors.  I have these over in the corner, facing away and up towards the walls.  They completely fill the front room (900sqr ft) with no troubles at all.This is only my second day using them and well... they are just perfect what I wanted. for the price it made my old stereo sound great, the base and mid range were greatly improved,the look is good to,very good for the money For the price paid, these are far better than they have a right to be. The size is good, the construction is well done, and the sound is awesome....what more can you ask for for under $50.00?? I cant believe the complaints on here about the sound....for what you paid it takes a lot to complain. What did you expect, the best sound out there? The highest quality??You get exactly what you pay for here, and that's not a bad thing. Try them out if your in a small office of for the bedroom, they just might be all you need. Got a pair of these about a year ago.  These new ones sound way better then the old ones.  Love it!  Laptop, LP-2020A+ Lepai (2013 model) plus these speakers and life is good.",4.076271186440678,"1,208",16799.69,26879.5
B002SYS22E,Ubiquiti BULLET-M2-HP Outdoor 802.11 B/G/N M2HP,"tv, audio & cameras",Security Cameras,"I had one of these that worked well for two years then quit.  The new one didn't work at all and Ubiquity support was horrible (e-mail only, slow, repeatedly wrong/inefficient advice).  After 3 weeks of trying I returned this product but will probably buy one from a reseller who is willing/able to actually help with any issues.  I should add that I'm very technical but this product, if it doesn't just plug and play like my first one did, is for geeks only.  Any troubleshooting and re-configuring beyond the defaults is not for the technology faint-of-heart. I purchased this for use in a Motorhome connected to a WifiRanger Pro.  The Ranger has a plug for their own version called the WFRBoost.  The Bullet2-HP is higher powered and with a proper antenna can reach an access point MILES away.One caveat is that it is too powerful for close in connections.  Dialing down the power settings does not really seem to help.  If you try to use it to connect to an access point too close you will over power the access point and not only will it not connect but can cause interference with anyone else trying to connect.I mounted mine to an 8db omni directional antenna.  That in turn was mounted to a telescoping flag pole with a mount that slides in the receiver hitch.  That setup allowed me to connect to a public hotspot at a Marina while camped a couple of miles away on the beach.For a primary use in campgrounds and RV parks I would recommend the lower powered bullet2 and a 3db antenna.I dropped a star because to a novice it can be somewhat intimidating.  The interface is intuitive if you have a networking background or are using something like the Ranger.  A beginner will be very confused as to how to set one up. This is the coolest thing ever. It has a sweet user interface. It has a lot of advance features. It may not be for those with little experience in setting up networks. This allows you to do many AP options.I have heard of weatherproof problems. My advice is to put this where there is not much exposure to the elements. For those who have no choice, there is a Titanium Bullet for a bit more $$$. This is a grest access point.  I purchased it with its ethernet power supply and the eNgenius EAG-2408 antenna as a relatively high power HSMM node for amateur radio use.  It took about 15 minutes to get working and is 20 dB more powerful than my previous Linksys system,It only has one ethernet port, so this appears to be perfect for mounting outside to form the mesh, with a Linksys unit inside to connect to the internet if needed and provide connections for the systems.Excellent unit! This is a very good product for its purpose.  There is the usual complaint about Ubiquiti not putting some marketing money into making their product line more &#34;user friendly.&#34;",4.166666666666667,311,0.0,0.0
B002SZEOLG,"TP-Link Nano USB WiFi Dongle 150Mbps High Gain Wireless Network Wi-Fi Adapter for PC Desktop and Laptops, Supports Windows...","tv, audio & cameras",All Electronics,"This is NOT plug and play like some other reviews led me to believe. I do not have a CD/DVD on my PC so it was a slight inconvenience not being able to plug and play. I ended up having to using my laptop to make an ISO of the disc then transferring that to my external drive and virtually mounting it on my PC. My only other issue is that the antenna is on the side of the unit. For me, this meant the antenna was pointing towards the ground and in the way of some of my other wires. It would have been better had the antenna been on the end of it.Aside from that, installation was easy. You simply plug it into a USB port, install the drivers (I installed the drivers only, there is no reason to use the software they provide), waited a minute or so then saw that there were wireless networks available. It seems to work well so far. I haven't tried to do any streaming but it was getting good speeds and wasn't randomly disconnecting me. This installed without problem, but when I did a speed check, the download speeds were around 1.5 mbps.  We usually get around 20 mbps.  I replaced it with an Ethernet cable, and now all is good. I got this to replace a failing Cisco adapter and the difference is amazing.  It maintains its connection without fail, and I am achieving greater speeds than I ever did with the old adapter.  I like that it comes with a long cable so I can position the adapter a little closer to the router. It's also smaller, shorter & has a longer warranty than most other Wireless-n adapters with the same specs.  So I highly recommend it. the product connected me to the internet for 2 sec then my acer computer never recognized it again. i waited quite a while for the delivery and then the device failed me. BUT on the bright side  there was no issue in getting my refund!",4.179558011049724,"183,124",699.0,1339.0
B002T4D3M2,"TP-LINK TL-WN821N 300 MBPS WiFi WI-FI Wireless N USB Adapter, MIMO, WPS Button, Supports Windows 11/10/8.1/8/7/XP, Mac OS ...","tv, audio & cameras",All Electronics,"I purchased this wireless adapter to transfer data from my laptop to main server and back at a speed faster than ""G"" speed.  My laptop has (at least I thought) a weak antenna and is only capable of wireless-G speed.  This adapter should provide me with higher ""N"" transfer speed and better reception.  I installed the drivers on a Windows 7 32bit machine without issue.Test results:Laptop Built in Wireless 3945ABG card ASUS G1 :Maximum transfer speed : 1.21 MB/sSignal Strength (-60dbi)TP-LINK TL-WN821N USB Adapter from exact same location :Maximum transfer speed: 1.8MB/sSignal Strength: (-72dbi) *** LESS than built in card even though number higherBy moving closer to the router, the TP-LINK TL-WN821N data transfer speed picked up to a maximum of 7.15 MB/sIs it worth it??  I suppose if you need an adapter, this one will do, nothing remarkable. This WiFi adapter works well.  It always connects and doesn't drop the connection.  I use this on a linux desktop machine running debian.  I did have to install the correct module from the repository to get it to be recognized but that's to be expected on linux.  Have not tried it on Windows but I am sure it will work just as well and of course you would just use the included driver disc for that. Unfortunately, I cannot give this device a good rating.  It's really suited for an individual who knows nothing about computers and just wants a simple connection.  This device is not suited for advanced IT users who want all the features.  It is a 2.4 GHz only device!  There is no separate 5Ghz band.  Because of this you may experience a lot of interference with older 2.4 Ghz wireless devices.  The software program is also very simple and you can use Windows too to connect.  Another issue I had was that it does not support MAC filtering.  It doesn't even have a MAC address printed on it.  I tried to contact support but they ignored my emails.  I got no response.  I might just throw this away or give it to charity.  I went back to my old Linksys device.  For wireless adapters and routers, stick with the brand names.  You get what you pay for! This is my fouth TP Link, an excellent product, I recommend this to extend wireless range anywhere. If you are out side roaming, it is reasonably directional using the extension it comes with, to find the source of a wireless signal. The 300bps wireless n is clean and clear over 300ft of tropical rainforest, so room to room or building to building is no problem. Doesn't work on Windows 7 (even though it says it's compatible). Doesn't work on Linux. Doesn't work on Vista. Complete and utter garbage. I ended up going out and buying a different wifi adapter at Best Buy. Don't waste your money.",3.9714285714285715,"183,124",699.0,1499.0
B002U1ZBG0,SanDisk Cruzer Blade SDCZ50-016G-135 16 GB USB 2.0 Pen Drive (Red),"tv, audio & cameras",All Electronics,"The drive works fine and I like the indicator light, BUT you have to hold the slider part AND the outer case with one hand to keep the drive end from sliding back into the unit.  There should be some kind of latch and release there, like on a box cutter.  No problem on my PC, but it is a drag on a USB slot that is not as accessible like the one on my blu-ray player. I bought this flash drive specifically to use in my car for music. I don't change the files on it often, but when I do, I wish I had gotten a faster flash drive. It's most noticeable when moving large numbers of files or large files, at which point I just drag and drop what I need and walk away from my laptop.Otherwise it's a great little USB drive. It feels sturdy, has no moving parts so nothing that will stop working. I just wouldn't use it as an everyday flash drive. It was working well and was being used rarely, so no heavy usage...than one day it won't let me format or delete individual archives. It will show the ""write protected"" message. Surfed around and found this is a common problem in Sandisk USB Drives, a shame. Delete all of the garbage that comes from the company and takes up half the memory. Once you do that it is the drag and drop device it should be. Really good price for the size. 4 not 5 only because its loaded with junk out of the package There is a reason this drive is so inexpensive. In my opinion this is an extremely slow flash drive. The casing and USB tip of this drive is soft plastic. I do not have high hopes that this drive will be durable. There is no drive access light. If you are going to be using it regularly I would pay a little more and get something better from SanDisk.",4.184210526315789,"74,129",259.0,450.0
B002U4QP9O,"Fotasy Manual Nikon Lens to M43 Adapter, F Mount MFT Converter, fit Olympus E-PL8 E-PL9 E-M1 E-M5 E-M10 I II III E-PM2 E-P...","tv, audio & cameras",Camera Accessories,"This adapter is not of good quality. Because of the force you have to put in it to remove your lens, it might cause damage. I'm guessing by the mixed reviews, they used to ship a different version. To be safe, I would not buy it. But if you want to try it anyway, you can buy the one I have ;)But I give it this, it does fit the camera, and the lens does fit on it..but it is bad quality. The inside of it is semigloss black paint, this will causes it to degrade image quality. Inside of adapters should be flat black and not smooth.I do not give one star review very much but I'm doing this to send a message to the company. Charge a extra 5 bucks but please redesign this adapter. The adapter does work, just had a little problem at first. You have to set your camera to ""shoot without a lens"" from the menu in order for the adapter to work. Lens adapter securely mounts Nikon lenses to my Panasonic GH2 with no problem at all. Easy to change lenses, nice piece of equipment. Sticks a little now and then but the ability to use my Nikon lenses on my Panasonic GH2 is pricesless....saved me thousands in having to invest in a new lens lineup for the Panasonic. For the price, can't be beat. Solid connection. I purchased this after purchasing the Fotodiox version to use with my Nikkor manual prime lenses.  I wanted to compare the two with the same set of lenses to see if there were any benefits of one over the other - other than this one is a little cheaper than the Fotodiox model.  Since these are very affordable, I decided that having one for each lens would be a nice alternative to having to remove them each time and will allow for a quicker lens change.  I have not had any issues with this model and the lenses separate easily from the adapter.  With patience and a steady hand, these work wonderfully and provide great results versus the M43 lenses I own.  The adapter comes in a plain white box and have not seen any issues in the quality of this over the Fotodiox model which comes in a branded box even though they look identical other than the printing on the barrel.",4.4,226,3752.0,6400.0
B002WE4HE2,Transcend SDHC10 Premium 16GB Class 10 Memory Card,"tv, audio & cameras",Camera Accessories,"16 GB is a lot of memory. I bought this several months ago and still haven't had to take any pictures off. 16GB is enough for me,  bought this for my cannon Power shot camera . No errors,and its fast when extracting the pictures on my pc I other words it does it's job,  Can't  complain about it  ! after already purchasing an 8gb , i decided to increase my picture space .im leaving for belize in december and plan on a lot of photography , with my olympus vg-160 and videos ! im completely sold on the trancend brand memory cards .... and amazon . After light use, the whole thing fell apart and I lost data from a really great shoot. I am very upset about the quality of this card. Appears to be a real bargain - works amazingly well- an absolute steal for the price thus far!!I bought this one:Transcend 16GB Class 10 SDHC Card (TS16GSDHC10)",4.419580419580419,"4,184",2144.0,4499.0
B002YPS6T6,"Micca M-8C 100 Watt 7.0 Channel In-ceiling, In-wall Speaker (White)","tv, audio & cameras",Speakers,"I have installed 2 of these in the ceiling as the main Left and Right channels(5.1 System). I have a Sony 520 providing all the  power. Music sounds pretty good, but my 10&#34; 300W sub helps these out allot. The sound when watching TV or movies on my 100&#34; Projector screen is very good. I really wish i could have more pivot to these speakers as they point straight down, but the overall sound is solid. I have the matching Mica dual 5&#34; Center Channel and 2 Micca 6&#34; for the rear surround speakers. since my screen is 100&#34; we sit back at least 15' from the screen and these speakers. I get the real sweet sound spot around 8-10' from the front of them. but then I'm more bellow them and therefore I can hear them more clearly.I had 0 Problems with all the Micca speakers in 3+ months. Friends and family all say the sound is excellent. And most of them are hearing it from 20+ feet away in the kitchen. They blend into the ceiling very well. A real nice expensive look and professional quality with Micca. Overall a solid 4 stars. I just wish, I could get a little more full sound out of them. I bought four of these for my side and rear surround speakers. The sound is great, far better than the price would suggest. They installed easily and almost disappear in my ceiling. The wife liked them so well, she suggested that I order two more to replace some box speakers I had in the mater bath and dressing area (yes, I love music that much), so I did. I put them in the ceiling in those rooms so we can enjoy music while getting ready for work in the mornings.Great value-Excellent sound and quality. Buy them!Update - The more these play, the better they sound. Apparently, the woofer needs considerable breaking in because after two months of playing them 30 minutes here and there the bass is really starting to come alive. I loved them before, but they are really developing some thump now that the woofer cone is moving freely and I am thrilled. These speakers will stand toe-to-toe with the big name speakers costing 4 times as much. I am particular about my audio equipment, but I can highly recommend these.Follow Up---Over a year later, I am still completely happy with these speakers. They have sparkling highs, a smooth midrange, and good base for an unbaffled ceiling speaker. As mentioned above; I have 4 of these in my home theater as surround speakers, and two in my bath and dressing rooms for music. They really sound great and they are priced much lower than speakers costing far more. I installed a lot of Speakers in my time these speakers rock for what they cost, can you find something better sounding ofcourse but not in this price range! I saw these recommended at a home theater site so thought I'd try them.  I am very pleased with the full range sound performance and great surround sound experience.  The voice clarity of the center channel is one of the best I have owned. Bass response is good, but I recommend adding a powered subwoofer. They were simple to install and look great in the ceiling.  The grills came out for installation and went back in easily. I have installed the 6&#34; in-ceiling speakers at the house up north.  For my basement rear-surrounds I decided on the 8&#34;.  I am not dissappointed.  Great value, nice clean look and sound.  Now if I ever finish the room these will blend in and you'll only notice the great surround.  I'm actually considering these for my zone-2 application.",4.521739130434782,"1,345",0.0,4990.0
B003150B6O,"Fotasy Manual Canon EF EF-S Lens to M43 Adapter, EF Mount to MFT, for Olympus E-PL8 E-PL9 E-M1 E-M5 E-M10 I II III E-PM2 ...","tv, audio & cameras",Camera Accessories,"The release button is not solid and broke off.  I thought it was good for the price, but now I guess it's better to spend a little more money for a better quality adapter. With the adapter you can fit a Canon EF lens to a MFT camera, but that's about it. No aperture control, no electronic connections for autofocus... It does what it say it does: you can fit Canon lenses in your M43 camera. You cannot obviously set Auto Focus or  control aperture (set to the max), but it will get the job done. What can one say about such a simple device other than say it works as expected?  So far I have found Rainbow Imaging products of good quality.  Recommended As advertised, works extremely well with my canon EF lenses.  Easily adapts to camera, and lenses go on smoothly.  Great product, and highly recommend.",4.083333333333333,386,2999.0,5999.0
B00316263Y,"BlueRigger High Speed HDMI Cable with Ethernet - Supports 3D, 4K 60Hz, Audio Return - Latest Version (6.6 Feet / 2 Meters)","tv, audio & cameras",All Electronics,"Works like it is supposed to These cables are awesome! I purchased several HDMI cables over time and it seems like there is always some thing wrong w/them!Some are too heavy in total weight.Some are too heavy just at the plug end and you can see over time it will mess up the HDMI port.Some are not flexible at all!These cables however are great!Nice strong flexible cable and light weight plug!Video quality is great as well, no lines or fuzziness I've seen from heavier cables.Price point was great as well for what you're getting and that's always key at check out time!Hope this information helps. Cheers! I decided to take a chance on lower price cables, and chose these based on rating. They work as well or better than the $30 cables I returned. When I buy more cables, I will seek these out. It is what it is. A good, reliable HDMI cable. It doesn't have to be gold plated or have neon lights down the side to make your TV picture work better. It's just a cable and does what it's supposed to do. It's going out of sight behind your TV, so don't waste money on ""flashy"" cables.And best of all, it's 1/10th the price of the cables at Best Buy, where they try to convince you to pay way more than you should like movie theaters do with their popcorn and candy. I generally buy cheap HDMI cables and I've rarely had an issue. This cable is working well for me right now.",4.776276276276277,"44,647",399.0,18899.0
B0036AWR8E,Lowepro Slingshot 202 AW (Black),accessories,Bags & Luggage,"After reading this please feel free to comment with questions regarding any aspect of the bag. It's always a gamble buying online which is why I now own so many bags. It's been an expensive education so hopefully I can help you.To begin, I've been quickly converted to a Lowepro person. I have many camera bags and while others are a bit more stylish and/or roomy, Lowepro scores the highest for practicality. I own theLowepro Pro Runner 200 AW DSLR Backpack  - Blackwhich is great for slightly more gear but this bag is my everyday go-to for roaming the city or casual jaunts from the hotel when traveling. This and all my Lowepro bags are very sturdy, ever-so-slightly stiff (which can be good and bad) and stitched better than any other brand near this price. As for the stiffness, this bag is much stiffer than the Runner 200. It makes it more rigid but less conforming to your body. The Runner 200 is more in the direction of an everyday backpack as far as style and rigidity but still offers superior padding for gear. Another surprise for me after owning the slingshot for 6 weeks now is how wrong I was when I thought I would never enjoy using a sling-style bag. I don't appreciate sling-style or messenger type bags for any other purpose but for quick access to my shooting gear- I'm now a believer!A small negative for me is the inside organization. I have it situated much like the picture. I own a Canon 60D and usually keep  myCanon EF-S 17-55mm f/2.8 IS USM Lens for Canon DSLR Camerasattached. It's 77mm wide and fits perfect while on camera. The downside for me is I also like to carry a fisheye and 10-22mm. Getting those wide lenses in and out of the compartments on either side of the camera is just the slightest bit of a hassle due to the top of each  compartment being slightly covered by the overhang that the access panel zips to. The hassle is due to literally inserting a round peg into a rectangular hole. Again, only a slight hassle and I shoot with this bag a lot. The aforementioned pockets are however very convenient for all other gear storage such as flash diffusers, batteries, filters, and even a flash. I keep my 580 Exll speedlight in the top zippered compartment separate from the camera cuz the flash is too big to squeeze in the lower compartment with the other gear. Said top pocket is about the size of a  scale lunchbox. I used it the other day to hold my huge flash, a pair of gloves, a 77mm lens hood, a multi-tool and a couple of 77mm filters in individual cases. I often use it for granola bars and fruit if out in the woods.Out in the woods brings up another negative. However, 95% of all camera bags suffer from the same deficiency and that is that it DOESN'T hold a water bottle.  Hey, bag makers! We get thirsty when we're out and about!  Also, a tripod shorter than 19 inches is recommended or it can make the bag feel cumbersome. I know because my tripods are 19 and 21 inches when collapsed and the 21 is a bit unwieldy.Nutshell- Best bag I own! When you're carrying thousands in gear- confidence and convenience are a must and this bag offers the best of both. Let me preface this review with a little history. I shoot photos and video for a studio, they have an older version of this bag from 05 or 06 I think. I have used that bag in the field before lightly loaded (two lenses [14mm f/2.8L, 24-105mm f4L], 5DMII w/ battery grip, & batteries) and it was GREAT. That experience was the main motivating factor for me to buy this bag before I got my new personal camera (next year it will be my back up). I did not recently look at the old bag before I got this one.I'll start with the positives, this bag sits comfortably on the neck/shoulder lightly loaded (one to two lenses, camera, & batteries) this is where the bag really shines. The tripod pocket holds my mono pod like a glove. My pocket strobe fits perfectly in the top pouch under the elastic. For the size of the bag, it has lots of pockets to store stuff. Getting in and out of the bag is a cinch and there is enough room to slide my D7000 w/ battery grip in and out of the side zippered area on the main flap without needing to unclip anything. For a small bag it holds a good amount of gear.On to the cons. After wearing it fully loaded (3 lenses [70-300 f/4.5, 18-70 f/3.5, & 50 f/1.8], batteries, SB-800, mono pod, & a D7000 w/ battery grip) on a job for three hours I found it rather uncomfortable after the first hour. My tripod (Manfrotto 055xPROB with a 322RC2 head) does not fit well enough in the holder to use it that way but I imagine that the added weight from the pod would put it over the edge into the uncomfortable range even if the bag was only lightly loaded. I find that I have wasted space in the bag because: my 70-300 does not fit vertically in the bag (by a matter of millimeters), I can not attach dividers exactly where I want them because of the lack of female velcro (the lack of female velcro inside the bag really, really erks me, it would probably only add $1.50 to the production cost to coat the entire inside of the bag and dividers), and I feel the dividers don't offer enough versatility (size, shape, fit, VELCRO). As I sit here and look at the bag as I wright this, I think the lack of a waist strap is really a downfall for me (I knew it didn't have one going into buying this product, but I feel that a waist strap could alleviate some of the stress), as it is the weight resides completely on the shoulder. The shoulder clip that determines the strap length is located on the clip itself which means the adjustment point is SUPER low, I really don't like this. If you look at most messenger bags the strap adjustment resides much higher (look at a Chrome bag) on the strap. It's really a pain to find and tighten and loosen compared to a quality messenger bag.I really wanted to love this bag but it just doesn't work for me. I would return the bag but I prematurely removed the UPC. I do like the bag loaded really lightly, but that is not how I carry it around 90% of the time, I like a bit more versatility in my lenses and apertures especially on certain event shoots. I also fear that as I upgrade away from my 18-70mm & 50mm to a pro zoom in the next year that this will become unusable as Nikon pro glass tends to run a bit heavier than cannon (24-70mm f/2.8 at 902g vs 24-105 f/4L at 670g). I will be investing in a photo backpack with a waist belt soon as I do some research.TLDROverall Rating: C-Pros:Lots of pocketsFeels good lightly loadedFits mono pod nicely in Tripod holderTop pocket holds pocket strobe nicelySide flap works wellCons:Fully loaded, bag hurts my shoulder after an hourLacking female velcro!!!Divider versatility is low, not many ways to customize the bagToo shallow for the 70-300 f/4.5 to fit vertically, eats up more space than necessaryWeird strap adjustment locationMy tripod does not fit well enough to carry around in the tripod holder Overall I love this product. Very functional and excellent quality. I find that I sometimes play 'blocks' while trying to get the various lenses and accessories I want for the day to fit, but this bag is far superior to any other I've used (or seen) in the past. Unqualified recommendation! (My typical day kit includes a Nikon D7000, and two lenses - I choose from a selection of wide angles, primes and a super zoom - the zoom gives me the most problems fitting). &#2951; Fuzzy Wuzzy's Summary:&#1150;&#1150;&#1150;&#1150;&#1150; Highly recommended with warm fuzzies!I had been using the previous/original version of this sling bag, theLowepro Slingshot 200 All Weather Backpack (Black), since 2006.  For me, this is the perfect SlingShot size.  The SlingShot 100/102 is too small for my needs, and while I also have the SlingShot 300 AW, I do not like how it sags too low down on my lower back regardless of how tight I try to adjust the straps to raise the bag up to ride higher on my back.  So I only carry my SlingShot 300 AW if I really need to tote the extra amount of gear inside it.This review is entirely written from the perspective of looking at what Lowepro improved upon compared to their original SlingShot 200 AW model.  I have also uploaded 7 fully-annotated images to the 'View and share related images' Customer Images gallery that describe the side-by-side differences between the older SlingShot 200 and new SlingShot 202 models.I noticed that Amazon currently still offers both the older SlingShot 200 AW model and the newer updated 202 AW model for about the same price.  If both are similarly priced, get this 202 AW instead of the older-model 200 AW.  If you currently have a Lowepro SlingShot 200 AW that is showing its wear after years of usage and wonder about switching to the new version, this updated 202 model offers a number of incremental improvements, but this is not a radical redesign of the 200 model, and that is a good thing since the original SlingShot 200 AW was quite good to begin with.While the well-padded sling that goes diagonally across the back of the bag can be hung over your left shoulder so that the bag loosely rests on your left shoulder blade, it is designed to be primarily worn by slipping both your head and left arm through the sling so that the sling comes over your right shoulder, goes diagonally down the front of your body, and connects to the bag behind the left side of your abdomen.  Once the bag is slung onto your back, a smaller strap coming from the bottom-right of your abdomen clasps onto the sling in the front at chest level to further prevent shifting of the bag.One main advantage of this sling design is that you can conveniently access the bag's contents by unclasping the smaller strap and rotating the sling clockwise around your neck to bring the bag from behind your left side until it rests on your abdomen.  With the bag slung in front of you, you can now unzip the main compartment's lid, and you can proceed to change cameras, lenses, memory cards, batteries, or access other supplies.  I have made changes to my camera before while still slowly walking with the backpack slung on my abdomen as the top-facing part of the bag can be used as a platform to rest the camera body upon.This sling bag provides quicker ease of access to your gear by allowing you to swivel the bag from your back to your front, whereas you have to fully take a backpack off to access your gear.  This convenience feature does not only apply to when you are standing up, but if you travel as much as I do, you will find this ability to quickly swivel the bag to the front is also advantageous when frequently getting on and off buses, subways, and trains.  When I get onto a bus, subway, or train, I quickly swivel my SlingShot around to the front so that it rests on my lap while I am sitting down.  And when I get off the bus, the sling bag swivels just as quickly onto my back again.  This is less cumbersome than taking a backpack's straps off your shoulders, placing the backpack on your lap or the floor during the bus ride, and then looping the backpack's straps onto your shoulders again when you get off the bus.However, some people, notably women, may not like how the sling strap and second smaller strap tighten diagonally across the chest area.  So these sling bag configurations will not be comfortable for everyone, especially since a fully-loaded sling backpack can pull on the entire chest area with its frontal diagonal straps.  The load that is exerted onto your chest depends upon how much weight you are carrying inside the sling bag.  With one camera body and one lens in the sling bag, you may be okay; but once you start adding extra lenses, flash, and other gear, your discomfort may increase.  As is also the case with how different backpacks may fit you with different levels of comfort, whether you find this sling bag's diagonal sling to be comfortable on your chest may ultimately be an important deciding factor in your purchasing decision.  If you frequently carry a ""messenger bag"" style of laptop bag (e.g. Timbuk2 laptop messenger bags) fully loaded with laptop and books, usually worn with its strap going diagonally across your chest, you should be okay with how this SlingShot feels.Both the SlingShot 200 and 202 models can carry both my Canon 7D with attached 17-55mm f/2.8 lens and Canon 40D with attached 70-200mm f/4L lens (with hoods reversed and no battery grip).  Basically, to convert this from a one-camera SlingShot to a two-camera setup, you rotate both cameras 90 degrees and rearrange the dividers on the bottom of the bag.  I added an image to the 'View and share related images' Customer Images gallery if you want to see what this looks like.  Unlike a regular backpack that uses shoulder straps, the front diagonal straps do exert more pressure on your chest as you load up more weight inside the sling bag, so you may not find this comfortable for carrying two cameras.  While I would not go on a 6-hour walking tour of a city always carrying both cameras inside my SlingShot, I may initially head out with both cameras stored inside and keep them stored as I get into cars/buses/airplanes.  And then once I am walking about, I will take out the 17-55mm camera, leaving the 70-200mm camera inside, ready for use.By far, the most important improvement in the new SlingShot 202, compared with the old 200 model, is the addition of the tripod buckle, cinch strap, and hideaway foldout tripod feet pouch on the side of the 202's bag.  On the 200, you had 3 SlipLock Attachment Loops, 2 on the back and 1 on the side, that you could use to sort of carry a tripod or monopod, but I never felt like it securely held my tripod in place.  But now with the cinch strap and foldout tripod feet pocket that holds the bottom of the tripod/monopod, this is a far more secure and neater configuration for carrying a tripod.  The tripod feet pocket is about 2.5 inches deep.  So you insert your tripod feet into this pouch and then buckle and tighten the top cinch strap.  A 22 or 24 inch long tripod feels balanced and secure when I carry the Slingshot on my back.  When I swing the bag to the front of my chest, the tripod is then positioned underneath the bag and it does not feel very loose because, most importantly, I tighten the top cinch strap very tight.  However, I really wished that Lowepro made this pouch deeper.  A tripod feet pocket that is 3.5 or 4.0 inches deep would have given a more secure fit to hold the bottom feet of the tripod.The 202 is a little more boxy and rigid than the previous 200 model.  You can set the 202 down on the ground or on a table in an upright position and it will stay standing upright by itself.  The bottom of the 200 was not as flat and could sometimes flop forward or backward if you tried to stand it upright on a flat surface.The SlingShot 202 has an extra zippered pocket in the top compartment's zippered flap for extra separate storage space.  In adding this pocket, the SlipLock Attachment Loop that used to be attached to the 200's top compartment's zippered flap is no longer there on the 202.  On the inside of the 202's top compartment's zippered flap, there is yet another zippered pocket, along with an elastic band for securely holding an item.  The top compartment on the 202 is also more roomier compared with the 200.The soft microfiber protective LCD monitor cloth has been repositioned from being sewn into the center edge of the main compartment's opening on the SlingShot 200, and is now moved over to the left edge of the main compartment's opening (on the left side when viewed from the perspective of having the bag slung in front of you and looking down into the main compartment's cavity).  This is nice in that the cloth flap does not get in the way as much when you are accessing the camera.  In both the 200 and 202, there is an elastic mesh pocket that can store the LCD monitor cloth if you want to tuck it away.I also have theLowepro Magnum 200 AW Shoulder Bag (Black), which is another excellent quality bag from Lowepro, and on that bag the microfiber protective LCD monitor cloth is attached to the inside wall of the bag using Velcro so that you can move the cloth to wherever you want it.  In addition, having a removable and relocatable LCD monitor cloth not only gives you flexibility in placement of the cloth, but also makes it far easier to wash the cloth if it gets dirty.  But on all of the first-generation and second-generation SlingShot models, this cloth is permanently sewn into the bag and you cannot move or remove it.  I would have MUCH preferred that this cloth was attached using Velcro the way that Lowepro's Magnum 200 AW was designed!On the inside lid of the main compartment, the 202 has two Velcro-closure memory card pockets.  But on the older SlingShot 200 model, there was actually a single larger Velcro-closure pocket and inside that main pocket were 8 separate elastic pockets for holding memory cards.  This is the only feature that I thought was actually better on the old 200 model compared with the new 202 bag, and I wish that Lowepro had retained the 200 bag's inside lid pocket and also used it on the 202 bag.  On the old 200 bag, this inside lid pocket could hold more CompactFlash cards compared with the 202 bag's two memory card pockets.  The only advantage that I can see for this redesign is that the two separate memory card pouches hold the cards more securely compared with opening up a larger pocket that stored more memory cards inside it.  But I still like the older pocket better!&#3051; Fuzzy Wuzzy's Conclusion:To summarize, in comparing this SlingShot 202 AW to the previous SlingShot 200 AW bag, the top compartment area's storage space was increased by adding two zippered pockets to the top compartment's zippered flap, and the top compartment, in general, is a bit larger.  The microfiber LCD monitor cloth was repositioned to move it out of the way more when accessing the camera.  And the inside lid's memory card pockets were redesigned.  But the most compelling reason to upgrade from a SlingShot 200 AW to this SlingShot 202 AW is the tripod strap and foot pouch on the side of the 202.  These differences between the 200 and 202 are better displayed and described on the 8 images that I added to the 'View and share related images' Customer Images gallery.  Overall, these are evolutionary, not revolutionary, improvements to an already-great sling bag! Buy with  confidence.  Very  pleased with this purchase. Provides great protection for my equipment  and love the  rain fly the comes from the base and covers the entire pack to  keep evrything dry when  caught in the rain",4.636363636363637,"1,196",2999.0,5999.0
B00378KMF0,Polk Audio Atrium 4 80 Watt Outdoor Speaker (Black),"tv, audio & cameras",Speakers,"For the size & price, these are my favorite speakers.  I use 4 of these speakers for our tailgate set-up.  They hit the high and mid-ranges very well.I use a subwoofer with these speakers in order to get the low end really well, but I suppose you could go without one. At $99, these are not the most expensive speakers I've ever bought, and of course not the biggest. At lower volumes you might think they're underpowered. But give them some juice. Everywhere between half-loud to uncomfortably loud you'll be shocked (seriously, shocked) at the clarity of the sound. These speakers sound great. I have one mounted on my deck and another on my patio. These have been mounted for a few months through cold and rain (they are both however underneath an eave) and still work like a charm. I purchased these speakers to pair with a Lepai LP-2020A+ digital amplifier on my screened-in and covered deck and the sound quality is amazing. I was a little concerned about low-end performance given the specs but the bass is reasonably good  - and exceptionally good for an all-weather speaker this small. I have them mounted about 10 feet apart and the stereo imaging and overall soundstage clarity is incredible for a pair of $99 outdoor speakers (my past experiences with outdoor speakers at any price point has been a noticeable compromise in sound in exchange for durability). None of that going on here; I highly recommend them for the intended outdoor use but at this price I would also recommend them for indoor bookshelf use (pair with a subwoofer if your amp supports it - the Lepai doesn't). All the other speakers around my house are JBL but I'll give Polk Audio serious consideration the next time I'm planning a speaker purchase. I live in the Great Smoky Mountains, where winters can get tough sometimes. These Polks, hanging under my open carport, have survived their first winter. I cranked 'em up this weekend to test my new Onkyo CD player, and they were THUMPIN'. The price was good and the quality is great. The supplied brackets made hanging them a snap. Mount them with the rears facing something solid to get the best bass.",4.666666666666667,"2,505",24000.0,24900.0
B00390JT1O,Lowepro Toploader Zoom 50 AW (Black),accessories,Bags & Luggage,"I really like this bag for my Nikon D5100.  While it holds the Camera with 18-55mm standard lens, it will also easily accomodate my 55-300mm zoom too.  There is plenty of room in the front pocket for my SB-400 flash and the camera's battery charger. I really like the integral rain hood too.The bag is lightweight, unobtrusive, and (a big plus for me) has a belt-loop, which is my preferred way to carry my cameras.  Highly recommended Lowepro has the good reputaion on camera bags, but first I was very concerned about the size too small for Canon 60D & 18-135mm lens, while I didn't want a big toploader. After reading everybody's reviews here, I was convinced that it should work and I have given a try. Wow, it worked. It's big enough for the camera, or it may be a little tight to somebody else. For me, it is the perfect size. I can put my extra battery and hood in the front pocket, and memory cards inside the lid pocket. If I fly, it can be put in my suitcase or backpack. When the weather is bad, I can easily take pictures and put camera back to it for good protection. For light travellers, it's highly recommended to have this bag for Canon 60D.Update: I can carry 2 lenses: one with the camera in the bag, and another one like 70-300mm in lens bag attached. I can put 60D & 17-55mm F2.8 lens inside. I thought, only Tamron or Sigma 17-50mm f2.8 lens  would fit, and I really wanted to use it to carry my new general purpose lens. Glad to find out that I was wrong. Sturdy, dependable Lowepro construction. I use mine harnessed to my chest to make hiking and moving through brush easier. Both hands are free to carry a tripod or walking stick. My rating: 4.5 out of 5.  The reason is because I would have preferred the padding to be slightly thicker all-around, but the case still provides decent padding.The inside of the case has these measurements:7.5"" vertical height from bottom of case without soft shelf.Dimensions of bottom of case is 4"" x 3.5"";  Dimensions of top of case is 5.5"" x 4"".INSIDE SPACE: The case comes with a soft shelf that attaches to the velcro sides on the inside. The shelf allows you to create a hidden space of 2"" to 3"" in height, leaving a 4"" space above.  You can put a smaller device in the top for a better fit, or two different devices in the case.  I keep my Canon SX210 Digital Camera in the hidden space, and I put my Panasonic HD Camcorder in the top space.  The shelf can also be used as a divider to create space for two skinnier, but taller devices.POCKETS: There's a flat pocket in the top flap that measures 5"" x 3"" for fitting about 8 memory cards.There's a pocket in the front that can hold a digital camera, or a personal recording device, or battery and battery charger, or an A/C plug.PADDING: The base has a tough, thick padding, about 1/2"" thick. The padding in the rest of the case is about 3/8"" thick.  I would have preferred if the padding was either 1/2"" thick all around, or even a 5/8"" thick padding. It would have been a perfect case then, but it's still offers great protection.I don't use this case for my DSLR. It does fit my Canon XSi DSLR, but not with the lens attached.  I can store the 18-55 lens in the bottom space, and the body on the soft shelf.  The bottom won't hold the 55-200 lens, or the camera body.  It will only hold small lenses.This is an excellent case. The handle is tough and padded well.  The zippers are high quality, zip smoothly, and don't jam at all.  The shoulder strap is a flat, thin piece of fabric, not padded at all.  It's not really uncomfortable, but it would have been nice to have a padded strap.  The strap reaches a maximum of 20"" down off the shoulder.  Other than the padding issue, this is a near perfect case based on my use.  4.5 out of 5. My Nikon D5000 with the Nikon 85mm f/3.5G AF-S DX ED VR Micro Nikkor Lens fits perfectly. The padding is rather thick, so protection against bumps and falls should be very good - not that I intend to test that anytime soon.The opening to the main compartment is comfortably large, and the little extra pocket for memory cards is useful, as is the smaller compartment on the front side (for filters, more memory cards, etc...).Rain protection is outstanding, with the foldable and stowable hood - typical LowePro quality.The only minor complaint I have is with the shoulder strap, which does not have any padding. No big deal, since you are not carrying around a ton of equipment in this thing.All in all a no-frills bag for special assignments, when you know that one lens is all you need.",4.5625,754,999.0,2100.0
B0039BPG1A,Case Logic DCB-304,"tv, audio & cameras",Camera Accessories,"A material is very comfortable, lightweight and excellent design. I wish they were a little bigger, while the caara espacion to be anything more. But to buy it all worth the price and quality. ""Amazon Verified Purchase"": I wanted a case to carry my two (2) digital ""Point and Shoot"" cameras in their respective cases plus the associated chords, straps, battery charger, etc. so that all of my camera stuff would be in one case.  Case Logic makes excellent products; therefore, I went to the ""CaseLogic"" website ([...]) to use their ""CaseFinder"" to find a case. The ""CaseFinder"" is located in the upper right corner of the website and is entitled ""CaseFinder Electronics Fit Guide"". After clicking on the ""CaseFinder"" I chose the ""Camera - Compact System"" category then entered the width (4.25""), height (3""), and depth (5"") of the storage compartment that I guessed I would need for both camera cases to fit in the case's ""Camera Pocket""; ""CaseFinder"" gave me two (2) recommendations; I chose the DCB-304 to meet my needs.Both my old Pentax S60 with six (6) AA batteries inCase Logic Point and Shoot Camera Case DCB-302plus my new Nikon S6300 with two (2) EN-EL 12 rechargeable batteries inCase Logic Point and Shoot Camera Case TBC-402fit snuggly into the case's camera pocket which will accommodate something 4.25"" wide x 3"" high x 5"" deep.  The case's camera pocket has a divider which creates a pocket approximately 3.5"" long x 0.5"" wide x 5"" deep that I'm using for my camera manuals.  There is also a zippered pocket in the camera pocket's lid that can hold additional small accessories.  The two side accessory pockets comfortably hold my three (3) chords, charger, plus camera bag shoulder and neck straps. Each side pocket has a internal elastic divider that I'm using to hold my cables.  The case's neck (or shoulder) strap is excellent quality and the 3.5"" wide belt loop is integrally stitched into the nylon case.  Everything is excellent quality. A very good camera case for a compact camera like a DMC-FZ35 which is not that small. The materials are of good quality and you have enough room inside to put your camera accessories. Bag and carmera were purchased together and they work out well as a team.  Fits the carmera I bought really well.  Seems to be very sturdy and has a lot of pockets available for all of those little things that you have to carry with your camera. Bought for nikon coolpix L-810. Has enough room and compartments for cabling, extra memory cards, batteries, with room to spare.",4.520833333333333,"12,461",0.0,3654.0
B0039BPG4M,Case Logic Qpb-201 Eva Molded Compact Camera Case (Black),"tv, audio & cameras",Camera Accessories,"We have several compact cameras in our family. Each has its own soft case, which is OK, but not so great at protecting the camera in a loaded overnight bag. That's where the Case Logic QPB-201 EVA Molded Compact Camera Case shines. Its hard shell protects the camera (and a few small accessories) in the most crowded bag, and makes it easy to just toss it into any bag, instead of finding a safe corner for it. We have two Canon Sureshots, an Olympus and a Fuji, and all fit quite nicely. (one at a time, that is.) The Canons are on the smaller size, and the case will accommodate the camera, a folded lens cloth and a couple of extra batteries, as well as the usual SD cards, which have their own little pocket. One of the camera's chargers is also small enough to fit into the case, so there's only one item to keep track of when you're traveling.I haven't used the belt loop - I usually keep the camera and case in a bag with a lot of other stuff we carry while we travel. Though Case Logic makes no claims about this product being waterproof, it did survive a water bottle spill inside a tote bag - I was very happy about that. No water made it into the interior, and the exterior just wiped dry. Overall, I'm very happy with this case. For the price, you couldn't do better. Happy happy happy happy happy happy happy happy happy happy happy happy happy happy happy happy happy happy happy camera for me to carry around safely. I bought a Canon Powershot and this case. The case fits the camera perfectly. Seems very durable and good quality. The strap is kind of awkward but you don't have to use it. Overall great product. I bought this as a gift for my wife (to go along with her new camera).  I was concerned it wouldn't fit, but it does ave room to hold an extra memory card in it's holder and two extra batteries in addition to the Cannon Powershot Elph 300 HS.  She seems to love it, so I can't complain The color is great.  It's easy to find in a bag.  I use it for the Canon ELPH 300, and it the camera fits great.  A little room for an SD card and maybe an extra battery but not much else.",4.49438202247191,369,479.0,599.0
B0039NLS4C,Lowepro Passport Sling Camera Bag (Black),"tv, audio & cameras",Camera Accessories,"Just a little bit expensive for a non-waterproof and only one room for camera. Well it wont be so cool if they make it bigger.Good look. I got this for a trip to Disneyland to hold some essential gear while on the trip. I keep my camera on a carryspeed strap so the bag only had lenses, remote trigger, batteries, cleaning cloths, and ND filters It turns out that this bag has replaced my backpack style camera pack altogether. it's so much easier to get into I couldn't go back to the backpack. It looks like a regular messenger bag. I can fit my Canon Rebel T2i, lens or Diana Mini, and Canon AE-1 Program in the bigger side pocket. Although the big pocket isn't padded, my AE-1 is a tank so it doesn't need padding. This is a great travel  bag for one small DSLR and lens/small cameras like a toy camera or point & shoot. Great bang for the buck. Also, the main pocket expands so I can fit a book. I really like the bag. It fits my Sony A77 DSLR with 18-200mm lens attached. However if you have a battery grip attached, it will not fit. But overall it is alright. The extra space is indeed a great idea. Like others have said this bag doesn't come off looking like a camera bag. A uniquely shaped messenger bag? Sure, but it doesn't shout 'camera', which was my main draw to it. Plus the position of the bag gives it the convenience of a hip holster without having to look like your tourist father. When I know I'm going to be doing some intermittent shooting as I walk around places I'll keep my camera 'holstered' in the bag with the zipper open for easy and quick access. The sturdiness of the padding makes this an easy and secure way to go about shooting. The camera stays hidden until you pull it out, and you don't have to take off a backpack or some other bag in a time-consuming and awkward way and potentially miss the shot you saw.Plenty of room for lenses and other gear. I'm able to fit two lenses plus my camera body with lens attached (total 3 lenses) in the padded compartment. In the other part I've got my battery charger, lenspen, remote and spare batteries all in the small pockets, while I have a mini tripod (ultrapod), external flash and timer remote in the large section. I could still fit more, and sometimes do when carrying non-camera items.Plenty of room, slim profile, discrete, all for 35 bucks. Definitely a purchase I'm happy with.",4.3875,786,2990.0,3990.0
B003AM87Q4,Celestron 71008 SkyMaster 25x70 Binocular (Black),"tv, audio & cameras",Cameras,"Many pros, the only cons are the weight and size, both of which are obvious from the start. I'd probably recommend something a little smaller. When Comet Ison was headed toward the sun and reports were coming out that if it survives it will put on a heck of a show I figured I would get these since I had been wanting a set anyway.  Well the comet didn't survive, but my spotting scope was also in pieces so this is its replacement.  They are fairly sharp and contrasty, not as good as my Nikon Actions, but not bad. The only real problems I have noticed is that the tripod adapter allows a lot of movement, but most don't even come with one so I can't complain there, and that when you focus from far to near you may have to reset the compensator because one side doesn't always move as much as the other.  For the price it will work just fine. I purchased the Celestron 71008 SkyMaster 25x70 Binoculars on a whim when they were available for $59.99. I already own several pairs of binoculars including the Celestron 15x70 SkyMasters. The 25x70 SkyMasters are very powerful, and have decent optics. There are several drawbacks though. The 25x70 Skymasters have a very narrow field of view, even compared to the 15x70's. For astronomical use, you're going to need a good tri-pod, as they are very heavy, and next to impossible to hold steady enough by hand. Even with a good tri-pod, the included tri-pod bracket is not very good, and will cause the binoculars to shake with any kind of vibration. The optics on the binoculars are good, but not great. In this price range, the optics are more than satisfactory. If you're on a budget and looking for very powerful binoculars, then I recommend the 25x70's as long as you know the limitations. Personally, I think the Celestron 15x70 SkyMasters are a better choice. They have a much wider field of view, and are a little easier to use without a tri-pod.Edit: Just to add 1 tip. Regardless if you wear eyeglasses or not, if you roll down the eyecups, you'll get a much wider/better field of view. The eyecups aren't an issue on the 15x70 Skymasters, but rolling them down on the 25x70's makes a great deal of difference. Product is not worth the money, I am not an expert in bino's, buy have some basic ones. this one is no good at all, returned it the same day. Cheap is not always the best. Delivery was super fast, and they work and look great. Not as heavy as I thought and the eye piece can be changed. This product is excellent.",4.0,"7,041",10099.0,16990.0
B003CJTQJC,Case Logic DCB-302 Compact Camera Case (Gray),"tv, audio & cameras",Camera Accessories,"&#2951; Fuzzy Wuzzy's Summary:&#1150;&#1150;&#1150;&#1150;&#1150; Highly recommended with warm fuzzies!This handy little case is functional, durable, and its stitching and seams are sturdy.  A basic little high-quality case at a very good inexpensive price, it fits my Canon SD-series point-n-shoot camera very well.  I have even sometimes used it to carry my iPod Touch and earbuds. Case Logic's DCB-302 camera case is perfect for just about any small point-and-shoot camera.  Its gray coloring with black trim (and just a splash of blue) keep it looking discreet and professional at the same time.  This keeps your camera (and any memories you've captured in it) from drawing too much attention from folks who might want to swipe it and it also doesn't distract any customers if you use it for work.As others have already mentioned, the padding on this case is wonderful.  It is strong enough to keep your camera and memory cards protected, but still soft enough to not bother you if it's hanging from your neck or shoulder or attached to your belt.There are two zipper pockets.  One will hold most small cameras.  I have a Fuji FinePix camera and my daughter has a Vivitar Vivicam.  Both fit in this case perfectly.  I also own an old Kodak CX7300, but it will not fit in the case.The front pocket is fairly small, but is just the right size for extra camera batteries and also has an inner pocket that snugly fits an SD memory card.There is also a detachable neck/shoulder strap.My favorite feature of all has to be the belt clip.  While many other cases (including the one I tote my CX7300 in) have a Velcro belt strap that can wear out over time, this case features a fully contained belt ""sleeve"" that does not detach.Overall, this case is perfect for keeping small cameras in place and for staying out of the way.  You can also use it to tuck away everything from cellphones to digital voice recorders.  I highly recommend it. I bought two of these cases, one each for myPanasonic Lumix DMC-FH20 14.1 MP Digital Camera with 8x Optical Image Stabilized Zoom and 2.7-Inch LCD (Blue)andCreative Labs Vado HD 4GB Pocket Video Camcorder 2nd Generation (Black Gloss).To put it simply, both devices fit comfortably into the cases and the cases sit comfortably on my belt. Quality has been good thus far and I see no reason why they won't last for years with normal use. Judging from the product shot you'd not be out of line in expecting this camera case to be worn over the shoulders. In reality it's tiny - about the size of standard PC mouse and it fits over my point and shoot Casio perfectly and the storage space is great for the little extras like SD cards and so on. It's thick too and I really feel safe about throwing the camera in my travel bag before vacations and not worrying about it getting beat up in transit.Good looks, low price and great functionality - they nailed this one. If you have a smaller form factor camera you definitely should get this to protect it on those trips out. This is a stylish, and useful camera (or small device) case - that offers a handy belt loop.  If you don't want to wear it around your waist, it also comes with various clips & hooks for a strap to go around your shoulder - or attach to some other case.  We have been using this with our digital ELPH camera, and it has been a perfect fit.The gray color is sufficiently neutral to look good with anything.",4.647331786542924,"7,882",637.0,850.0
B003CJTR82,"Philips SHS3200BK/37 Flexible Earhook Headphones, Black","tv, audio & cameras",Headphones,"Surprisingly good sound from these, and they stay in your ear pretty well, also.FH Very good sound, for the price tag. I have to say, these earphones really impressed me considering the price. Usually, with earphones this inexpensive, you wouldn't expect much, but these prove other wise. Starting off with the build quality and durability, It exceeds expectations. The rubber ear hooks are definitely made with quality as well as the casing of the earbuds themselves. The design of these earphones makes it really difficult for them to come off your ear once put on. So you can do a whole variety of things with your earphones without the worry of them coming off. Also, the cords are nice and durable. Ive had mine for a little over a year now and they still work just like new with minimal wear on them, so there are no worries when it comes to casual yanks and tugs. You can tell that these weren't just thrown together like any other pair for this price but rather has thought put into it. Now on to the sound quality of these earphones. Truly, you will be amazed by how much sound these things can produce. The bass is nice and balanced and doesn't overpower the music you are listening to. The treble was quite surprising when i heard it. everything was so crisp on highs, lows and mids. Even on the max volume, nothing became distorted or choppy. Last but not least would be the comfortableness of these earphones. It is not the best, but is decent. After about an hour and a half of listening to music i began to feel my ears hurting and just had to take them out. Other than that, these earphones are awesome. Overall, these earphones are great and exceeds expectations considering their price. I'd definitely recommend this product to anyone looking for good sounding earbuds with a good looking price.Feel free to leave a comment if you have a question or just want to share your thoughts. Also, please leave a positive vote if you found this review helpful. Thanks I used it for my tap and computer sometime, good quality, and the only thing that i dont like is i feel pain after wearing it for 5 min. I am so glad to see these earhook earphones are still on the market. I bought my first pair a few years ago. I use them while jogging. They held up well through perspiration of the hot Florida summers and through the rain. I realized they were finally dying when I got sound only from one ear.I never had any problems with them coming off. I also didn't pay much attention to how I put them on (ie: I guess I was rough with them) but I also want to say I found these to be the most comfortable of the over the ear phones I've gotten. I used them for an hour almost daily, and I thought the inner buds were probably about the easiest I had used for inside the ear. Especially if you have any Temporomandibular Joint issues, like bruxing, or general TMJ dysfunction. Nothing short of a well-padded bud will make life great for those of us with this problem, but I thought these came about closest. I also think, too, the comfort depends on how big or small your ear is and if you're jogging or walking. I am small framed, so my ears are small. I guess, though, the fit might be uncomfortable on others, as I saw one reviewer say. These were a great value for the price.",3.9460317460317462,"5,452",2883.0,6500.0
B003DKQB02,Generic Silica Gel Desiccants 2-1/4 X 1 1/2 Inches - 25 Silica Gel Packets Of 10 Grams Each By Dry-Packs,appliances,Heating & Cooling Appliances,"Can't give it 5 stars because the end result and/or performance can't be judged. However, they came nicely packaged and is a good addition to ammo cases for a little extra protection and piece of mind. This is the kind of item that requires a long period to evaluate its worth.  I use it to keep fireworks and ammunition dry, but it hasnt really been long enough to know if they do their job.  If the stats for how much air volume each packet can handle, my entire gun cabinet, ammo, and fireworks supplies were covered with $8 in silica.  Not to shabby.  Even if  needed double thatd be cheap. Storing anything affected by moisture you need this product. It was just the size and quantity I needed and there are no disappointments. Highly recommended. Packs were exactly as described- came packaged well  and have been put to use. I was well pleased with the service. These work perfect.I have a strange use for mine.  I use one of these packets and a Food Saver bag to store ammunition in.  Keeps things sealed and totally dry for extended storage.",4.694915254237288,"1,338",168.0,299.0
B003EDYIM6,Fotodiox Lens Mount Adapter Minolta MD/ MC Rokkor Lens to Nikon Camera for Nikon D7100 D7000 D5200 D5100 D3100 D300 D300S ...,"tv, audio & cameras",Camera Accessories,"While I have never used the more expensive German equivalent this far less costly adapter holds lens and camera securely and allows focus to infinity on the several Minolta MD/MC lenses with which I have tried it on my Panasonic micro 4/3. In fact I have enjoyed using those old and very high quality lenses (I also have Leica and Nikon adapters from the same makers) on the LCD based camera that I bought a micro 4/3 dSLR with an actual, albeit electronic, viewfinder so I can use these lenses in daylight (it is impossible to manually focus off an LCD screen on the back of a camera in bright light) and not under vampire conditions. Adapter didn't fit any of my Minolta lenses. Was a solid fit on my Nikon, but none of the lenses would fit. Sent back. This Fotodiox Adapter does exactly what it's supposed to do, and for a reasonable price. It's nice to bring some good (old) lenses out of storage. I bought this for use on my Nikon D7000.  I have a lot of old Minolta camera bodies and lenses that were my grandfathers.  Some are also Tokina made for the Minolta.  Yes, I was able to attach the lenses to my Nikon.  Yes, I had to use manual focus (as expected).  However, even on manual focus I was not able to get any clear shots with any of my lenses.  I had high hopes that I would be able to get something with manual focus but unfortunately I think those lenses are just going to have to stay in their old leather bag.  For me, it was a waste of money.  The product itself is well made, did not wobble on my camera, and held the lenses just fine.  I think its more of an internal problem having to do with the way that the Nikon is made.  It was a gamble and I lost lol The Fotodiox adapter is certainly a decent piece of hardware for the money. The engineering is very good with one exception; The connection to the Nikon body is very good, but the connection to the Minolta/Rokkor lens, or any other third party lenses I had with the Minolta mount, are a bit loose. I wouldn't say it affects the captured images in any way, but it'd feel better if it were a bit more secure. It's hard to evaluate the included glass element, as there was no way for me to test the Rokkor lenses without the adapter on the Nikon, and the only images I had, were from a Minolta SRT-101 film body. You can, however, remove the glass element and shoot in a macro style although you can't focus to much of anything that isn't very close to the lens. When I compared images shot with a Rokkor 28mm 2.8 or a Rokkor 58mm 1.4 to a Nikkor equivalent, naturally, the Nikkor lenses were sharper, but nothing you'd see if you were posting images to the web or printing something less than an 8x10. Overall, I'm pleased with the Fotodiox adapter and happy to use my old Minolta lenses again.",3.4545454545454546,254,0.0,0.0
B003H4QPJQ,"Logitech H110 Wired On Ear Headphones With Mic, Stereo With Noise-Cancelling,3.5-Mm Dual Audio Jack, Pc/Mac/Laptop- Black","tv, audio & cameras",All Electronics,"I have several headsets at home: a more expensive Logitech, a Plantronics, and a Creative Labs headset.Apparently, this one sounds better than all of the others. It's a dead-simple headset, with no switches or knobs, and yet it sounds good for music, and the microphone is very good for voice chat.If you're thinking &#34;cheap can't be good,&#34; this is definitely the exception to that rule. Great product. Reasonably good price range. Amazone provide the cheaper price compare to other available sources.Provide excellent sound,easy to handle,portable.I use it in my home and lab. For the price you can't beat this headset. Works great with ICQ, EchoLink and TeamSpeak 3. The only complaint I have is that it does not trigger the vox circuitry in TeamSpeak. Other than that, it's a really good low priced headset. Used for two-way webinars and works perfectly.  Is a better option to using separate speakers and microphone.  No complaints or issues to report. For the price this is a pretty decent headset by logitech. It doesn't feel cheap, it works, has decent sound, records in stereo great...Definitely a good buy for people on budgets...",3.76,"10,162",745.0,825.0
B003HC89LU,Celestron 93524 Binocular Tripod Adapter (Black),"tv, audio & cameras",Cameras,"I bought this for my Father along with binoculars and a tripod, this is a solid metal piece that should be much more sturdy than the plastic adapter his binoculars came with (reviews indicated that the plastic adapter flexed at a simple touch or bump which meant shaky viewing) so I am hoping for better viewing stability, and the delivery was fast. I will follow up IF there is a problem, but at this point very pleased. This easy-to-mount item, complements my Skymaster 15 x 70's and mates them perfectly to a Vista Explorer 60"" tripod, which had been a missing ingredient for night-time viewing in particular. This basic outfit is working out rather well in that respect! It's sturdy.  Very sturdy.  It's easy to use.  It handles the bigger/heavier binocular sizes without giving me trust issues.  I recomment this item if you are mounting binos larger than 10 x 50 on a tripod. I bought a pair of Celestron 71199 Cometron 12x70 binoculars and they came with a plastic tripod adapter. The binoculars shook like a bobble head doll on it. This adapter is solid metal & the extended thumb screw makes it easier to mount than the plastic one provided. I took one star away because I feel there is too little threading to go into the binoculars. I snug my up but am careful to not over tighten for fear of stripping the threads. Also because this is what should come with such a big pair of binoculars. I used these on a pair of 10x36 monarchs and that I use for daytime viewing.  I didn't even know they were tripod capable until I saw this product and I was not disappointed.  I have used this also as a makeshift rest on any flat surface when I don't have a tripod with me with good results.",4.7,"1,790",2110.0,3995.0
B003JOPWHK,"Micca M-8S 8 Inch 2-Way in-Wall Speaker with Pivoting 1"" Silk Dome Tweeter (Each, White)","tv, audio & cameras",Speakers,"i had an in wall speaker that the crossover went bad. i ordered this one to replace it pulled the old one out 15 min. replaced it with the M-8S TOOK ME TEN MIN. works and sounds great i'm usinig it for a high front speaker. I highly recomend this speaker. I would give these speakers and A rating! Put them in the walls of a large master bedroom. The sound really impressed me. The key to mounting these wall and ceiling speakers is to leave a boxed area behind them with white poly foam. I got my foam in a roll at Michaels. Just goes to show you dont need to spend a lot of money. Ive bought more now for other rooms. I could get by without a yamaha woofer but probably may buy a small one. thou i dont think I need it. Highly reccomend! Very nice speakers at any price. However, at this price, amazing speakers. Note that they are priced each, and not by the pair. Got these speakers about 5 months ago.  Using a pair in the ceiling for my flat screen TV (that alone has terrible sound).  I read a lot of reviews for many different products and this Micca speaker was relatively new with few reviews.  But I took the chance considering the $45 per speaker which is roughly half of ""high-end"" competitor speakers.  I followed instructions (and other reviews) by surrounding the speakers with insulation, which was a bit of a chore considering there is a fairly large cavity between the ceiling drywall and the second floor sub flooring above.  My main concern was sound resonating through the floor of the second floor, as I have a small child.  I doubled up the insulation, which mostly did the trick.  The ""problem"" that we had with the bass thumping a bit upstairs is essentially a good ""problem"" to have as these speakers really do produce a crisp low end bass.  Even with standard (non-subscription) Pandora, and a cheap amplifier, the sound quality is incredible.  I plan on adding a wi-fi enabled receiver which should increase the sound quality even more, but even for now, we are very pleasantly pleased with the sound quality.  The only drawback I found was the construction of the mounting brackets.  Be sure you get the screws PERFECTLY lined up prior to drilling them in place.  If they are just a slight bit off alignment, you could strip the bracket and lose the function of that bracket.  But outside of this, I totally recommend this speaker.  Great boom for your buck! I'm not an audiophile and I've never had any other in-wall speakers, but these things sound good to me for $45/piece.I hooked up two of these to an old receiver and it was groovy. Install was probably 1 hour a speaker including running cable in my walls.Install is pretty easy with the included template. I recommend you tape down the template, drill holes in each corner of the template and then cut the walls with your drywall saw.I did buy some fiberglass insulation (ie. the ""Pink Stuff"") and stuffed a few layers behind each speaker. I didn't try them without the insulation, as the manufacturer recommends you insulate the speakers. It makes intuitive sense to me to insulate them.I thought the mounting brackets and grille on the speakers are a little jenky, but for the price I can live with it.",4.857142857142857,532,0.0,6190.0
B003L1717K,Monoprice 105346 1.5-Feet RCA Plug Cable for DVD Player (Black),"tv, audio & cameras",Home Entertainment Systems,"I really needed TWO cables separate.  Doing an NTSC video installation for security camera.  No problem.  Just pull these apart.  You might have to snip the little piece of heat shrink (which is there to prevent splitting accidentally) but then you can just pull it apart.  Nice connectors.  Great price! Is as Described. Theres not much to say about this product.Pros:It worksGood qualityGood PricePrime eligible (for all amazon junkies like me)Cons:None yetBottom line: I recommend this product... Nice cable, and the perfect length to connect my DAC to my Little Dot Amp.  I wish the cables were a bit more flexible, but once they settled into place they stayed put,  They were a bit tight when pushing them onto the jacks for the first time, but they got easier after that.  Can't really beat them for the quality and price.Update:  After using this cable for a while, the ends have loosened up to the point that they can slide off of the jacks far too easily, and have actually slid off on several occasions as the wire tried to return to its original bend.  I am changing my review to 3 stars at this point. These are definitely a good quality cable. They were a great length for what I needed. My only complaint would be that they were a bit stiff. Very stiff cable. Very stiff connectors. I feel like I'm going to break the connector in the back of my CD player putting these cables in.The work...just allow lots of space behind your device.",4.0,"14,703",1528.0,4200.0
B003L1ZYZ6,"AmazonBasics Wireless Remote Control for Nikon - D5300, D750, D5000, D5100, D5200, D7000, D3300, D3200, D3000, P6000, P7000","tv, audio & cameras",Camera Accessories,"Working well with my Nikon D90 Well, it's a remote with only one button, so there is not much to write, but it works very well with my camera.  The maximum distance I tried was about 18 feet.  Great for long shutter speed shots. I tried one of these for my 6D and it works fine.  I never used the canon brand one, but I have used original nikon brand ones on my nikon equipment and this works as well as the nikon brand one does.  I expect that this works as well as the canon brand one does too.  If that makes sense. Hi,Pros:  Inexpensive, works wellCons:  Weak signal strengthI bought this remote as a replacement for my lost Nikon-branded remote for my D80. Perhaps it's the battery that came with it, but the signal strength is *not* 16 feet as described. It's more like 4 feet.Also, this remote fires constantly when pressed, unlike the Nikon remote. This is important if you're shooting bracketed exposures, as you might accidentally shoot one too many. All in all, I'm happy with my purchase! I was very pleased--This remote was easy to use right out of the package.  I didn't have to program anything! All I had to do was set my camera to remote mode, and it worked right away.  Be aware that if you let it sit idle too long, you may have to reset the camera to the right mode again.Now it's easy to take a family picture--in fact several in a row--without having to run back to the camera.The description says the remote has a 16 foot range.  We tried it out both inside and outside.  The range inside the house seemed more like 20 feet.  Outside the range wasn't quite as far, yet still adequate.It's great to have the velvet carrying case; however, it left lint all over the place.  So be careful if you plan on storing it next to your camera.  In fact, be sure you don't have lint on your fingers before you touch your camera.Overall, the remote is easy to use, and I'm happy with it.",4.637055837563452,"11,729",0.0,800.0
B003L62T7W,"Logitech B100 Wired USB Mouse, 3 yr Warranty, 800 DPI Optical Tracking, Ambidextrous PC/Mac/Laptop - Black","tv, audio & cameras",All Electronics,"***UPDATE******POSSIBLE FIX***7-14-12I usually don't use a mouse pad with my mouse as I'm used to using it across the top of my desk because its a smooth surface and the mouses optical laser usually responds. Well I was still having that random double clicking problem so I said it wouldn't hurt to see if a mouse pad would help. Lo and Behold the random double clicking started to cease. It may occur once here and there but its slowly stopping. Today I've only had one instance of a random double click. I guess since my desk has a slightly gloss finish on top it was like using a mouse on a mirror. The mouse probably was in a way *seeing* double so every time I clicked it just obeyed both optical streams it saw. That's just a guess though. So I recommend trying a mouse pad with your mouse. The mouse may not be totally useless. I'm going to give it another star since I believe this was not the mouse's error but mine.*ORIGINAL POST*This mouse was good while it lasted. Bought it in May and it just started that random double-clicking people mentioned. I'll grin and bear it till I can get a better mouse. Unfortunately for me this didn't last as long as I expected it to. It makes me think I would have been better off with a mouse from an off brand company. Usually Logitech has pretty sturdy and dependable devices. I still have other mouses by them that have lasted me for years. Hopefully Logitech will look into whether this is a hardware issue or a glitch with the drivers. Either way it was okay while it lasted. I've never been a big fan of the fancy, ergonomic mice when a cheap one works just fine for me. Buttons click, wheel rolls, can't complain. I bought this for my brother. He is into computer games and when his wireless broke this was the replacement. Cheap and fast shipping. I have two of these and they both work well.  I would recommend them as a good, cost effective mouse for everyday use. Very pleased with these. I rebuild 'puters and give these away with the machines. No failures, perfect performance. That reminds me... I have to reorder.",4.269406392694064,"32,258",269.0,375.0
B003MTTJOY,Edimax EW-7811Un Wi-Fi USB Adapter (Black and Gold),"tv, audio & cameras",Home Entertainment Systems,"Had a lot of latency issues, but this was just a quick fix while I got a PCIe Wireless Adapter. I was amazed at how tiny it is! it is about the width of my little finger and not longer than the first !The speed is reasonable if you are just checking mails, surfing simple webpages and youtube.However, if you are using cloud sharing or downloading large movies, I will recommend you get the AC wireless adapter with AC routershttp://www.amazon.com/gp/product/B00BVRQEKG/ref=as_li_tl?ie=UTF8&camp;=1789&creative;=390957&creativeASIN;=B00BVRQEKG&linkCode;=as2&tag;=hocivfd-20 This little bugger, is fast on speed and small on Price, Works nice for my Arcade Machine networks the PC inside for Streaming Music and Games Online... Just as good as a PCI Card ... Very disappointing. I have 16mbs up 1 down.I went from 16/1 to 6mbs and my ping went from 15 to 55.....that is bad.I did speed test, search on google, and did it with the updated drivers from their website.....and NG, ng at all.Yeah, fyi I tried speed test under environments over 15 times. Works well with the Raspberry Pi (512MB version).",4.3317460317460315,239,673.0,1999.0
B003VJ9RP6,Portta N3CVRHP YPbPr Component RGB + R/L to HDMI Converter v1.3 Support LPCM,"tv, audio & cameras",Home Entertainment Systems,"Converter works great right after I connect all the cable to device. I also connected this to auto switching hub without any issues at all. Works great, used it to plug in an older Xbox 360 with component cables to my HDMI computer monitor - no latency that I can see. Great product. I tried to use this with both a PS2 and a regular HD-DVD Player.  It did not respond at all with the PS2.  With the DVD player that television would ""look for a signal"" but it never found one.I like the concept; my TV has 3 HDMI inputs but only one A/V input so this would have been helpful.  Sadly it will not work for me so it was returned.  The return process was simple. just after a few months of use, the converter is not working anymore.  it did'nt even reach the warranty period, if it has one. While this does successfully convert component to HDMI, I have an odd problem occasionally in which the screen turns black for a couple of seconds, then comes back on, but the image is a bit distorted, like pixels of a certain color turn black, or the number of colors in the image.  The solution is to reboot the unit.Doesn't happen a lot, maybe every 3 days, but it is a nuisance.",3.4193548387096775,"2,553",3270.0,4593.0
B003XM73P2,"BlueRigger Ultra Series (Braided/Nylon) HDMI Cable Supports 4K@60HZ, FullHD, Ultra HD, 3D High Speed with Ethernet, ARC, P...","tv, audio & cameras",Camera Accessories,"The nylon braided cable is slick and it slides all over the place. I made the error of buying a cable that's too long, so maybe this isn't a big problem if the cable is the proper/shorter length. Also, there's no marking to indicate the side of the connector that should be face up when inserted which would help.If you're working in a well-lit area and have the device up on a table where you can clearly see the ports, the slick cable and lack of markings on the connector probably are not issues. But I think most people try to connect everything where the device lives and without disconnecting everything already attached to it. Works really well. Thanx Very robust cable with a heavy re-enforced fabric jacket and heavy plugs.  Works great to send 1080p to my projector. I've ordered two of the 25ft cables over the last few months and am very happy with their performance. I run a cable from my PC to my HDTV in the living room and the video quality is amazing! I really like the braided Nylon as it offers more flexibility than plastic cables. Don't go for Monster or any other cable unless you feel like spending unnecessary money for inferior quality. Ordered 2 of these. One works as it should, the other arrived DOA. Very concerning. Makes me wonder how long the other one will last.The cables themselves are very flexible. The mesh wrap is cool. Picture quality is indistinguishable from a more expensive cable in my current setup.The cables are Made in China (like 99% of HDMI cables).BlueRigger needs to up their quality control, and by 'up' i mean they need to have quality control.",4.75544794188862,"13,894",0.0,1864.0
B003XM9774,"BlueRigger Ultra Series (Braided/Nylon) HDMI Cable Supports 4K@60HZ, FullHD, Ultra HD, 3D High Speed with Ethernet, ARC, P...","tv, audio & cameras",Camera Accessories,"Have a bunch of blue rigger HDMI cables and never had a problem with them. I purchased this cable to replace a cable that I purchased at Fry's because the connector end broke off after just a few weeks.I use this cable to connect my PS3 to my TV, so that I can keep the console close to the couch, so I was looking for something low cost yet something that wouldn't break easily.When I received the cable, I was very surprised at the cool high-tech look of the cable material and the strength of the connection for the connector ends to the cable.  I first gently pulled on the end and then pulled harder and harder, and there was no effect.  I connected the cable to my PS3 and TV, and the picture is perfectly clear and vibrant.  I also played a bluray disk on the PS3, and it looked great on the tv.So, low cost, great looks, strong connectors, and nice picture = 5 stars for me. Work really well. Thanx These cables are outstandingly well made.  1/10th the price of Monster cables for the same length, just under double the price of the cheapest cables on Amazon for the same length, overall very satisfactory. As usual, I'll start with the good.  We used this product to connect a DVR to an HDTV, and we couldn't be happier.  The connectors themselves are quite nice and snap snugly into each device.  We didn't test more than two speakers for the audio, but what did come through was not being hindered by the cable.  No video artifacts or stutters.Now for the bad, although these are hardly reasons to knock the rating.  The plastic around the connectors extends quite a ways around the connector itself, such that I could see how it might cause problems in tight situations.  Also, the cable is reasonably inflexible.  That's not to say it shouldn't fit around tight corners, but you might want to think twice before you put the cable in that situation.Overall, we would highly recommend this cable.  Before this purchase, we had never heard of BlueRigger.  After the purchase, we would not hesitate to recommend this brand.  Not to mention that we can't really complain about the price.",4.778877887788779,"13,894",0.0,1864.0
B003ZX1M88,CMVision IR110 - 114 LED Indoor/Outdoor Long Range 200-300ft IR Illuminator With Free 3A 12VDC Adaptor,"tv, audio & cameras",Security Cameras,"It works as expected. The casing is all metal. Seems very heavy duty. If you're mounting it as in the picture, it almost seems like you get more like vertically, rather than horizontally. You can of course fully adjust the articulation of the illuminator.It's difficult for me to really gauge the operation of this, as the area I need to illuminate has a wood fence and the illuminator is attempting to illuminate something behind the fence. What happens for me is I get huge contrast of light reflecting off the fence. Not really anything I can do about that, because for that area there's nowhere else to mount the light.Very well made product and worth the money. I would definitely buy this again. I'm thinking about one for another area already. I use this to throw more IR down my driveway at night.  It really extends the useable night time range of my camera over the limited number of IR LEDs the camera has built into it. When I started looking for something like this, I thought it would be hundreds of dollars, but this is exactly what I need, it draws less than 10 watts and it works perfectly. I'm using it with a Foscam 8910 and it lights up the night. I'm considering adding a couple more around my house. The sticker on it said QC Tested. When I hooked it up to the power supply nine of the led's did not light up. But even with 9 led's out it does increase the night vision distance of my security camera. I got this to use with my D-Link DCS-2332L.  It is the right wavelength and looks promising, it lights up a good 50' or more of my patio, but a few half-rows of LEDs didn't light up out of the box, so it's going back.  It would probably work even better if the whole thing lit up!  If anyone can recommend something similar but better quality let me know!",4.0,440,14181.0,22999.0
B00403MGN2,Nikon HB-50 Lens Hood for AF-S NIKKOR 28-300mm f/3.5-5.6G ED VR,"tv, audio & cameras",Camera Accessories,"As a lens hood for the 28-300mm, it does what it says.  But I'm on my third one, as it is poorly designed, falls off all the time when carried in place, and is delicate and easily broken.  At $35/pop to replace, it's expensive for a bit of plastic.  Does anyone know of either a) a metal replacement, or b) a cheaper source, even if non-Nikon?I have a bunch of Nikon lenses, including the whole f/2.8 zoom kit, and I've never broken or lost another lens hood in a fair bit of traveling and shooting hanging off ropes and rigging.  This one seems more cheaply made and more delicate than the others.  Yeah, the pro lenses start at 2x as much, and go up from there, but on the other hand, $1000 is not exactly a cheap lens.  It'd be nice if the lens hood was a little sturdier. Nikon got cheap with the quality of this lens hood.  My original one was loose and it broke after only a few uses.  This is just one of those somewhat necessary evils we sometime need to have.  Check out all the blogs on the internet about the quality of this product. The original Nikon HB-50 shade for the 28-300mm Nikon lens felt shoddy when I first held it, and it locked all right when I first put it on the barrel. It uses a bayonet mount, but the shade is plastic. For an extra several dollars, one would think that Nikon would make the shade carbon fiber or out of metal. But I speculate that they simply want people to buy these shades when (not if) they break.This shade reaches well in front of the lens but does a great job in blocking unwanted flare that hits the lens, whose elements sit right beneath the lip of the barrel. When the lens is set at 300mm, it reaches even farther out, begging someone to hit it. My shade broke when it finally fell off the camera after constantly mounting and removing it (another issue), but the problem is that now, the front element is exposed to being struck.I usually don't want to get a product that is rated at two stars, but what alternative does one have? It sucks raw eggs, but I need this inferior product on the lens. Nikon, shame on you for making something necessary, so very crappy. Photographers deserve better, and so does your name. Fits snug and is attractive on the lens build quality is good easy decision. Always better to go with the hood made for the lens to avoid things such as vignetting. I've never had a hood break in 30 years of photography, but the one that came with my camera did break.  So far this hood has not broken, which is good.  Otherwise, what can I say, it does what a hood is supposed to do.",3.2,94,0.0,0.0
B0043D2L9I,Lowepro S&F 75 AW Quick Flex Pouch (Black),"tv, audio & cameras",Camera Accessories,"Fits the Nikon SB-800 AF Speedlight Flash and additional battery attachment with comfort. Room for additional batteries also. Clips to Deluxe Technical Belt with ease. I have a sony hvl 58am flash which is the biggest size flash sony makes. I was using a lowepro lens case attached to either my lowepro vest or harness depending on which I felt like using for the flash before I purchased the 75 aw. I find that the lens case actual holds more stuff and is about the same size and the flash just fell right in. I think the bottom portion of this case should have been wider. The pocket that holds 4 aa batteries should have had some way of closing it or perhaps they should have mad a small opening on the outside of the case for the batteries because the batteries make the case even tighter and there is nothing that quick about getting the flash in or out. I do however like the case and I can always put my batteries some place else, so its not really a problem for me. This case is well made and padded well and will do a good job at protecting your flash. I would give this 4 stars. I think it would be perfect if they make the bottom end wider with a outside pocket and it would be perfect, for me at least. This is an awesome pouch for a larger flash. I have a Canon Speedlight 580EX ii and it fit nicely. It protects the flash and can be attached to a belt or used with the neck strap that comes with it. Of the two types that exist in the market, this one I like because it has extra space to load batteries,  Im a lowepro S&F Guy and this one is one more to my collection, thank you so much from one more happy customer JOHN.. The Nikon provided carrier is good, but this is much better with additional protection, accessory compartments and the Lowepro Sliplock tab that works with my belt, Slingshot 302 and other Lowepro gear.",4.857142857142857,35,2999.0,3999.0
B0043M666S,Polk Audio TL1600 RCA 100 Watt 5.1 Channel Wired Speaker (Black),"tv, audio & cameras",Speakers,"This is a great sound system if you are looking for a full 5.1 setup (speakers only). I bought this for our game room so it's not our main a/v setup. I'm very fussy about the quality of my audio so I was a little wary about spending so little on speakers (the most important and most under-rated part of any a/v system. My overall impression is that this is an excellent system, especially if you are looking for inconspicuous speakers for your home-theater. The system comes with four TL1 satellite speakersPolk Audio TL 1 Sat Speaker (Each, Black), a matched central speaker and a powered subwoofer.  Setup is easy enough (some reviews of the TL1 systems complain about the cable posts but frankly I saw nothing that caused me any concerns - I was easily able to connect each speaker with Monster Xp-CI cable. My one and only complaint is the mounting of the speakers to the wall: there is a small keyhole to hang the speaker from a screw you put into the wall (not supplied); this provides a terrible mount and the speakers really should be supplied with a mounting bracket. They are compatible with most universal mounts so expect to buy four mounts (one for each satellite). I don't know what the folks at Polk Audio were thinking by leaving the mount out but this seams to me to be penny wise and pound foolish (to quote an old English expression). That aside, the sound quality from this setup is nothing short of excellent. I'm powering the system from my old Yamaha RX-V2095 receiver which has excellent sound reproduction. The highs are crystal clear and the bass, once you adjust the subwoofer appropriately is clear and deep. The midrange is excellent for the size of the speakers. I did consider the much more expensive Bose system but to my ear this clearly sounds better and comes at a much better price. Excellent home theater speakers for a small room, only downside is that you need to buy cables separately but some users might find this as a pro. Very nice and good looking speakers. Sound is crisp and provide enough quality sound to any HD sound source.  They are not the smallest speakers in the market but, they are small enough to be part of my living room Excellent sound quality. I paired with a yamaha self-tuning receiver and couldn't be happier. Plenty of sound for a small/mid size apartment. Clear, clean, crisp, full sound - I can hear all the music - and these speakers do not mush the sound together - each part is easily heard.  Great value for the price.",4.714285714285714,328,51500.0,60000.0
B0045EP2IC,Lowepro LP36214 Adventura Ultra Zoom 100 Shoulder Bag (Black),"tv, audio & cameras",Camera Accessories,"This bag is too big for a basic point and shoot camera and too small for a professional camera.  It is called Aventura Ultra Zoom because it is made to fit those cameras specifically. I like that it has both a shoulder strap and a handle. It is a basic bag with protective padding and a very orange interior which includes three small inside pockets.  Two are clearly for flash cards and one side interior pocket looks like it would hold an extra battery.  I like the movable/removable divider piece with its very strong Velcro and the softness of the inside fabric.  Nothing will get scratched in here. I did a lot of hunting around to find a decent, fairly compact protective case or bag for my Sony alpha Nex-5N.  The Nex-5N is fairly beefy for a point and shoot, especially with the 18-55mm zoom lens attached.  Thankfully, the Nex-5N fits snugly in this case inserted on it's side, even with the 18-55mm lens and flash attached.  It's not perfect, but it has been very difficult to find a workable and not overly-huge case for this particular camera, so I'm quite happy with it.  If you are looking for a case for the Nex-5N or a similar Nex model, keep in mind this case isn't going to hold more than the camera body, whatever lens you have attached, a memory card and maybe a spare battery. I bought this bag for my Sony NEX-F3 and it fits perfectly. The camera is well protected against shock by the extra padding of this bag and there is extra space for batteries and memory cards. Should you drop the bag or fall while carrying it, your camera will survive the incident and isn't that one of the benefits of buying a quality camera bag in the first place. The bag is easy to open and with the top raised it is very easy to quickly grab the camera and start shooting. Don't try to save a few dollars buying a cheaper bag and risk damage to your camera. This is a nice case with lots of storage for those looking for a case for a digital camera that has extended zoom lense.  Wish that it had another piece of adjustable fabric in it to make the camera fit a little more secure inside the case as the one piece was not quite big enough to make the camera feel secure and that it would not move around inside the case while walking with it. This little bag holds the camera, one battery and two sd cards inside with no room to spare. The camera fits with the lens hood, thumb rest and JB grip case on. I use the  detachable divider in the front  to provide a little more security, so the camera doesn't fall out.  I've had it long enough that it has stretched out a little and the camera goes in and out easily.  The little pocket on the back is good for cards, another battery or any thing really small and light.  I also like the handle on the top, which makes it easy to grab the case without flinging it around with the strap.My only complaint about this, and many other small bags, is the lack of a shoulder pad or some effort to make it less prone to sliding around on the one's shoulder.Try it you'll like it.",4.333333333333333,790,675.0,1250.0
B0045KGZOG,Nikon EN-EL15 Rechargeable Li-Ion Battery for Select DSLR Cameras (Retail Packaging),"tv, audio & cameras",Camera Accessories,"Great battery, fast charging, long life, nicely made.  Well worth the price, strong enough you might not need the extra battery attachment from Nikon. I purchased this additional battery 'caus I just couldn't imagine only needing one for my d7000, but the life on these batteries is just amazing.  I shot 1500 pictures from 9am to 10:30pm and I still had enough juice left to shoot another hour long session the next day!  Incredible! Love this battery.  I think you can achieve around 950 shots on this battery without a recharge.  I have yet to let the battery get that low.  An average person shooting around 200-300 shots a day can probably go 3-5 days without charging the battery based on camera settings and whatnot. worked perfectly Works as it should,no problems. Recommend to every body always carry one spare.since i bought  d800 battery grip,it fits inside so i don't have to buy en-el 18 battery.",4.7846153846153845,"2,395",2549.0,4500.0
B00462RMS6,Xpand X103 Universal Active Shutter 3D Glasses,"tv, audio & cameras",Home Entertainment Systems,"Now its a given every set of glasses acts differently with different hardware.  These Glasses actually do work with the Epson projectors i have an Epson PowerLite Home Cinema 3010.here is the review essentially and make of it what you will.The glasses are wonderfully comfortable and its a shame the rest did not match up.  They fit nice with a good amount of bend and they do not have issues with to much frame being visible.  They also sit on the nose extermely well.That being said its the only great part of the glasses.1.) they do not sync when just turned on.  If its documentation that was missing from my shipment thats  possible but I had to fiddle with it to get it to sync.  Essentially when I first turned it on it would sync for 2 seconds and then lose sync and the IR emitter position is not the problem as 2 epson and 1 sony worked just fine.To get it to work you have to turn them on let them fail and then tap the power button 1 time ( do not hold as they will turn off ).  This sometimes synced first try sometimes second or third but it always worked.  I could of lived with this.2.) The major downfall of the glasses in my evaluation of them was extreme ghosting or crosstalk.  It was very easy to see the other frame in the other eye to the point you could very easily notice it on contrasted areas.  It seemed that the refresh rate was bad on the glasses they just do not get that opaque in comparison to others.  This is a catch 22 with glasses currentl on the market since it was also a pair of glasses that seemed to have less of a tint than the sony or epson glasses.If it wasnt for the crosstalk I could justify a 4 but then again if it wasnt for how comfortable the glasses are I would have given them a 2. These are much better glasses than the Panasonic brand. They are lighter, more comfortable and do a better job on top of eye glasses. I even prefer the long lasting coin cell batteries over the rechargeable ones in the Panasonic. It is great that they will work with other TV's as well. Just compared to a Panasonic glasses that my friend had gotten last year with his TV, and I couldn't tell the difference. It take ssome times to get used to it, and turning on and off is more complicated than it should be, so i take off a star. Given the price, it is great. I like these glasses better than the 2nd gen Panasonic glasses on my GT25 plasma TV. They are slightly brighter and sit closer to my eyes on the bridge of my nose, not to mention cheaper. It took a few minutes to determine which settting was the correct one for Panasonic 3D, but once it was set once no additional programming was required. (One of the pairs was defective and could not be programmed, but Amazon promptly exchanged them for a new pair which worked fine.) Definitely seems like the best option for universal glasses, since Xtend seems to be the manufacturer of most of the TV OEM glasses. These are a good, less expensive alternative to the pricey OEM glasses. Mine are for a Panasonic Viera TC-P50GT25 (also purchased here). Good responsiveness, and cross-talk is minimal. Rear reflections are a slight more significant than the OEM glasses, but in a dark room...it's hardly noticeable.A good buy at half the cost of OEM glasses.",3.9740259740259742,362,2349.0,4999.0
B0046S54GC,HDMI to Micro HDMI F/M Adapter,"tv, audio & cameras",Camera Accessories,"It is goodTele Brockton Ok.this item I found to be very good inadapting my kindle hd fire to my flat screen tv.on time and received. Poor quality microc HDMI tip broke off on first use, if you buy this buy a half dozen or more so you have an inexpensive back up. Cheap product that gets the job done. No need to spend much more on the expensive adapters. Just buy this adapter and you will be fine. This is a decent product but it doesn't fit my device. I typed in Lenovo Tablet and this came up as a HDMI converter to attach my tablet to my TV for wide screen viewing. I believe this would have fit my Vizio tablet but not my Lenovo. Came quicker than expected but was not the right fit.",4.074074074074074,"1,789",180.0,999.0
B0047RS6GC,"Capturing Couture Boho Collection 2.0"" Camera Strap (Harmony)","tv, audio & cameras",Camera Accessories,"Very well made. The pattern side is like tapestry. The side that touches you has a velvet strip that touches your neck and is filled with some sort of tempur-pedic foam. Very very comfortable. My only complaint is that the colors are not as bright as they appear in the image online, but I do realize this could be based on my monitor settings. I think it's a little overpriced, but on the other hand, a used ""hippie camera strap"" on eBay would run around $20 and wouldn't have the nice padding that this one has. I love this strap. It looks even better than the photograph. It feels wonderful. The detail on this strap is fantastic, it looks so detailed and classy. There is padding on the strap that is soft and comfortable. Very well worth the money, I will definitely buy more of this product in different designs. Matches my Jill-e camera bag; very comfortable when wearing around my neck; strong enough to feel stabilize camera when walking bought two of these, the other one was a 1.5"" version.what can i say, it works and it works great.ever since i used them, i never had that gut feeling of ""is it ganna slip"" or, your shoulder being a bit high and rigid just to try and hold the sling in place.was it worth the money, for me, it is. A very well made camera strap with colerfull detailed embroidery.  Vintage look and not fried enough that your camera is slung over your neck/shoulder precariously holding on to a thread that was woven in the 70's.  I wear mine across my body and it was plenty long enough for me...and being a 6' 4&#34; 280 lb Male...I had no issue with the pretty-ness of it! The felt backing does grip onto your clothing so I fashioned mine with quick release clips on the ends of the strap only to make it easier to remove.  Also I hate the straps that come with the camera's...they are either two week feeling for me or they advertise the camera maker in big letters.  Forgive me but even though I am a large framed guy I refuse to be a walking billboard for the company or any opportunistic thief's.  I would definitely buy another strap from this company...if mine ever wears out!",4.769230769230769,98,5698.0,8139.0
B00484IEJS,Plugable USB 2.0 to 10/100 Fast Ethernet LAN Wired Network Adapter for MacBook Chromebook Windows 8 and Earlier Surface Pr...,"tv, audio & cameras",Home Entertainment Systems,"I was looking for a simple and quick way to connect my mother's older computer to my home wired network when she would visit...this product worked great for that......I'm now able to &#34;help&#34; her update all those software packages she uses. Non eventful installation on an android tv box hooked up to my 55&#34; tv. All I can say is that I plugged this in to the android tv box and my network router and turned on the tv box. The android tv box immediately connected to the ethernet network once it started. It just works and works well. Very uneventful, it just works. I bought this product for one reason. I wanted to save some money and wanted a USB-Ethernet adapter to hard wire my WiiU. I chose this product because it was reasonably priced and it claimed that it worked with the Wii and WiiU. Unfortunately, this is not true at all. When I got the adapter I immediately connected it to my WiiU and expected it to work. The lights did not flash and there was no connection. My WiiU didn't even detect that anything was plugged into the USB port. I tried every USB port on my WiiU. None of them would allow this adapter to work.I thought this adapter was faulty because it was not working with my WiiU when their website and their amazon product page claimed that it worked with the WiiU. Just to make sure, I connected this adapter to my MacBook Pro... of course it works. I'm not surprised at all.For future reference for everyone buying this adapter for their Wii or WiiU, save your money. It doesn't work. I have a Dell XPS 10 Tablet with Windows RT  (not the Pro).  I ordered the Plugable USB to Ethernet adapter and it arrived promptly.  I went to the site of plugable at http://plugable.com/2012/11/16/usb-ethernet-microsoft-surface and follow their instructions. Since they no longer can make available the device driver for Windows RT I searched the Net and found one still available at http://daytonacs.org/files/ . I connected the adapter, then  downloaded, expanded the driver at the Windows RT desktop. Finally I had it installed and is working fine!!!Microsoft should either allow plugable to offer the driver or install/make available the driver for it.Great job of plugable!!! Not a bad USB to wired ethernet. It would have received 5 stars except its size is large. Linksys makes one that works just as well. It is much smaller. Also it works just as well. Shoot me but I like small portable devices.",4.628415300546448,"3,612",4013.8,5499.0
B004E54LBQ,"Vivitar Close-up 52mm +1/+2/+4/+10 Lens Set VIV-CL-52 52mm Filters for Digital Cameras and DSLR Cameras, Macro Lens Kit fo...","tv, audio & cameras",Camera Accessories,"My DSLR camera is a decent camera and does everything I could want (and a lot I don't know about still), but I can't get any closer than 11"" without getting either a macro lens (and spending a lot of $$) or a high end filter, which is still expensive. These  close-up lenses fit the bill perfectly and while the quality may not be up to the standard of a professional photographer, they work just fine by me.Vivitar is a well-known brand, but not crazy expensive. The seller of these lenses delivered as promised, and I was surprised to discover that they came in a case. (I should've checked the fine print a bit more carefully!)At any rate, good transaction, excellent item, problem solved. If you know how use it, you can obtein amazings photos!!! Thumbs up! Those are my 2do Macro Lens set I ordered the Vivitar Series 1 1 2 4 10 Close-Up Macro Filter Set instead of the the Digital Concepts 1 2 4 10 Close-Up Macro Filter Set because it came with Amazon free shipping for orders over $25.  I received the Digital Concepts product.  The store tag, the one with the scanner bars, says ""Vivitar ..."".  The product was in good shape, but there were smudges on two of the lenses as if they had been handled, and the box is yellowed.  It's been on a shelf for a while.Doesn't look like it spoiled, though.Controlling the focus and depth of field is harder to do, so expect to take more shots trying to get the ""one"". I used these on my Olmpus C750 with an extension tube. I was able to get great results even with the close-up lens not attached directly to my camera lens. I am a very happy customer. Shipping time was good (I had chosen the slow way). A good company to do business with, give them a try. There's one thing about close-up lenses, filters etc. you can find yourself accumulating quite a few of them if you upgrade your gear every now and then. The secret is to decide on a sensible size common to as much gear as you can think of, buy one set of close-up lenses, and use step-up rings for cameras of lesser filter sizes. My set of 'Vivitars' was bought to extend the range of a PanasonicHDC-HD900 camcorder. The camcorder's filter-thread is somewhat smaller than 52mm, but using a step-up ring and the 52mm filters'bare' for a number of other cameras, makes a deal of economic sense to me. As close-up lenses, I have found these to be bothsatisfactory and well-made.",4.545454545454546,265,2652.0,4499.0
B004ELA7TA,Jabra Speak 410 MS Wired Bookshelf Speaker - Black,"tv, audio & cameras",Speakers,"I thought this was a bit overpriced, but has proven very useful.  It functions flawlessly with MS Lync and fits in my backpack easily.  Love the sound quality and the easy of winding the cord.  Well thought out and executed design. I use this for meetings at work for online audio. It's great and seems to work just as well in large rooms as small. I highly recommend this product! I bought this for the office when we were finding using Microsoft Communicator was a hit or miss affair. Too many times we had bad echoes on the other side or people had difficult time hearing us.These have made our meetings so much more productive and we have ordered numerous ones since. They also have led to a cost savings using the internet for audio, video and document sharing versus the other alternatives. Of course, it works best if you have one at each location when you are conducting a conference. I plug this into my laptop and it works great.  I love how you can easily change the volume or go on or off mute without looking for something to click on the screen. If you're in the market for a nice USB speakerphone to use with Lync, Office Communicator, or Skype this is the one to get. I'm a heavy user of Lync, and have tried a bunch of different speakerphones in this price range.First was thePolycom CX100 Speakerphone. The Jabra has much higher audio quality and controls.My old favorite was thePlantronics MCD100-M USB Speakerphone. Audio quality of the Jabra is about the same, maybe a little better than the Plantronics, but this Jabra has considerably better controls, is much lighter, and stores the cord better.This is the unit that I now recommend to coworkers and friends. If you already have one of the other units and are happy, stick with it. But if you're using your laptop speakers and mic, get this instead. World of difference, especially for people on the other end of the line.",4.904761904761905,"1,078",17332.0,22332.0
B004GW25WY,"BlueRigger in-Wall High Speed 10.2Gbps HDMI Cable - CL3 Rated - Supports 4K 30Hz, Ultra HD, 3D, 1080p, Ethernet and Audio ...","tv, audio & cameras",Camera Accessories,"These HDMI cables are excellent.  For the price I was a bit hesitant, but they were excellent.  The only issue I faced was the packaging.  I understand trying to save space, but it took a couple days fully stretched out to get the shape off of the cables.  Just a bit annoying, but the cables function flawlessly. No issues with BlueRigger brand HDMI cables. I have a bunch of them, different sizes. No issues with any of them! Was able to run 50ft cable with no problems from an HDMI hub for 1080p signal. Great cable that saved me a bundle. I used this to connect my Win 7 Media Center PC to my Plasma HDTV.  The picture quality is great.  I recieved it in 3 days with standard free super saving shipping. The picture quality with this cable is very good.  The connector plugs are a little loose and with time may not provide secure connections.",4.641148325358851,"44,647",399.0,18899.0
B004GW5PTY,"BlueRigger Braided High Speed HDMI cable with Ethernet - Supports 3D, 4K and Audio Return [Latest Version] - 3 Feet HDMI C...","tv, audio & cameras",Camera Accessories,"This cable is just awesome. I replaced a bunch of older cables and immediately noticed a difference in picutre quality. I had ordered two of another cable from amazon.  One of the cables was DOA.  Well one out of two works.  That's a 500 adverage.  Great for batting adverage in baseball not so much for manufacting products.  I ordered a blueRigger cable and it works fine.  It was covered in a fabric which I liked. Works perfect. Looks great. Costs next to nothing. You can't go wrong with this product. I highly recommend buying this product. Great cable. Just as good as those crazy expensive HDMI cables you find in the store with a much better price. Good quality picture and composition. These cables are pretty ideal for their price.  They're flexible, nicely wrapped, and excellent for low-priority uses.  I used mine to connect the ends of two baluns to device/display.  Because of their short length, they're ideal for that sort of use, even at this price point.  I highly recommend these cables for short runs.",4.697368421052632,"13,894",0.0,1864.0
B004JMZPJG,Case Logic SLR Camera Holster,accessories,Bags & Luggage,"&#2951; Fuzzy Wuzzy's Summary:&#1150;&#1150;&#1150; Somewhat recommended, with reservations and only lukewarm fuzzies.I love using SLR camera holster bags like this for shorter day outings where I do not want to be weighed down more by the bulk of a larger shoulder camera bag, camera backpack, or camera sling bag.  As long as you are not needing to carry multiple camera bodies or lenses, camera holsters are perfect for shoot-and-scoot situations like walking tours of a city, hiking in the woods or mountains, and social gatherings with family or friends.This is a very basic camera holster in very crowded price range filled with better options.  The primary reason that I rated this holster only 3 stars is that, in the $20-$30 price range, there are better offerings from Case Logic, Lowepro, and Tamrac, among others.  This is a nicely made holster.  But once you also consider the other holster options in this price range, this holster looks to be fairly ""average"".  With internal dimensions of 5.7""x4.6""x6.25"", I can snugly fit my Canon 7D and 17-55mm f/2.8 lens (without a battery grip, but with a tripod plate attached).  So your non-full-frame SLR camera will likely fit inside this, unless you are using a battery grip or require it to hold a 70-200mm lens.  There are two zippered pockets on each side of the holster, and another zippered pocket on the inside of the zippered lid.  The padding around all sides of this holster is adequate and comparable to other camera holsters.  The bottom of the holster is padded thicker than the sides, and that is a good thing since the bulk of the camera weight may be resting on it.All zippers and stitching are high quality.  But the top grab handle is only secured with one line of stitching on each side, and I think that the stitching of this top grab handle could become loose over time with repeated grabbing and lifting by that handle.The holster comes with a very basic 1-inch wide unpadded shoulder strap.  A simple unpadded shoulder strap like this is fine for carrying a compact SLR or point-and-shoot camera.  But it becomes more uncomfortable on your shoulder when carrying around a larger, heavier SLR camera for extended periods.  This lack of padding and rubbing of the strap can be especially apparent if you are just wearing a thin shirt, blouse, or t-shirt.The shoulder strap uses plastic clips that secure to the holster's plastic D-rings.  While I prefer metal D-rings instead of plastic D-rings for durability, I really dislike these kinds of plastic clips when used on a holster like this where you may be frequently clipping and unclipping the shoulder strap, depending upon whether you want to attach the holster to your belt or sling it around your shoulder.  Over time, the plastic clip can fatigue and bend or break with repeated use by pressing down on the plastic.  This will not be an issue if you always leave the shoulder strap attached to the holster, but it is something to consider.Within this price range and staying with the Case Logic brand, I think that theirCaselogic SLRC-201 SLR Zoom Holster (Black)is a far better holster than this one.  It has a larger internal dimensions of 6.3""x4.7""x6.9"" than this holster, and includes a shoulder strap that is generously padded around your shoulder.  But on that holster, even though I like its shoulder strap clips better than the totally plastic clips used on this holster, its shoulder strap clips onto fabric loops instead of metal or plastic D-rings.  I prefer D-rings over a fabric loop for clipping a shoulder strap onto.Within this price range and looking at other competing products, you should also consider the Lowepro ""Toploader Zoom"" line of holsters.  I like their designs better than this holster because they offer more useful storage pockets, and their ""AW"" All-Weather models come with a rain cover that fully protects the holster in case it rains.  You will get a temporary amount of rain protection using this Case Logic holster (e.g. for darting across parking lots during a heavy rain), but the water will soak through the zippers and seams.  Some people do not think about how rainproof their camera case will be... until they get caught out in the open during a torrential downpour.  To protect my investment in three camera bodies and seven lenses, I only buy camera holsters, backpacks, sling bags, and shoulder bags that offer full rain protection for my SLR cameras.  If you carry your expensive SLR camera around as much as I do, then you will realize that you do not have to live in the Pacific Northwest to eventually get rained upon unexpectedly.If you have a SLR camera that costs many hundreds of dollars or more, you may want to go beyond this price range for a better holster.  In the $50-$100 price range, I am a big fan of the Think Tank ""Digital Holster"" and Lowepro ""Toploader Pro"" holsters.  Both of these product lines come with top-notch design and build quality, flexible storage options, heavy-duty comfortably padded shoulder straps with metal snap clips that attach to metal D-rings, rain protection, and an expandable component-based approach that lets you attach various pouches and cases to the holster (for example, to attach a pouch containing your flash, other lens cases, or even attach a travel-sized tripod to the holster).Case Logic makes a wide variety of great protective cases, and I have bought various Case Logic cases over the years, including their cassette tape carrying cases during the 1980s.  But if you had to buy just one holster for your SLR camera, I do think that there are better options for about the same price as this one.  An expensive SLR camera deserves a better holster or carrying case than a $100 point-and-shoot camera. I recently ordered this bag for my Canon 70D paired with an 18-135mm lens and fits perfectly. It has one interior zipped pocket where I keep extra SD cards. It also has two zipped  exterior pockets on either sides. I keep extra batteries in one and some essential filters in the other. One thing that I like about it is that the strap can be long enough to allow you wear it over and across your shoulder. I carry it in a way that the strap is on my left shoulder and the bag is hangs just where my right hand is. Therefore making it very easy to take the camera out of the bag, take photos and put it back. It makes street photography very easy. I bought this case for my Nikon D3200 and I must say that I'm pleased with it. I first started to look among other cases since this was the first time that I buy something like this, and I have to say that costs less than what you receive, this is actually pretty well made, firm, secure, comes with the strap. 10/10 case logic make bad cases. they are not practical, designed bad and don't fit things properly. spend a few extra dollars and go to the store where you can look into the bag and judge for yourself if you buy the right bag.  don't buy. I am happy with it and you cant go wrong with this price. My old Nikon DSLR fits perfect in it!",4.367088607594937,"5,205",1293.0,4448.0
B004JRYLG4,JVC HAS160B Flats Lightweight Headband Headphones (Black),"tv, audio & cameras",Headphones,"These headphones work great. With the volume of about 80% there is no distortion or clipping whether it's music or games. I've used these daily for about 3 months and they have held up well with no issues on fit or finish. These headphones are surprisingly, very comfortable, unlike some other over-the-ear headphones I currently one that are way more expensive than the JVC FLATS. I can wear my glasses without a single problem. My ears don't get hot after wearing these for long periods of time. Five stars! After using these headphones for only a week, I'll rate them 5-stars in their class.Sound is good, and I especially like that the ambient noise (loudmouth trainers, crap overhead music, cell phones, talking, tread mills) at my health club is damped.  I like the fairly short cord and the feel on my ears.  I've used several different headphones over the years (Sennheiser, Koss,  Sony) and this is one of my favorites.My only concern is they feel a bit flimsy, and I hope they last 1-2 years.UPDATE: 02/17/2014.  I like them even more.  While at my club, I've adopted the habit of keeping them on even when I have turned my music off.  And I notice that it dampens the annoying ambient noise around me (cell-phones, talking, lifters grunting, overhead music, announcements from front desk, tread mills pounding, etc.) These things are pretty amazing for the price!  It will make you think twice about spending a lot on a pair of headphones! I'm writing this review after using these phones for about 2 weeks. I wasn't going to review, but can't help it, the phones are just amazing! They are pretty to look at, to touch it. Listening is a pleasure. Sound quality is amazing for such  cheap phones, it exceeds all my expectation in all ranges, rich basses and distinct trebles. They are so light and comfy to wear for long, you can't feel any unpleasant feelings. My head is on the small side, they fit well, I don't experience  any irritating pressure. It might be a problem for folks with bigger heads. I agree with the other folks that the phones look too gentle,  brittle, headband in particular. If you want to have them working for some time, you have to be very careful. I wish Panasonic had strengthened the headband with a metal piece, but it would had been another story. All in all, I highly recommend to anybody to buy a pair, regardless a main or spare gadget.",4.496240601503759,"7,106",2699.0,6500.0
B004KDVNZO,Panasonic DMW-BLC12 Lithium-Ion Battery for Panasonic Lumix,"tv, audio & cameras",Camera Accessories,"There are not many camera batteries that actually churn out a true 500 pictures per shot (CIPA)I decided to conduct a full CIPA test of this battery, google CIPA test protocol. And I did it twice, on the first test 535 images on the second test 537 images. They are CIPA rated for 500. These are amazing batteries in all respect.One battery provides me about 2 hours of video recording time.Some people are advocating the purchase of third party packs, sure it will not void the camera warranty but third party packs can damage the camera and in turn void the warranty. Also their performance is not tested by CIPAPay the extra premium if you are a pro or someone who does not want a headache! I've purchased it for my Panasonic GH2. It was sold by Adorama and everything seems to be legitimate. So far everything has been working as expected. The printing on the battery itself does not match the Amazon's photo but was matching the original battery that came with the camera. I have 2 batteries and that's all I needed on my trip. My camera was on most of the day; I used one in the morning and one in the afternoon and charged both at night. Didn't miss a shot! (Well, due to the battery power anyway) This battery is costly at $45, but it is the same as the OEM battery for the Panasonic DMC FZ200.  It also relays remaining charge information back to the camera, which is really helpful.  Other cheaper batteries do not do this so buyer beware.  This battery holds the same charge and life as the OEM battery that came with the camera. This is the official Panasonic GH2 battery and it is the same quality and performance as the original manufacture deliver battery.",4.829268292682927,659,3299.0,4999.0
B004KJE8H8,Lowepro Lens Case 13 x 32 cm (Black),"tv, audio & cameras",Camera Accessories,"I'm using this with a Canon 300mm f/2.8 lens.  With the lens cap (cover) on, it barely fits in this case.  I mean, I really had to squeeze it in the first time.  I'm assuming the case will stretch out with time and be OK.  But if you're really picky about this kind of thing, be forewarned.  A couple of extra millimeters in diameter would have done the trick.  Other than that, it's a great case. I got this along with my Tamron 150-600. The lens fits perfectly and is also well protected by the excellent padding of this case. Good investment to protect my expensive lens ! I needed a large case for this rather large lens, however; this case is a bit bigger than what I needed.  No problem, because it allows a little room for some extra padding and protection. nice case and at a good price.  the think tank and others will allow the camera body to be mounted but for storage and carrying around its a great product I bought this for a Nikkor 300mm f/2.8 ai-s lens that came to me with everything but the original metal case.  I have the latest version of this old manual focus lens and it fits in the case with the hood on it.  It is a tight squeeze, must rotate the hood attachment screw head so that it goes in one of the back corners of the case.  The leather &#34;lens cap&#34; will not fit if mounted on the lens, a bit too big in diameter.  It does fit in the case if I put the lens in glass down, then place the lens cap in vertically along side the barrel of the lens.  The case is well padded and the handle seems strong.",4.833333333333333,933,4199.0,4670.0
B004KMC0UC,Celestron AstroMaster Accessory Kit,"tv, audio & cameras",Camera Accessories,"So, my wife wanted some stuff for telephotography as a Christmas present.  She has a Celestron AstroMaster EQ telescope and a Nikon D7000 camera.  I bought her the T-ring and I was looking at buying T-Adapter with Barlow Universal - 1.25&#34;, which is a T-adapter with a Barlow lens (essentially a 2x lens).  That would cost me $44, while I was able to get this kit for $39.85.  It contains a T-adapter with a 2x lens, which I assume would be the same as the Barlow lens, 2 extra lenses and 3 filters.... for a lower price.  I'd be silly to pass up on this deal.  I was able to test the product and everything fit perfectly.  My only complaint would be that covers on lenses were a little bit off, like they were put on sloppily and the packaging looked like it was messed with.  Everything looks new, with no scratches or defects, so I'm happy.  Not only was I able to get the needed T-adapter with the 2x lens, but some bonus stuff as well.  Couldn't be happier. I bought my grandson a telescope at a garage sale but it only had one eyepiece. This item filled the gap and it included the filters. The hard case is handy for storage. The 2x Barlow lens is nice to use, but the 6mm lens is going to be difficult to focus.  The filters are okay for looking at the full moon, but I have not had much success using them with planets.  To qualify my review, this is my first set of lenses which I am using with my first ever telescope.  Before getting my telescope I had never used one before, and had never used binoculars for looking at the night sky before. I did not buy this product on Amazon, but thought of letting others know about my experience with this eyepiece set.With due respect to all the 5 star reviewers, I beg to differ on the quality of most of the parts in this set. I used this with my modest 130EQ Celestron reflector. The filters are probably the worst. The blue filter could not bring out any additional details with my kit 20mm/10mm eyepieces or with the set's 15mm eyepiece. The 6 mm seems better, but it is too much for my scope.The 'power doubling lens' is not at all a decent barlow. After attaching it with the 20 mm / 15 mm, the details became worse with it. The only good thing is the t-thread that you get with it, since that would cost you $10 or more outside.Hence though the set may look cheap on the face of it, there are only a couple of things that I could really use. Looks  excellent,good construction I have it not tested yet I have Celestron Scope C-90  and also waiting for a Celestron  CPC 800 telescope to arrive. also I am waiting for t ring adapter to use in my Canon cameras as soon I have every thing set I will test these lenses and filters.  I took fantastic pictures of the moon with my C-90 using my camera and pointing it through the eye piece,do not recommend this way of take it because it is  very difficult. That's why I ordered the T ring !This  Celestron  AstroMaster  has a very good presentation  come in a box and a case where the pieces  are set in recessed foam,protecting the parts very efficiently !  two eye pieces  the most powerfull is the 6mm that gives to my C-90 a magnification of  208x. (you divide the focal lens of your scope o telescope by the power lens...in this case  C-90 is 1250 divided  by 6=208...just in case you  dont know how to figure it out)  it comes with a Barlow 2x that magnified the eye pieces  two times,comes with  three  filters,one of them for the moon,a cleaning cloth....six  in total....I think for the price you pay for this Celestron  accessory you can not get these pieces  if bought separately at the price for this accesory . Recommended!",4.333333333333333,"2,588",9850.0,15000.0
B004LEAYXY,Neewer TT560 Flash Speedlite for SLR Digital Cameras with Single-Contact Hot Shoe,"tv, audio & cameras",Cameras,"Don't have much to add to previous reviews; the flash works wonderfully on a T3i.  Wow this flash has really changed my life.  Still can't believe the price.One thing I will confirm with previous reviews; the flash swivels smoothly, but it makes a terrible terrible sound when tilting.  I've tried tilting slowly, quickly, pulling to one side or the other, etc, I can't stop this cracking.  I am afraid it will break someday.  However, I like this flash so much I will probably buy another and hope I get one without this problem.  :D this flash is not bad for the priceit's manual , it freezes a lotthe best way to use this flash is to use it with a soft boxthat way you will get the best results Works perfectly. I received a different flash for my birthday and it did not work at all. It was not responsive and it really put a damper on my shooting. This one makes me feel like it is doing all the work. Not having to mess with it, having simple controls, it really works and the price is perfect for what it accomplishes. My gosh! Neewer did it again! Another fantastic product! I LOVE this product! It keeps surprising (in a good way) me every time I use it! GET this flash! It's very simple to use, rotates in all different directions, etc. Did well in good lighting & mid level lighting. In low light situations my pictures came out poor quality. Going to hit some tutorials, maybe it's me.",4.496277915632755,"11,030",4990.0,7990.0
B004MSMCSO,Canon Battery Pack Lp-E10,"tv, audio & cameras",Camera Accessories,"One of the few drawbacks of Canon DSLRs (or at least those similar to theCanon EOS Rebel T3 1100D) is  total reliance on Canon proprietary form-factor batteries and stand-alone chargers. You won't need to stock up onlithium batteriesor make sure you have a USB cable for charging...because these options aren't available.This is the same Canon-labled battery that shipped with the camera. As with any battery, usable charge will vary with conditions and use cases. For modern Canon DSLRs, the primary variables are the abmient temperature the camera is used in (colder air = reduced operation time), use of the camera's integrated flash and the following shooting modes:(1) through the viewfinder *without* using the EOS ""Live View"" feature (the user guide estimates ~800 images with no flash at 73 degrees (F) and ~750 at 32 degrees (F). With 50% flash use, these numbers decrease to ~700 and ~650, respectively.(2) with EOS Live View: 240 images (no flash at 73 deg (F), 220 with 50% flash use (these decrease to 230 and 210 at 32 deg (F)0.(3) movie mode: ~110 minutes recording time at 73 deg (F) and 90 minutes at 32 deg (F).Charging time when new is around two hours, and generally under an hour after the initial charge.If you have a day or night of high volume photography ahead: get a second charged so you're not cut short by lack of portable power.Prices vary widely, and some are ""equivalents"" or replacements and not Canon-branded: you'll have to decide how much risk you can tolerate:-) Wao! I turn on my Cannon EOS-T3 at 9:30am, turn off at 1:30pm, 570 picures taken and still shows ""Full Charge"", this is just amazing! Buy it!!! Works well! This is a great replacement battery for my camera.  Same exact one that came with it, but it needed a new one after 2 years of heavy use.  Would buy again. By only Canon Brand batteries for your Canon Camera.  Other Brands do not hold as long a charge and are not as good quality.",4.95,498,4690.0,5990.0
B004NEUK86,SCOSCHE FMT4R TuneIn Battery Powered Universal Wireless FM Transmitter - Black,car & motorbike,Car Electronics,"This thing is great. I've gone through so many cigarette lighter transmitters and they all just end up breaking. I thought I'd use this and its amazing. I haven't had a problem yet. Bought this as a replacement for a cheaper one I bought online. This one has a good stereo audio quality. Totally satisfied. Works great. A bit of a pain to set the channels but very little static...If there's interference just move it around a bit and that is usually enough...A bit clunky with the 2 - AAA batteries but not too much. Use good batteries and it will last a very long time...My old transmitter plugged in the lighter and the cords going to the lighter and the Sansa clip wore out/pulled out from the transmitter.  I don't have that problem with this Scosche transmitter.  I use it with a Sansa which is feather weight and puts no strain on the wire going between the two units... If you have a smartphone and a older car stereo, this little device is surely the easiest and cheapest way to get Pandora in your car. Sound quality is better than expected, and I love the fact this runs on batteries so there is not excessive amount of wire. The FM transmitter is easy to use, and works well, except when you are on a road trip and you are approaching an area with a radio station on the frequency you are trying to use - then this unit will make your speakers emit very loud popping sounds - a sign you should change frequency, or upgrade your stereo to one with an auxiliary input so you can wire your device directly. my only other complaint is the cord feels quite flimsy.  bottom line - if you absolutely have to use an fm transmitter, this one works very well if it isn't trying to fight a radio tower for a frequency.",3.984848484848485,"2,300",0.0,3570.0
B004OUMTT2,"Celestron - Power Seeker Telescope Accessory Kit 94306 - Includes 2 X 1.25 Kellner Eyepieces, 3 Colored Telescope Filters ...","tv, audio & cameras",Camera Accessories,"I love this item it is all it is said to be I got this because of the filters and to increase the choice of eyepieces for my portable telescope (a Celestron 114EQ Powerseeker).  I found surprising for the fact that these should be the eyepieces included with the telescope. The field of view of the 15mm compared to the 20mm that came with the telescope is a lot better. It takes a lot more light and is several times better to see nebulas than the telescope provided. Celestron should include these with the beginning telescope packages. love the lenses as the ones that came with the scope have no way of attaching filters. box is great for storing all the lenses Based on the &#34;thank you s&#34; and comments I received the user is ecstatic. Unfortunately I cannot personally comment on the product however I discovered it to be the perfect item to accompany a Celestron telescope. For what I used this for (FirstScope), this little Accessory Kit is great. The 15 mm eyepiece is my favorite. I haven't used the filters yet, but I plan to in the next few nights and will try to update this review as soon as I do.",4.434782608695652,"1,647",5100.0,9000.0
B004PFI2Z6,"SF Cable, 3 RCA Male to 3 RCA Female Audio Video Extension Cable-15 Feet","tv, audio & cameras",Home Entertainment Systems,"Good price, speedy delivery, item as described, and it works for the purpose it was purchased - what else can one expect from a cable! i was tired of moving the wii around the house for the sensor. I bought this to be able to just run the cords and leave it setting in front of the tv. I use this in conjunction with myBelkin Video Cable + ChargeSync for Apple iPod and iPhone (6 ft)and AirVideo to watch my Win7 MCE wtv recordings in our upstairs bedroom and this cable allows me to keep the iPad right next to me within easy reach on my nightstand. Well, basically I got these so I could hook devices up to a projector across a room. I haven't started using them yet, but I can only imagine that they work seeing how they are basically wires that devices have been using for quite some time. Nice to have long cables of every type when using projectors. Not much to say about this audio/video cable except that it works and serves the purpose. And three times cheaper than if you bought it at the local Wally World.",4.6923076923076925,62,499.0,999.0
B004PNZFZ8,Shure SE215-K in-Ear Sound Monitor Headphone (Black),"tv, audio & cameras",Headphones,"Bought these as a gift for my husband. He LOVES the earphones but hates the plasticky inserts for the ears, If you don't like them either, try using the foam earpieces that come with other brands that are like foam earplugs... As soon as he replaced those, he LOVED the earphones.  He used http://www.amazon.com/gp/product/B0078JXDRI/ref=oh_details_o00_s00_i02?ie=UTF8&psc=1 and they work great. Ok corny title but I had to do it. Everyone needs to find their sound. I found them in shure headphones. These are by far the best balanced in ear headphones I have heard. I have tried Sennheiser MM50, Klipsch image s4, Apple in-ear headphones, and my Shure ec2 (R.I.P.) headphones. Nothing to me compares to shure headphones. The sound is so crisp and clean compared to the others. MM50 sounded muddy and did the apple in-ears. S4's sounded very tinny (hurt my ears on the high end) Shure headphones have none of that. Tight bass, good highs, and maybe you can make an argument the mid range is lacking a bit but that shortcoming is quick overcome with the overall sound quality. Like my older ec2 (which I used a few times a week before they died 6 years later) the new SE 215 did not disappoint. I used to have a pair of E2Cs.  Unfortunately, I lost them.  This is the newer version of that product.I have been using a cheap pair of earbuds by another company, and haven't been happy with the sound quality.  Luckily, these sound just like me E2Cs.  Great low end for earbuds of this price, and a very nice and powerful sound across the full spectrum.  You may not have the mids and super-fine details of a more expensive set, but you would be hard-pressed to find something better for this price.The headphones are well-constructed, they come with a great selection of cushions, they have a solid and removable cord, and they fit perfectly in the ears.If you are looking for a great mid-range pair of earbuds, these are a great choice.  My music doesn't sound muddled and not ""full"" anymore! The Shure SE215k is a shallow fit, over-the-ear earphone.  The package contents include: the earphones themselves, a set of S,M,L silicone tips, 1 set of memory foam tips, a cleaning tool for the ear tips, and a soft shell carry case.  The earphones are made of a rigid plastic and the cables are thick and of high quality.  These are very comfortable, but you will have to adjust to how big these are if you haven't owned something like this before.  A nice little feature about these earphones is that the cables are removable and replaceable.  You can either get the original cables from Amazon or Shure, but the cables from  the Logitech UE series earphones just as well and a bit cheaper too.On to the sound.  This earphones has a lot of bass that extends down fairly deep and can sound a bit muddy on some tracks.  With genres such as hip hop, dubstep, EDM, etc, these do a great job and will fulfill the needs of your average bass head.  The mids are warm and very clear and the highs are a bit rolled off, maybe a little rolled off.  Due to the rolled off highs, these are not fatiguing and can be used for several hours before having to take a break.  Keep in mind that these isolate very well, so if you're walking down the street or anything, make sure you are well aware of your surroundings.The Shure SE215K is not without flaws however, there a few things that are bothersome right out of the box.  The first is the fit of these earphones.  While it isn't a big issue, new users might have problems properly inserting these into your ears.  The core of the problem is the memory cord that wraps around your ear.  You will need to bend constantly to conform to the curves of your ear but after a while it will retain its shape.These earphones perform extremely well and for the price, it includes many accessories.  Shure even offers a 2 year warranty with the SE215K which adds even more value to the package.  If you're a fan of good bass, warm mids, and slightly recessed highs, these earphones are a no brainer. Are they good? Well yes. They worth the money. But! You're gonna need to spend another $50 to get Shure Phone Cable if you want to listen music on your phone. Why? Because the plug on default cable is so annoyingly bad it will lose connection with the phone on every slightest move. Even if you don't need a mic, you still gonna need to buy the cable. And you cannot get earphones with already installed phone cable.I miss a pin on the cable. It's slightly heavier than other earphone cables and absolutely needs something that you can pin it to the shirt.Also Shure support left me unhappy. One of the sleeves came damaged. There is a few spares each of different size, but you get only two medium ones. So I asked them to send me one. They told me to call them and order. Here on Amazon, those spares listed for $20. I explained them that the sleeve came damaged, and just because of one sleeve I don't want to send the whole thing back. They refused to send me a replacement and it seems after all I'm gonna need to spend another 20 and buy them myself.So in the end these earphones will cost me in total ~ $170+tax. Is there any better options for that price? Sure, there are plenty. Good headphones, but they trick you to spend more.BTW. It took me almost a month to find a way to properly get them in my ears. Remember, place the earpiece the way that logo would be laying horizontally and would be readable (it should not be upside down), and then turn the cable downwards, so the whole thing will look like G letter and not the way how it looks on the picture. At the point where cable connects to the earpiece, it easily rotates. And don't waste your time bending the cable behind your ears as it says in the manual.",4.198979591836735,"3,350",8999.0,13800.0
B004QC6VBK,Sirui P-306 Aluminium Monopod (Black),"tv, audio & cameras",Camera Accessories,"I really love this monopod.  It's small and light enough to fit in my camera bag, and half the price of the similar carbon fiber model.  Can't see that the small weight difference is worth the extra cost. This is a well made monopod but it feels heavier than I thought it would.  All my other tri and monopods have the lever type lock and I just got used to that system.  This is a twist lock leg and I just can't seem to get the hang of it yet.  So if you are used to this system, this is a solid monopod, much less expensive than comparable name brands.  Since I don't use a tripod or monopod that often, I couldn't justify spending hundreds of dollars on a lighter carbon fiber one.  So if weight is a big concern, look elsewhere.  If you are on a tight budget, couple this with the Tripod Monopod Metal BALL HEAD Quick Release Plate By Fancier (see my other review) for less than twenty bucks and you've got a pretty beefy and reliable setup.Pro: Solid well built monopod.Con: A bit heavy. I didn't care too much for the twist lock system, but that's just me. I've only had a chance to use it one time, but I was very satisfied with it's small sizes and it is well build.  It more than satisfied my need for the height that I needed.  I would definitely recommend it to anyone who wants a very good mono pod. Really solid monopod! I used this for everything from trail hiking to basketball games and it holds up like a champ! The threaded connection at the top is very clever in that it flips over for a larger diameter for the bigger cameras.One little down side is that you can't take that strap off the monopod without cutting it...kinda silly since I already have a strap on the camera and it gets messy with all these straps. Very sturdy, yet compact enough that it easily fits in the laptop compartment of my Lowepro Fastpack 250 along side my other gear when folded. Most other monopods this size only fold down to between 21.5 and 25 inches, this one folds down to 15. The only downside is that the compass is a cheap piece of crap, but the monopod itself is a very high quality product.",4.8125,383,6000.0,7200.0
B004XNLPYK,Lowepro Photo Sport Sling 100 AW Sling Bag (Orange),accessories,Handbags & Clutches,"This is the best all day anywhere pack. At first I was really worried about this pack only having one strap. Honestly the only reason this pack won in the end was the color. But after a few all day trips with it to Colorado hiking and biking, it has proved VERY useful and VERY LIGHT. When the belt strap is adjusted correctly, as the same with the true backpack, the one strap makes no difference. I love carying this around as it attracts plenty of attention and is great in all types of outdoors. While on a full day trip, I would carry my Rebel XSi with a 18-55mm stock lens attached and either a base Canon 55-250mm or a 70-200 f4.0 L lens in the camera padded section. In the pouch most of the time it would be a gureilla pod and a true tripod along with a few lens hoods. This bag is also what worried me. What was listed above is ALL that will fit. If you own more camera accessories as I do, you WILL need either to forgo it for that day or get a Lowepro certified attachment. I'm still trying to find one large enough to fit my dang mongo phone. I actually bought this bag on clearance for $30. But after owning and using it daily for a month, I would pay the $80 price tag for it. Pros:*It fits my 100D SL1 (I know its a small body, but fits my wife's T3i as well), a 55-250mm lens, kit lens, and 40mm pancake lens all in the camera compartment that zips on the side for easy access. Fits all other minor camera gear (filters, hoods, cards, batteries, chargers, etc. either in the main compartment, outside pockets, or inside mini pouch). The main reason I got this is that the main compartment extends all the way down and isn't cut off by the camera compartment. As a result I am able to fit my 12&#34; Chromebook laptop in there with all the said gear no problem. You can probably fit a 15&#34; laptop in there with a tight fit. There is also 2 straps on the bottom of the bag for a tripod.*I love the lightweight, durable nylon-ish material, solid zippers, and 3-point buckle strap sytem (not only makes it feel secure, but also easy to take on and off). Reflective piping and built-in rain cover is pretty cool, but not so useful for me personally.Cons:*Although its feels good around my back, the one strap can really strain my shoulder when it's fully loaded (not sure if there is a max. loading weight). Also, because the top of the strap is sewn towards the middle of the bag, the top of the bag tends to hang over for me, but this is more a cosmetic issue.*The only padded areas are the camera compartment. So everything outside the camera compartment is left unprotected because the bag material is so thin.*Side water bottle pocket only fits a 20 oz. plastic water bottle with a tight fit.*The top of the main compartment is lined with a transparent, slick residue that started to peel after 2 weeks of use. Nice study camera bag with plenty of padding & space for 2 cameras/bodies plus lenses.  I would like to see a couple of improvements - I'm a 5'6"" tall woman so not particularly small but there is insufficient adjustment in the lift loader to suit my frame, so the pack hangs from my shoulder instead of fitting snugly & is consequently a little uncomfortable. Also, it would be great if there was an additional separate compartment for batteries, cards etc. There is a small zipped area, but that doesn't provide much storage or the ability to store items separately. Other than that, it's a nice attractive pack. I love this pack. It holds my nikon D7000 perfect with enough room for several other lenses and a jacket or some other gear. It is very well built, just like my Osprey camping backpack. It comes with a waterproof bag that unfolds out of the bottom. I know it is expensive but this time you get what you pay for. All of the great packs in the world are expensive and that has to do with the awesome construction and materials. This sling is small, but that is exactly what I needed. The dimensions that they give on the description are correct. I needed a backpack to protect my camera gear and give me a little storage for my nature hikes.  I went with this pack and used it for four separate outings and so far it hasn't disappointed.Pros:- Sling style makes it easy to slide the pack around for camera access without removing the pack completely.- Side pocket that allows me to carry a water bottle.- Small storage on top that allows for my second, smaller camera, and a few misc items.- Attached rain fly (which I actually had to use on my first outing with it and it kept my items safe and dry)Cons;- There isn't much I would change.Overall:This is a very nice pack and in the medium size range, it provides a decent amount of storage.  I would prefer a few more pockets, but I realize that this is difficult without moving up to a larger pack.  I also read some reviews that said that this pack is not comfortable, but it has been fairly comfortable for me and, as a rather large guy, it has plenty of room for adjustment.One final note is that it seems fairly tough.  I recently took it thru an area with a heavy amount of briar bushes and had it snagged several times without rips or tears.",4.571428571428571,100,2295.0,7950.0
B004Y1AYAC,Nikon Af-S Nikkor 50 Mm F/1.8G Prime Lens for DSLR Camera - Black,"tv, audio & cameras",Cameras,"It's a very slow focus lens with a crippled feature set and a fairly narrow range of uses.For landscape, it's not bad - though it begins to fall over in the higher f-stops.For plants, it's adequate, though focusing close enough to build a good frame filling shot of most flowers requires playing the accordion game in order to find a distance at which it can achieve a decent focus.It's pretty adequate for point-and-shoot type activities, or in full manual mode where you override the AF and aperture.Everything it does well, the Nikon 50mm f/1.8 AF-D does better, and costs less. I got this one as a stop gap when I needed a second 50mm lens, and the local stores were out of the 50mm 1.8D.I'd not recommend buying this lens, but if you get it for free, it's better than nothing. Perfect!! I needed a lens that helped me get clear action pics of my daughter playing volleyball.  I don't get great shots every time, because the focus wants to go to the furthest point in the shot,(learning curve for me) and she isn't always the furthest!! But the few I do get and WAY better than the other lens I used that came with the camera. It's a good lens I just wish it had macro .... It was not what I was expecting when I placed the order after that it's a good lens has all noons are the best for me I had this lens coupled with my Nikon D3000 and it helps me produce some great looking shots. I think this is probably the perfect portrait lens. It works great in low light, and does really well taking shots indoors without flash in situations without the best lighting. The bokeh effect is really prevalent down at lower aperture, and it seems to stay pretty sharp throughout. I would highly recommend this to anyone looking for their first prime lens. you must have one of these in your lens arsenal. The bokeh could be better looking, but the color and tack-sharpness are just stunning.  Great lens for the price!",4.845744680851064,"4,921",17543.0,18000.0
B004Y6MIXS,Alfa AWUS036NHA 150Mbps Wireless USB Adaptor,"tv, audio & cameras",Home Entertainment Systems,"For the price a very nice booster or back up to catch them hard to get signals.Great product excellent price, I should buy more lol Ships fast. I've had mine now for over 6 months and still strong. Thank you Alfa Really, really fast card. Works with kali linux right when you plug it in and also supports packet injecting. Just what it is advertised as. Would definitely recommend this to anyone. I purchased this to test out a Kali Linux VM and it worked great!  Of course I have no idea what I'm doing but this USB-WiFi adapter is solid! I bought this adapter, the Alfa 9 dbi antenna, and the suction cup mount at the same time, so let me start by saying that I'm comparing this adapter the new antenna and stuck to a window vs. an internal Dell wifi card.  Hands down this new setup wins, both in signal strength and in speedtest numbers.I'd had an inkling that my Dell laptop (with B/G/N) wasn't seeing as far as I'd like when another computer in the house was able to see and connect to access points that I could barely see on the listing.  This has helped quite a bit, I'm glad I bought this even though it felt like a waste originally since I had B/G/N coverage.  This really helps improve the signal strength at the computer. Having been impressed with the Alfa AWUS036H b/g wireless card I gave this product a shot.  At first it was performing fine but though using a signal strength monitoring program (inSSIDer) I was getting random -10dB spikes across all networks in range which gave me a clue that something was not right with the card.  The card then started to emit an annoying sound at times and when it was making that noise I would lose network connectivity.  The card also would randomly disconnect from the computer for no reason.I thought I just had a lemon and ordered a replacement. I experienced the same issues with the replacement.I used this product with Windows 7 64-bit.",3.625,"3,117",5499.0,7899.0
B004YW7WCY,"Logitech Digital HD Portable 1080p Webcam C615 with Autofocus, Black","tv, audio & cameras",Cameras,"There are a lot of reviews that go into detail and I am sure you can see sample footage of the webcam in use over at you tube. I have sampled video taken at HD 1920x1080 at the Loseless setting.  Video quality is just ok. Video quality seems to be exactly the same no matter what resolution you use (assuming you don't maximize the video and just let it play in it's native resolution. It is going to look like a cell phone video (from a droid with a good camera).  Keep in mind that the overall camera is about the size of a box of tictacs.  Considering that, the video is good.  Comparing it to my sony camcorder (cx560) and the video is very poor.  But it's not meant to be a camcorder.  I bought this to use with Camtasia Studio to do video tutorials with a PiP web cam video.  Little did I know, THIS CAMERA WILL ONLY RECORD IN A RESOLUTION OF 320x240 when used with Camtasia Studio (CS).  This is not a limitation of the webcam but with CS itself!  This is a known bug with many different models of webcams and CS is working on a fix.....I called up CS and they told me that the Logitech 9000 webcam will work with supporting different resolutions.  I think I will just hold on to this webcam and record the webcam video with the supplied software WHILE recording a tutorial with CS and just combine the two videos in my editing software.A couple notes:-It does not have a lid but you can swivel the cam around 360 so it is not looking at you.-You can zoom and pan the camera using the software.  Range is not great but it is cool, especially if you remote in to your work pc and use the zoom and pan to look  around your office!-Loseless vs. High quality setting= I could not tell the difference in picture quality.  Loseless files will be larger of course.-microphone is not that bad.  I think using ""Rightsound"" helps quality.  It seems to pick up less background noise.  I will continue to use my Blue Yeti mic though.-You can choose from almost every available standard 4:3 or widescreen 16:9 resolution known to man.-Exports videos as WMV files.  Pretty cool. this webcam does not compress 1080p video on the fly, so the best it can do is 720p 15fps adequately.  in motion capture mode the best video it can manage is a pathetic SVGA.  unless you get to pay 50% off MSRP or specifically need this form factor, I would hold out for a true 1080p webcam with proper on the fly compression capability. I like this web cam.  For the money, you can't go wrong.  The reason I give 4 stars is that the live video quality is not always the best, but it will always be acceptable.  Overall I am very pleased. This is the second one of these cameras I've purchased. I really like it.Pros:1. Compact for travel.2. HD video3. Really good microphone4. Can be mounted on a camera tripod5. Comes with an extension cableCon:1. The USB cable doesn't store well with the unit. It's got this great transformer like design for the camera body and there's the USB cable protruding out of it. Just a minor thing. Good tool, I have an old desk top and needed to add a simple webcam.  Ordered this and plugged it in.  Computer found it and it worked, no hassle, no CD with step by step instructions in four languages. It just works.  It was easy to attach to my monitor, simple.  Again no instructions required.  I know most new monitors, tablets, phones, etc. now have built in cameras.  I didn't and I didn't want to get a bunch of new parts and software. This Webcam saved me a lot of headaches and worked out of the box.",4.276785714285714,"7,739",4495.0,7495.0
B00554PCDG,Pixel TF-321 E-TTL Flash Hot Shoe Adapter with PC Connection Port for Canon EOS Cameras,"tv, audio & cameras",Camera Accessories,"Works perfectly, no issues. POS! don't waist your money... threw mine away! Cheap Cheap Cheap. Don't waist your money on this one guys and gals This adapter is great and with a little modification you can make it work with a pocket wizard. Most of the adapters for use with the pocket wizards are around $25-$40. With this adapter all you need to do is re-solder one of the PC plug wires to the center pin for the hot shoe and boom you now have a cheap pocket wizard adapter. Hope this helps others with getting a good adapter that's very sturdy and is half the cost. If anyone has questions feel free to ask me I've got this all set up and it works like a charm. Worth every cent I bought this to add a pc port to my t3i and it works perfectly, and if u think about it it also functions as protection for your cameras hotshoe since this will be taking the wear and tear of devices being added and removed. All in all one of my favorite little devices and it is good build quality with metallic hotshoes 6 stars baby 0 Stars!Put this on the bottom of my Canon 430EX to facilitate remote triggering via PC link with a Paul C. Buff CSRB and my flash would not fire.I tried every PC cord in my box to rule out the possibility of a bad cord, but no luck.At least this wasn't an expensive purchase. I think the shipping cost as much as the unit itself!",3.625,631,4106.0,5010.0
B0058AFS0O,TFY Car Headrest Mount for Swivel & Flip Style Portable DVD Player-9 Inch,car & motorbike,Car Electronics,"Fits our 9 inch DVD player great. Was not bothered at all that the entire DVD player has to come out to switch the disk. No issues getting in installed either. We bought this for a recent road trip and it worked great. I had it in a Hyundai Veloster and my five year old enjoyed being able to see the movie right in front of him. Much safer than on his lap or wedged between the seats. Remember the strap is about 6 inches wide and needs to go through the headrest posts, so make sure you have room for that. Our other car may not be able to accommodate it. We bought this to add on to his birthday gift of his sony DVD player. it fits perfectly into this case and the straps fit around both my husbands trailblazer headrest and my equinox headrest. I would definitely get this one if your in the market for something like this. This mount doesn't fit my 9 inch sony dvd player.  the top of the mount obstructs the screen and the bottom obstructs the controls.  I have a sony BDP-SX910.  The screen opening is not even large enough to accomodate the entire screen so this is not merely a problem of poor match up on the control panel. I am so happy with this purchase.  I  purchased this for my granddaughter for her portable dvd player when we go on long trips.  She already had a case that attached to the back of the seat and I HATED it.  It hung to low and stuck out to much.  This mount is perfect.  It is at the right level and is so slim you hardly even know its there.",4.260869565217392,"1,204",0.0,2381.0
B0058VAY8Y,Wasabi Power Battery for Panasonic DMW-BCK7 NCA-YN101G and Panasonic Lumix DMC-FH2 DMC-FH4 DMC-FH5 DMC-FH6 DMC-FH7 DMC-FH8...,"tv, audio & cameras",Camera Accessories,"Over the years, I have ordered several Wasabi batteries, for a variety of different electronic devices (mostly cameras)  They always appear to be well made, and they seem to hold a charge and hold up well to multiple recharging.  Oh, and they are reasonably priced.  I guess you can buy batteries for less, but I trust this brand to be reliable, and they have been.  I also still smile when charging them and see &#34;Wasabi power&#34;.  I happen to like Wasabi peas, and find it funny that I own batteries that are named wasabi, too! arrived promptlybackup battery for Panasonic Lumixcharged okhave not used it in the camera yet as the Panas0nic battery never ran out of energy It's good for what it's worth. Stays charged for a nice amount of time. I purchased it for a back up battery. I've had this over a year and don't understand the hype, it doesn't last any longer than the 800mah battery that came with the battery The battery fits the camera that it said it would and was far cheaper than getting one from the company.  Win win.",4.538461538461538,242,2948.0,4219.0
B005C50H2Y,Nikon AF-S DX Micro 40mm F/2.8G Prime Lens for Nikon DSLR Camera - Black,"tv, audio & cameras",Cameras,"I have used the 40 mm Lens so much from the day that I opened the box it is a must For the $ this lens is a good buy if you are getting into macro photography and provides very clear images.  I have no complaints about this lens Fantastic lens!!  I originally purchased this for the detail shots during weddings (ie. ""ring"" shot, table set ups, flowers, etc) and newborns, but I think this will be one of my new go-to lenses for everyday portraiture!  It creates the most beautiful sun flare which coincides with my person shooting style when I shoot into the sun, and generally is just fantastic!  Great price for this lens! It's 40mm. It's pricey. It's claim to fame? The fact it can do 1:1 macro shots!But the fun ends about there when you realize thatthe aperture isn't fixed (it changes in relation to how close you are to your subject causing you to change your aperture constantly)you must get EXTREMELY close to your subject most timesit's very close to a normal 50mm lensand it's just expensive for what it offers.The optics are typical modern day optics from Nikon. Sharp, colorful, somewhat contrasty. It can also function as a normal prime if you so choose.In the end, I ended up selling mine off at a loss, it's just a lens I thought I needed when really, a 135 should be what macro enthusiasts are searching for. Don't be like me and get stung by bees. Buy a longer lens! I am an amateur, hobbyist nature photographer and I have been looking for a macro lens with a reasonable price tag (as a grad student I cannot afford the $700-1500+ lenses). I'll break this down into pros and cons, though the only cons are really just inconveniences; this lens can produce flawless images.Pros:-Tack sharp images, especially with stabilization (tripod + remote, etc)-Manual focus is smooth and works well (good for me because I do a lot of focus stacking)-Works well for macro and landscape (granted these won't be wide-angle landscape shots)-Fantastic for waterfall photography-PRICE!!Cons:-No VR - may need to crank up ISO especially for handheld macro such as flowers, bugs, etc (or get creative with a tripod, rest the camera on a rock, etc)-40mm and need to be close to subject for 1:1 macro, can cause issues with blocking sunlight (depending on the angle you're shooting from) or scaring away the more skittish insects (butterflies); still, if you're sneaky enough and strategic with lighting it can produce great macro imagesI got this for macro (105mm too expensive for me) but the first time I used it was to photograph waterfalls. It worked perfectly for this! I'm also finding that I'm taking quite a few nice landscape pictures as well.Overall a really high quality lens. Perfect step up from the kit lens in terms of image quality.",4.8,"1,470",17698.0,19450.0
B005GTNZUM,Logitech H800 Bluetooth Wireless Over Ear Headphones With Microphone Black,"tv, audio & cameras",Headphones,"Awesome product with Bluetooth which makes losing the transceiver a thing of the past.  The battery also lasts a long time and it even folds for easy compact traveling. Cons:1. slightly dorky-lookingPros:1. binaural!!!2. LOUD3. clear on other end4. very low handling noise (when I profusely scratch the microphone, the other end can hear it some, but they can still hear me speak perfectly well)5. not over-ear (can still hear others around you)6. mouthpiece folds up for regular headphones7. flip a switch to go between phone and computer8. mute microphone button9. large enough and then some for my gigantic head10. very padded11. grips incredibly well (I put it on when doing INSANITY workout sometimes)12. I get 5-6 hours of solid use out of them13. work while plugged in Hands down the best wireless headset for under $100 ever. This is my 2nd pair (I was sold a fake/refurbished pair as new by an amazon re-seller with a lot of items sold/good history, I called and they didn't do anything about him. Logitech had the seller listed as a scammer in their system so think about that for a minute). Great wireless headset for skype. Does not work well between walls or in another room.Only improvement I can think of is a brighter status light so i remember to turn it off when not in use. Being able to move around the home or office while participating in a VOIP call or online meeting is wonderful; this headset makes it possible. In two different homes I've found that I can walk at least 20 feet away from my PC without losing contact. The sound quality is excellent and I'm told that I come through loud and clear when speaking. The only downside I've found is that the headset becomes very uncomfortable when worn for extended periods, say 2 hours and beyond. For shorter use it's quite comfortable.",3.973333333333333,"6,525",0.0,0.0
B005HXFARS,Orei HD-102 4K HDMI Splitter 1in2 Out - 1 Port to 2 Display Duplicate/Mirror - Ver 1.4 Certified for Full HD 1080P & 3D Su...,"tv, audio & cameras",All Electronics,"Works great with my LG television, but it won't work with the Sony Playstation Monitor.Other than that, the device does work well and I have not had an issue with interference or any noise coming from the splitter. I have two TVs in my basement. One as the main TV and one hanging in front of the treadmill. Instead of having two cable boxes, I bought this splitter and now both TVs can watch the same thing at once. Works perfectly for the way I wanted it to. It does have a red light on it that is always lit. It doesn't bother me at all, but apparently it does to some people. Just a heads up I've set up multiple monitors in areas around work. The setup couldn't be easier - one HDMI cable in and two going out, one to each TV I had another brand before buying this Orei HD-102 Splitter and it quit after a year of use.  I've had this unit for about 2 1/2 months now and have had absolutely no problem.  Just hook it up and let it work.  It's so easy but, so was the other brand.  The other brand was much cheaper also.  Let's see if price makes a difference.  I can only say I like it for the moment and I'll like it even more if it lasts more than a year.  If not I'll be back to update this review........ We use this to split my cable box to two TV's via HDMI, and the weird thing is, on one of the TV's, the audio doesn't work. So we have to have them both on in order to watch something with sound, which is stupid.",4.4296875,"15,022",1409.0,11710.0
B005JK5O3O,"OREI USA to India Converter Plug, World (USA, UK, China) Australia to India Plug Converter - Type D Adapter - 2 in 1 Canad...","tv, audio & cameras",All Electronics,"Worked great in India while I was there. No problems whatsoever. Did not get hot or anything. I used it to charge my iPad and iPhone. Does NOT work in Nairobi Kenya.  I bought this product because it said it worked in Africa however, when I was in Nairobi, this did not fit the wall outlets.  You need an adapter that has flat prongs, not round as this one has. This is an excellent product and worked well for my needs when I traveled to India. The chargers for my devices were rated up to 240 volts, so I did not need a voltage converter, only an adapter.  Used it for charging my cellphone.  Worked very well. It was shipped very quickly so I am a satisfied customer. We bought this before going to Nepal and India and it worked as advertised. ok ok ok ok ok ok This is ALL you need for your devices that support 240V.  Plug this into the wall in India and your US plug into this. This is small, light and effective. Buy one of these and aMonster MP OTG400 BK Outlets To Go 4 Outlet Travel Power Strip (Black)and you will be all set.Outlet -> OREI Grounded Plug Adapter --> Monster Outlets To Go 4 --> US 240V Devices (Plug in up to 4 devices with this setup**NOTE: If you have devices that DO NOT support 240V you will need a POWER Adapter not a PLUG Adapter. That is a different product. If you try to plug your 110-120V devices into a PLUG Adapter they will be fried. Do not do that.  Most laptops, phone chargers, cameras, etc support 240V but check your chargers first.  Also note that you SHOULD NOT use the Monster Outlets to Go with a POWER Adapter.",4.454545454545454,"11,400",514.0,999.0
B005KP473Q,AmazonBasics 60-Inch Lightweight Tripod with Bag,"tv, audio & cameras",All Electronics,"Doesn't feel cheap.  Well built, holds my Canon DSLR with no issues.  Case is nice, strap is long enough to fit over the shoulder around a camera bag or backpack. But this a no frills device. The movements are not smooth at all. For point and shoot, great but for fluid video action, the mount is either too loose or too tight. If its too tight the whole thing jumps as you move it. The two things to look for in a good tripod are stability and portability, and this hits home runs on both counts.With its sturdy legs, this tripod seems extremely stable even fully extended at 60-inches. Both the legs and the feet are adjustable, so uneven ground is no problem. It even has a built-in spirit leveler (also known as a ""bubble leveler"") which is extremely handy for keeping a balanced shot. The heaviest camera I own is hardly 2 lbs. (the description claims a load-weight of 6.6 lbs.), and I had absolutely no issues.The tripod folds up nicely to about 2-feet, and it comes with a vinyl carrying-case. The tripod itself also has both a hook and a handle. It doesn't take up much space, so it's definitely as portable as one could hope. It also has a quick release for the camera, which is always a handy feature.Overall, I think this is a great tripod, and I really can't find anything to complain about. New owner of a DSLR camera (Canon Rebel) and this is my first tripod ever. Always been into photography but never sought out getting the tools to make things happen. This item is def a must for photography pictures. This tripod works great for the price..With the carrying case added, that is just a plus to the awesome durability of this product. I was somewhat unsure about purchasing it as it is a amazon item, but it is just as good as the leading brands I've come across. Not the highest quality, but not bad at all. For an amateur photographer like me, it is a decent tripod.",4.4623115577889445,"72,336",1099.0,1995.0
B005KWHJES,"BlueRigger in-Wall High Speed 18Gbps HDMI Cable - CL3 Rated - Supports 4K 60Hz, Ultra HD, 3D, 1080p, Ethernet and Audio Re...","tv, audio & cameras",All Electronics,"Ran it through the wall with a BlueRigger 15' optical cable for my wall mount display in the theater.  All worked as expected.  Looks and feels like a quality cable. It is a good heavy duty HDMI cable which gets the job done connecting my computer to my TV. potato These are clever, because not only are they reasonably priced, but they actually manage to look a little stylish as well.  I used mine to move my Roku box to a spot where it can get better reception from our home network.  I also bought a 25 footer, which we use to connect my daughter's max to the TV (with a thunderbolt to hdmi adapter).  Both cables look nice and have a good feel - both the cable and the connectors. I have used Blue Rigger HDMI cables in most of my electronics.  This is a very sturdy cable.  Price is great.  This is as good as any HDMI cable on the market, even the high priced ones. I don't have the equipment needed to do the technical testing of this cable but it seems to meet manufacturer's claims.  What I do know is that it works!  It is much sturdier than most HDMI cables I've seen or used and the connectors are quality materials, yellow might or might not be gold.  The most important thing is that it reaches from Point A to Point B way over there, and it transmits video and sound from one device to another.  I don't have 3D equipment so I can't attest to how well it will transmit those signals, sorry.  If it fails within an expected period of useful time I'll be back with an update...  don't think that is going to happen though.",4.869918699186992,"44,647",399.0,18899.0
B005LJKEXS,BlueRigger USB 2.0 Type A Male to A Female Active Extension/Repeater Cable (32 Feet / 10 Meters),"tv, audio & cameras",Home Entertainment Systems,"This item arrived on time and in good condition. It is made of great material and functions well. I use this cable to extend from my laptop to printer and to extend my HP webcam from laptop. I would definitely recommend this product to all. I used this to run a wifi adapter outside my apartment so I could get better reception.It was outside for 6 months and worked great until I took it down when I moved. This is the second cable by BlueRigger that I have bought.  Like the DVI - HDMI that I bought, this was a quallity cable.  I will continue to purchase from these guys when the need arises. I ordered two of these since I'm a computer tech and like to keep extras in stock and unfortunately didn't get around to opening the box until 5 months later, way past the Amazon return policy. Turns out they mixed up the order and sent me a BlueRigger DVI to HDMI cable instead. Both of the boxes looked identical in size. I really like Amazon but I will never again let things sit on the shelf without inspecting what I got. As far as the performance of the cable I would say it does a good job but I have had times where the Alfa 1000mw adapter I was using with it would work far better when plugged in directly, and would constantly cycle on and off when plugged in through this cable. I believe it works, but I'm still skeptical and may have to order one more to test them out further or just go with another brand next time. I was in need of a USB connection from my desktop to my printer and this cable is just what I needed. The item works well and shipped very quickly.",4.781818181818182,"3,041",1506.0,3849.0
B005LJQM3Y,"BlueRigger in-Wall High Speed 10.2Gbps HDMI Cable - CL3 Rated - Supports 4K 30Hz, Ultra HD, 3D, 1080p, Ethernet and Audio ...","tv, audio & cameras",Camera Accessories,"This is 1 of the 2 BlueRigger products I've purchased, and I'm honestly amazed at both the quality and the price. (I bought 35ft of optical cable & a 35ft HDMI cable) Both are very well insulated and well made.On a side note: I always used to buy my cables from Monoprice, which is known for cheap cables at a decent(usually) quality. BlueRigger beats them by a long shot, and I trust them 100 times more. Very sturdy cable and connectors. Arrived very quickly and worked flawlessly in an above ceiling application to extend HDMI from and audio-video receiver to an LCD projector. Worked perfectly for out in-wall installation. Great picture and sound quality. Highly recommend to anyone needing an extra long cord. I read the mixed reviews on the cheaper cables so I went with this. It's a bit thicker than I expected, but no choppiness in the 1080p, so I'm happy. I had some concerns about using a longer cable to re-locate my projector.  I had read some horror stories but was willing to do HDMI over CAT6.  Luckily, this cable worked great and has done everything I need.",4.866666666666666,"44,647",399.0,18899.0
B005LJQMCK,"BlueRigger Digital Optical Audio Toslink Cable (3.3 Feet / 1 Meter) With 8 Channel (7.1) Audio Support (for Home Theatre, ...","tv, audio & cameras",All Electronics,"What's not to like? Good quality, excellent shielded connectors, easy connection, inexpensive and they arrived  within a day after I made the purchase, I couldn't be happier. This toslink cable works great, clear audio with the all in one soundbar.I bought this to replace my old cable.Inexpensive price, plus free shipping with Amazon other purchase.Recommend this cable.[...] it has a nice snug fit to my receiver and 16-year old DVD player. works right out of the box. will buy again. The cable does exactly what it is supposed to do, price was very reasonable. For an optical cable, like this, there is no reason to buy an uber-expensive  one, unless you are fixated on 'name brand' and equate price with quality. In some cases, you would be correct, but this is not one of them. If it connects properly, doesn't fall out of the jacks and the cable doesn't fall apart, a more expensive brand won't work any better than this. These cables are well built.  I have not had any problems with this cable.  It fits snug in the optical port. I use more than one of these cables to hook up my home audio/video equipment in my home.",4.781609195402299,"30,859",374.0,599.0
B005LJQMOS,"BlueRigger in-Wall High Speed 10.2Gbps HDMI Cable - CL3 Rated - Supports 4K 30Hz, Ultra HD, 3D, 1080p, Ethernet and Audio ...","tv, audio & cameras",Camera Accessories,"These cables are for really long runs from your components to remote TV's.  The booster really improves the signal compared to a non-boosted cable.  The labeling includes input/output - these cables are one direction only!  You cannot install them in reverse or they will not work!  They also include a more flexible termination cable that helps make TV connections much easier - nice touch.  Buy. I've been doing a lot of installations for various video service and have used a lot of different cables.The Blue riggers cables have consistently been the best.best deal for the price, best quality. have this hooked to a reciever and then running around the room to the display, I had to plug and unplug it several times at both ends before suddenly it started working and has been all good ever since.  I'm worred about what'll happen when I disconnect for any reason, but we'll see.  at any rate, it works There isn't much to say about this. This is an excellent cable that does exactly what it's supposed to do, and does it well. Mine also came with two 6"" HDMI extenders, which is a nice bonus.If you need a solid 75"" cable, go with this one. It's quality yet affordable--you won't regret it. You will not find a better price if you are looking for a 75' HDMI.I used this to make a long run in my new house.  Very happy with the quality.",4.461538461538462,"44,647",399.0,18899.0
B005LJQMZC,"BlueRigger Digital Optical Audio Toslink Cable (6 Feet / 1.8 Meter) With 8 Channel (7.1) Audio Support (for Home Theatre, ...","tv, audio & cameras",All Electronics,"Bought this to replace an amazon optical cable. Optical cables are always flimsy and the amazon one broke on me when I was moving. This cable is a bit sturdier which is a plus. I have several of bluerigger's hdmis and I love them. I just wish they would make all the cables necessary for A/V. High quality materials and workmanship.  Looks very well built and sturdy.  Works great.  Delivered on time at a very low price. It leaves nothing to be desired. I'm very happy with this cable, both connectors and cable looks and feels like they are good quality. I have had no issues with this product and it works as advertised. It's hard to believe how inexpensive this cable is based on the overall quality and construction! The audio quality is great and I have no doubts that this cable will last a long time. I've had very good luck with BluRigger products in the past.  However, this one arrived damaged.  I was able to wittle the male insert with my jack-knife so that the cable was usable however the fit is now quite loose and I will need to replace in the future.August 2, 2012 Update:I had to go in and update this review to a 5-star!!!  After leaving the review above, BlueRigger immediately contacted me and sent a replacement cable.  I was thoroughly impressed with the service and concern in replacing the damaged cable.  Outstanding. I hghly recommend their products.",4.847058823529411,"30,859",510.0,1999.0
B005LJQNQU,"BlueRigger Digital Optical Audio Toslink Cable (10 Feet / 3 Meter) With 8 Channel (7.1) Audio Support (for Home Theatre, X...","tv, audio & cameras",All Electronics,"Works perfectly fine with available optical audio output from my samsung TV. Used it top connect my new Philips sound bar to it. No issues.Shipping was blazing fast. What's not to like. works as advertised, nothing much more you can say.  There is no reason to spend more money on a brand name. Using these to run sound from a LED to a sound bar and a Yamaha 773 receiver.  When I stream from my NAS it goes directly to the TV and I used one of these cables to get that digital sound sent to the receiver (living room) or the sound bar in the bedroom.  Works great, great sound and no issues.  Excellent value and performance for the money. These BlueRigger cables are pretty good. Way better than your usual bargain cable. Not as good as Monster cables, but good nonetheless. I needed a longer cable in order to complete the installation of my TV on my wall.  This 10 foot cable was what I needed and you can't beat the price.  The cable is thin and flexible which made it easier to snake up the interior of my wall.  Sound quality is good.  The only negative is the connectors are straight and for my needs it would have been better if they came as a 90 degree angle.  I knew that when I purchased it though so no deduction on my rating.",4.831460674157303,"30,859",516.0,1199.0
B005LJQO9G,BlueRigger High Speed HDMI to DVI Adapter Cable (10 Feet / 3 Meters),"tv, audio & cameras",Camera Accessories,"Advertized as 24 pin. It is 24 pin. I took that to mean Dual-Link, which is 24 pin. This is not, so if you want it for a high res' monitor forget it. Otherwise it looks well made, but it's impossible to really know without opening it up to check the solder joints. I just received this cable and it seems to be exactly as advertised.  Seemingly good-quality cable and connectors, and so far the video is flawless.  For the price, it can't be beat.Oh, and it looks pretty professional too. When I bought my new computer I kept my old monitor.  Imagine my dismay when I found that I didn't have the right cable to link the two.  So, I hopped on Amazon again to order the correct configuration.  It arrived faster than promised and it's perfect.  Fits just right and the picture quality I am getting HDMI to DVI is far superior than what we had before.  I will definitely order this brand again, once i upgrade my monitor! I have no idea why the local stores charge so much for a cable... I know they have overhead, but a 6x markup from this price? Looks and works like a quality product. It's difficult to get excited about cables, really.  These work and are competitively priced.  The cable insulation feels high quality and I expect them to last for several years.",4.708860759493671,"1,486",903.0,1199.0
B005LJQOPK,"BlueRigger Digital Optical Audio Toslink Cable (15 Feet / 4.5 Meter) With 8 Channel (7.1) Audio Support (for Home Theatre,...","tv, audio & cameras",Home Entertainment Systems,"bought this to replace a friend's that got busted , it is higher quality than most and u cant beat the price compared to chain stores I have purchased at least five different cables from BlueRigger and have been pleased with ALL of them. They are well built, feel of high quality, and work perfectly. The audio quality from this cable is perfect. Also, I like the material of the cable as it was very flexible and easy to feed through openings in A/V racks. HIGHLY RECOMMEND! Routing my wiring behind the wall for our living room entertainment area, I found my cabling to be a couple feet short.Searched Amazon for a good quality, well reviewed toslink cable. Continually, the best reviewed, best recommended was the BlueRigger. Figured I`d give it a go and was very pleased with the choice. Well constructed, perfectly sized plug ends, and,upon listening, very clean, and clear. The company even e-mailed me to ask about my satisfaction. That`s customer focused service! I will buy this brand again. Thank you BlueRigger. very well built Toslink cable to go from a new sharp flat panel tv to an A/V receiver...I used this instead of an Audio Return Channel coming from hdmi because my receiver was a little out of date, but I figured it out and now my audio is amazing! Works surperbly!",4.894117647058824,"30,859",823.0,1199.0
B005LJQP0E,BlueRigger High Speed HDMI to DVI Adapter Cable (25 Feet / 7.5 Meters),"tv, audio & cameras",Camera Accessories,"Has very high build quality, haven't had any problems with it at all. I'd say the best quality cable for the price out there. Works like a charm. I bought this so my sister could connect her computer to her TV. She loves to watch movies from her bed instead at a computer desk. We used this cable to run from desktop pc to JVC hdtv along with a 'iMBAprice - Pro iMBA Series Stereo Audio Cable - 25 Feet Gold Plated 3.5mm in the bedroom. I played around with the sound options on pc and windows 8 figured out what I was trying to do and a popup telling me that I had just enabled a dvi to hdmi cable and did I want sound to run to the tv, I clicked ok and all worked out well. Windows 8 is smart. I mentioned the tv brand as I'm so impressed with the video and sound on the JVC black crystal if anyone is looking for a new tv without all the fancy options but all kinds of personalization settings and connections to play around with, I recommend it. I wanted to play with a dvi-i with hdcp to hdmi cable but couldn't find one 25 ft long. As it was, I only have about 3 or 4 inches to spare when I thought I would have a couple of feet extra. My husband says no way, this cable is 25 ft but we didn't measure it. I hope this cable lasts. No problems with this cable.  I have purchased BlueRigger products in the past and have had no problems.  Buy with confidence. I ordered the wrong cable.  I should have ordered HDMI to VGI.  The return postage to Amazon was far too costly at almost the cost of the cable so I decided to keep the cables and stuffed them in a drawer.  Not happy with return policy or shipping costs in general  This was the issue with two cables I purchased.  Quality of the cables is excellent",4.783783783783784,373,1066.0,2199.0
B005LJQPE0,"BlueRigger Digital Optical Audio Toslink Cable (25 Feet / 7.5 Meter) With 8 Channel (7.1) Audio Support (for Home Theatre,...","tv, audio & cameras",Home Entertainment Systems,"No problem with function, just note that the connector to my preamp is a loose fit, but does not affect performance.  Might fall out easy though, but is usable, and nice product for the price. Great product, I used it to connect my SONOS surround sound to my LG Flatscreen. Connection secure no complaints - If you find this product not to be 100% RETURN or EXCHANGE it for another - rather than complain here. Works great!  Fished into the wall above my fireplace for audio from TV to Bose system.  No issues at all, sounds great!  Thanks. nice cable, works well. Ends are very sturdy and appear to be able to take some abuse. The braiding is a nice touch that has already prevented a few snags and allowed it to route much easier on the run i installed this with. Great cable. Connected my Western Digital TV Live HD to my Denon receiver (also tried with an Onkyo receiver) and it works perfectly.The connectors clip in nicely, cable feels solid, nothing to complain about.If you need the length I can only recommend this cable.Note: if you have ground loop issues, using a Toslink connection will help you get rid of the hum (as long as this connection is the one responsible). But for maximum audio quality a RCA coaxial digital connection is supposed to be better (TOSlink standard has limited bandwith and can introduce more jitter).",4.946808510638298,"30,859",849.0,1399.0
B005LQ83EI,"BlueRigger in-Wall High Speed 18Gbps HDMI Cable - CL3 Rated - Supports 4K 60Hz, Ultra HD, 3D, 1080p, Ethernet and Audio Re...","tv, audio & cameras",Camera Accessories,"Arrived promptly as promised. Pretty good quality (size wise).I will be running these through a wall. I have not installed yet but I have tested the cables and the picture and sound are there. The only reason I didnt give 5 stars is that the ends do seem a little lose fitting. Should be a problem for my setup though.I would recommend these. Bluerigger is the best cables I have used. I never have a problem and have bought 30+ cables over 25 feet long for my church. Bought this for a conference room where we needed to attach tablets to the big monitor.  Works as expected, and now everyone can see the tablet for software reviews. build strong, looks real nice, especially when they all match, and were packaged very attractively. couldn't be happier. thank you Cable does what its supposed to do, has good build quality and rubber material its not too soft nor is it to hard.",4.796407185628743,"44,647",399.0,18899.0
B005OMOKN2,Nikon EN-EL20 Rechargeable Li-ion Battery (repl.),"tv, audio & cameras",Camera Accessories,"I purchased this battery as a back up for when I video with my Nikon1.  It is exactly as expected as it is an original brand battery.  It worked just fine. With one battery, I was able to tape two and a half basketball games and had the second to replace during half time so I wouldn't run out. Well I saw a review on You Tube about how I should not even think of buying another battery for my expensive Nikon Coolpix A so I am glad I got this one and the pricing was good too! These are factory batteries. They charge, they work. Nuff said. I'm buying a few more tomorrow. You can never have too many. Got my wife the Nikon 1 J1 and the extra battery is essential for our weekend getaways throughout the state. When I realized that not having a second battery was a problem (ran out while shooting) then and there, I bought a second power source. Get two, they're small.",4.636363636363637,245,1820.0,2799.0
B005QRA5IY,BlueRigger Mini DisplayPort to HDMI Female Adapter (Mini DP/Thunderbolt to HDMI Adapter) Compatible with MacBook Pro/Air W...,"tv, audio & cameras",Camera Accessories,"I have used other products similar to this in the past and none come close to this. For the price, I didn't know what to expect but the quality is superb. I have owned it for months and it has held up well. I would definitely recommend this. Adapter seemed to be sturdy at first and the connection was strong,But it suddenly stopped working within 6 weeks I got this because the Belkin one I purchased fail after about 15 hours of use. For this product - BlueRigger Mini to HDMI works well - I can not say it's premium equipment, and  I can not say anything bad about it either.  This has lasted well over 400 hours of use. For the money and if you need to have a backup in your bag, this is a good option. This item has the following in its description:&#62; Delivers both high-definition video (up to 4K Resolution) and uncompressed multichannel digital audioHowever, contrary to the description, when I connected my ThinkPad X230 to Seiki 39&#34;, all I got was 1080p.  When I switched this over withAccell B086B-007B-2, I was able to get 2160p without any issues. Not much to say other than it works. It feels light and not very sturdy but, it works.  I keep it stored until needed.",4.375,"3,036",799.0,1918.0
B005VDWFQI,Vivitar 3-Piece Multi-Coated HD Filter Set (40.5mm UV/CPL/ND8),"tv, audio & cameras",Camera Accessories,"i like the bag, but these filters are not very good. I had great hopes for the polarizer, but it just imparts a strong greenish tinge to any photo, ruining it. It's polarizing effect is quite mild. Since they are uncoated, or poorly coated, they cause glare if you aim them toward a light source. They also have a sad affinity for freezing to the lens.  I have now found the 40.5 - 52 mm adapter, and will use the larger filters and hoods that also work on the old Nikkor lenses. . The filters are OK, but I found on such a small filter it hard to move the separate ring on the polorizer. A little knob or someting would help. The filter set is quite reasonably priced, but I was somewhat unhappy with how difficult the filters thread onto the lens, (I assume the threads were not cut perfectly as on other more expensive filters). That said, they are being used without too much excitement and as I bought the set to get the UV filter only, the other filters were essentially free. Nice little set of filters that fits my Nikon AW100 Underwater Camera perfectly with the included adapterNikon COOLPIX AW100 16 MP CMOS Waterproof Digital Camera with GPS and Full HD 1080p Video (Black)The glass seems to be of decent quality.  I wish that Nikon made a set of filters though. I was looking for inexpensive CPL for Pentax Q with 02 kit lens. About a year ago I went through several known brands CPLs for my DSLR and it took a while to get a decent (not perfect) w/o paying &#62;$100.These Vivitars are made of GLASS and set in a black METAL with very good thread that feels like brass (not sure it's brass but the quality is there). In additions, they can be stacked, although some people complain that the tread on the front can cause vignetting.  The polarizer really removes reflections, unlike the filters I've tried before that hardly had any effect.Two minor cons:1. The pouch could've been 1/2 smaller, a lot of real estate for 3 tiny circles. Presumably they use &#34;one size fits all&#34;.2. Each filter is packed in a cellophane bag x3-times bigger that the filter with a sticky flap. The last thing one wants is accidentally put it on the optical surface.",3.942857142857143,215,2243.0,3999.0
B005X64OQ2,Case Logic ECC-101 Point and Shoot Camera Case (Blue),"tv, audio & cameras",Camera Accessories,"This camera case is a good fit for my point and shoot camera. It affords good protection for the camera screen and is sturdy enough to give the camera good protection against bumps and knocks, perfect for traveling. The fit is rather snug, but it's big enough get the camera in with little effort. There is a pocket inside the case for an extra memory card.Not bad looking, and affords good protection for the camera. This case was surprisingly very sturdy and well made. The 2 sides have stiff backing rather than just the thick fabric-like material shown on the picture. That's both good and bad. Good because it provides very good protection for your camera face. Bad because it means there's no 'give' or flex when you need a bit of extra room. It's really targeted for the slim style cameras. The thin size make this very portable and easy to take on the road. This product can only fit a super slim point-n-shoot camera. As an example, I have a standard point-n-shoot camera, the canon powershot A1000IS model. I could hardly fit this into the case.Even though it has an interior pocket for putting memory cards and cable. Probably storing a memory card is still all right. However, if you want to store a cable, I doubt you could fit both a point-n-shot camera and a standard USB cable.The materials appear durable and hardy. However only time will tell its durability.So be aware of dimensions before purchase. This case fits my canon 520. Love that it has hard shells on both sides and it also has a storage pocket for extra memory cards. Fits camera perfectly. I have been looking for a case like this for quite some time now - one that fits my point-and-shoot camera snuggly, protecting it from hard bumps and bruises, yet not making the whole affair so bulky that I rather take my chances most of the time and take the camera with me without the case.The camera I am speaking of is the Sony HX7V, which is admittedly a somewhat small camera for a 10x zoomer.At first glance, I thought never, ever will this camera fit in the case. But it does. Fits like a second skin, actually.I do not need all those extra pockets for batteries (for anything that might require more shots than one battery can handle, it would probably be prudent to carry a DSLR anyway ...), additional SD-cards (one 16 GB card in the camera should suffice for most shooting days ...), energy bars, or GPS units. What I need is a plain and simple protective case for my camera.Yes, the ECC-101 also has a built-in mesh pocket inside the case, which could be useful to store some emergency money, or a few business cards. But I really don't need that.The ECC-101 appears to be well made and I can attest to the protective prowess of its shell, which handles normal, not too rough handling very well.It has two zippers which is a bit of overkill to me - one should have done with this very small case. It comes with a strap, which I immediately discarded. I am using the camera strap to carry the whole ensemble, instead. And here, the two zippers make some sense - they allow me to put the camera strap through to the outside.All in all, I am very glad to have this case. But before you go and buy it, please check if your camera fits within the envelope given by the HX7V (101.6mm x 57.6mm x 28.6mm); because of the very snug fit with the ECC-101, even a slight deviation from this envelope would probably result in a non-fit situation.",4.3,40,565.0,595.0
B005YE7VM2,BIC America Acoustech PL-66 Surround Speakers (Pair),"tv, audio & cameras",Speakers,"I received them well packed and I got them in two days. I'm liking them even though I've only had them about five hours, they are nice looking the finish has a nice high gloss black finish makes them look expensive. I will break these in to give a Better assessment, and once I get a Better feel for them.  Took me no more then ten minutes to replace my old infinity speakers that I was using as surrounds. Wires can connect using bare wire, very nice. I have these on stands at ear hight, I'm not sure if I have them positioned correctly. I have these even with my couch with the tweeters towards the center of the room towards the TV. I will see what my TX-NR 818 Audyssey MultEQXT32 room correction does then I'll rerun audyssey once my break in period is done. I'm waiting on a new PL-28II center speaker that will be here tomorrow replacing my Formula FH6-LCR which I'll move into the den.  daddy likes....UpdateI just switched these PL-66 to the front left and right and putting my FH-65B to the surround position I want the PL-66`s some steady audio to break them in a little faster I was wondering what they would sound like in the fronts as bookshelf and I'm very surprised they sound great and matches with my PL-28II. I had my main speakers toed in slightly to the main listening position. The PL-66 horns face me and the 6.5 inch woofers do their job. I will listen and enjoy this position for a week or so as mains I may leave it like this.I'LL Have to run audyssey again and report back. These are fantastic ,clear,big sound from these speakers.No matter the room size. Any A/V Reciever with acoustic mike setupwill sound off the charts with these speakers!I have owned Polk and Klipsch and JBL,these girls kill em dead!!And for less moneyA no brainer!! Get em,You will not be disappointed!!Serferdude After looking at so many speakers and reading review and search forum on them, All I can say this company is just outstanding to deal with. This speakers are the best bank for the buck you can get in fact I have heard more expensive speakers and these sound just as good as the more expensive hi end speakers. Excellent surround speaker for the price.  Of course, that's if you enjoy the sound reproduction of a horn.  Almost every client I demo these for end up purchasing them.  They are very versatile and the wall mounting tabs are very handy.  So far I have not had one customer complain or change their mind after these were installed and broken in. I have been a Bic Acoustech owner now for a few years, after reading many great things about their speakers online.  I currently have the PL 26 center, Pl 78 towers, and now the PL 66 for the rears.  I originally used Bic America FH-65B for my rears.  The Bic America FH-65B sounds amazing but when using them as my rear speakers the sound was very shallow ( hard to hear) even with my receiver having the rear volume set at max.  I decided to sell them and go with these PL 66 after seeing many used them for their rear channels.  The frequency of these are truly amazing! Everything sounds so crystal clear, and I no longer have to have the volume set at max to hear them! They come with hangers to easily mount on the walls! I like fact that the tweeter faces the center of the room for perfect listening.  For the price you get 110% of your moneys worth! These will compliment any horn speakers that you may have or plan to purchase!",4.888888888888889,2,0.0,44485.0
B00608WXGA,BlueRigger High Speed Mini HDMI(NOT Micro) to HDMI cable with Ethernet (6 Feet / 1.8 Meters),"tv, audio & cameras",Camera Accessories,"This cable is very well made and comes with a great price. I use it to connect my digital camera to my television. Don't hesitate on this cable, you won't regret it. A - This is indeed what you need - this is NOT a 'regular' HDMI cable. One of its ends is a 'mini' (Type C) connector that may be required by certain cameras such as the Flip MinoHD but is not compatible with 'regular' equipment. And do NOT confuse the 'mini' with the 'micro' (Type D) HDMI connector which is even smaller and works with the newest/smallest gadgets. Check your gadget's manual before you place your order. Tablets tend to require a 'micro' connector.B - You don't mind paying very little. If you search Amazon for 'HDMI mini' you will find quite a few similar items, some of them selling for a lot more but performing the exact same fashion.And, talking about specs, this cable is a 'High Speed' rated HDMI 1.4 cable 'with Ethernet'.- The 'High Speed' rating is largely meaningless, indicating that the cable supports 1080p video - almost all do and no one should ever consider buying anything less.- The 'with Ethernet' badge indicates that if the 2 connected devices support Ethernet AND support HDMI 1.4, they will be able to use the HDMI cable for Ethernet traffic instead of requiring a separate additional phone-like wire. Of course, none of the small cameras that would use a mini HDMI connector talk 'Ethernet' so this 'with Ethernet' feature doesn't really matter much.- 6 ft. length is just about right. The cable is long enough to allow for a connection to the back of your TV or receiver while the 'mini' end can be pulled to the front where your camera would plug. My new receiver came with a front HDMI port and a good-looking 6 ft. cable for playing video on the big screen from my camera is exactly what I needed.- It's pretty. Given that this is a visible HDMI cable, not something that goes to the back of your entertainment center, looking good adds value.I had no trouble to plug the mini end into my MinoHD and the regular into a our receiver and play video directly. Playback was flawless and, even though this is not something that everyone needs or anyone needs often, it doesn't hurt having one around.I am granting this cable 5 stars because it performs flawlessly, the price is absolutely right and for its premium looks. I was working on a project using my Droid tablet and needed to connect it to a large screen. I purchased 2 different lengths just to make sure I was able to make connection during the presentation. It worked great! If your looking for an hdmi cable under 30 bucks this is it. Buy it with confidence , I am glad I did. Will buy more in the future. High quality cable very well designed. Cable was purchased for a couple devices and works great on both of course. It fits perfectly and tightly as is should. It is high quality in it's construction and was a great price. The packaging was as it should be as well. I will buy more cables from them in the future. I am very happy overall.",4.779310344827586,"7,067",636.0,799.0
B00608XLUM,BlueRigger High Speed Mini HDMI(NOT Micro) to HDMI cable with Ethernet (10 Feet / 3 Meters),"tv, audio & cameras",Camera Accessories,"I was looking for a way to connect my droid tablet to a large screen for a project I was working on. This cable made the connection happen and the project went off well. Nice cable. So far it works flawless with a new build computer. Feed is from evga 650 mHDMI to Vizio 55&#34; TV. Picture quality excellent. Cable is sturdy but flexible. I would recommend this product. I needed a long cable to connect my computer to my monitor and every cable out there are overpriced. This cable's price may be cheap but quality of the cable is comparable to the more expensive cable. No difference in quality compared to my shorter more expensive HDMI cable. Great Buy! The cable is built with quality materials and feels like it's worth the money. I've purchased multiple cables from bluerigger and would recommend this purchase. Works just like it should.Quality connectors, etc. I've bought a couple from this brand. I trust these -- I'll get more when I need them.",4.842105263157895,"7,067",733.0,1399.0
B00609B3J2,BlueRigger High Speed Micro HDMI to HDMI cable (NOT Micro-USB) with Ethernet (10 feet / 3 Meters),"tv, audio & cameras",Camera Accessories,"The longer cable allows me to play Amazon movies from my Kindle on my TV without having the Kindle sitting next to the tv. This 10ft micro to standard HDMI cable works just fine on the Kindle Fire HD.Pros:It's very flexible and long enough to allow the Kindle Fire HD to be hand held within a few feet of a HDMI receiver, TV, or monitor.No problems with HDMI/HDCP up to 1080p or LPCM audio.Cons: None.Like the micro USB, the micro HDMI connector on the Kindle Fire HD can be a bit tricky to insert, so don't force it in - if aligned correctly with the micro HDMI socket, it should slide fully in easily and stay seated. The micro USB and HDMI sockets are very close together and look about the same, so be careful to insert the cables into the correct sockets. It is very good quality cable. Works very good for me and I can recommend it to others. Good quality for qood price. no issues so far cable works as advertised and is great for traveling with a windows tablet or ultrabook to connect it to external displays High quality, great price, good solid feel on the connectors. Cable jacket has a nice rubbery feel, gold plated connectors.",4.694560669456067,"11,700",659.0,1549.0
B0060B7NCG,"BlueRigger Braided High Speed HDMI cable with Ethernet - Supports 3D, 4K and Audio Return [Latest Version] (6 Feet / 1.8 M...","tv, audio & cameras",Camera Accessories,"This cable is of good quality terminals click-in when connected and the signals are clear.  A good buy at the price It's a high speed HDMI cable. I like the mesh cover, makes for a flexible and durable cable. Signal comes in crystal clear. A high quality and durable cable.  Works great and I would recommend it to anyone.  Will definitely purchase more in the future. I had to end up buying two because a teacher of mine wanted to buy the one I brought to class, I made 51 cents on the deal! I'd stack these up against &#34;Monster&#34; or any of the big &#34;in-store&#34; brands that you can find and at just a fraction of the cost you would be foolish to pass these cables up. Second BlueRigger cable I have bought and will continue as long as they keep making them!",4.849740932642487,"13,894",0.0,1864.0
B0062BS09O,Orei XD-990 PAL HDMI / RCA Composite to NTSC HDMI 50/60 Hz Multi-System Video Converter - Up to 1080p,"tv, audio & cameras",Home Entertainment Systems,"I bought the Orei based solely on Amazon recommendations and Im very pleased that it fits all of our needs! This device is small, easy to use and gives great image quality for the price. I plug our digital decoder into the HDMI input, then plug DVD into the composite input. This only outputs to HDMI (so you cant use it with a TVs that don't have HDMI ports) but I prefer it that way. When we want to watch DVDs then just have to press the CVBS/HDMI button on the box to toggle between the two modes. It is transparent to our digital receiver so HDCP protected content remains viewable. It has a 3.5mm stereo out jack for plugging into external audio equipment. You need to buy a US to your local power plug adaptor for the 100-240v power supply. Apparently it also does NTSC to PAL conversion but I havent tried this yet.If you are looking for a cheap but good quality HDMI PAL to NTSC converter then you will be very pleased with this device. Excellent product. Does what it says. I'm using it in Nigeria with a US-bought Toshiba NTSC TV. Excellent conversion, no quality loss. Yet to check its 3D pass-through capability. That will be a great bonus. Buy with confidence.Update: 3D pass-through worked well. The only shortcoming of this device is the lack of HDMI equipment control (CEC) pass-through. I bought this as i gifted LG HD TV to my relatives in India and as trnsmission in India is PAL needed as HD Converter that can do the PAL to NTSC Conversion, this one was listed at $49.99 and was accepting the standar 3 wire conenctor and outputs the standard HDMI , what a relief and does the conversion with high quality , i recommend this product to anyone who has my similar needs to do PAL to NTSC conversions. This converter does a great job of transforming the signal from our PAL satellite decoder box to our NTSC television.  I hooked up a PAL TV to the satellite box before trying the NTSC TV with converter.  There is no difference.  The HD image is fantastic.  You would never know our TV was bought in the States (for much less than similar models sold overseas). I bought the Orei XD-990 PAL HDMI / Composite to NTSC HDMI Multi-System Video Converter to use on my PAL based satellite decoder with my NTSC TV. Setting it up just took seconds. After connecting the HDMI cable, the picture and sound quality is just as good as the original. I would recommend this to anyone.",4.7272727272727275,704,3399.0,11999.0
B0062C4KQU,Replacement LP-E6 Battery for Canon EOS 60D EOS 70D EOS 5D II EOS 5D III EOS 6D EOS 7D Digital SLR Camera + More!!,"tv, audio & cameras",Camera Accessories,"Bought this battery as a spare, and it has worked well with no problems.  It looks almost exactly like the original (without label). Because the battery is 2800mA it lasts much longer than the original int he package and works great in tandem with a battery grip.  although a bit large and heavy the battery grip works great too with two batteries. A genuine Canon LP-E6 costs $73. It is rated at 1800 mAh.  This battery is rated at 2750 mAh on the box.  Quite a bit of difference.  For the price, I haven't had any problems with it.  Manufactured by xit-group in China.  For Canon purists, go ahead and pay the big bucks for a genuine Canon battery.  This is just fine for my needs especially using a battery grip. Its a battery so not much too say. Works just fine. Its generic but better than spending more money on the real deal. Nice price for a battery for replacement. So far so good on the functionality of the battery. Glad made the purchase.",4.642857142857143,130,0.0,4532.0
B00634PLTW,"TP-Link 300Mbps 2.4GHz Wireless 3G/4G Portable Router with Access Point/WISP/Router Modes (TL-MR3020), Travel-sized Desig...","tv, audio & cameras",All Electronics,"I really liked the web site and the easy photos and step by step set up you can use online if you have trouble or if you just want clear instructions so you don't have trouble.  The box comes with all needed cables and the Router is small, compact and works well!  I am looking forward to using it longer and will note more as I have experienced it. I travel a great deal, both domestically and overseas, and internet access is critical for me.  I often have one of two problems:1.  Internet available in the room only via hard-wire2.  Weak wifi signal in the room (sometimes a router is out and the nearest one is 50 feet away in the hallwayTherefor many years ago (3?) I learned to carry a portable router/repeater.  I have been very happy with the Asus mini router, but wanted to try something newer.So far, the TP-LINK TL-MR3020 has served me well as a repeater and as a router.Pros:-Cheap-Small-Reasonably easy set up-Reliable-No software glitchesCons:-None so far i travel a lot. Finding myself in places and hotels that do not provide wireless internet connections. This router makes it very easy to share the wired internet access with my many devices ( a kindle fire HD,laptop and two smart phones). I always take advantage of the internet i am paying for in hotels to update all my software and apps, which at times cam be a lot. Lack of wireless connectivity was a major problem before i got this. With the TP link i can connect all my devices and update all my apps and software. I can stay in touch by e-mail facebook and twitter. Very handy.I must also point out the great USB power mode it has. I used to have a router that needed to be plugged into a power source. At times the power source was a bit far from the internet cable. having the USB power mode solves this challenge. great device highly recommended.This can be used with a usb modem, which becomes very important for people who travel overseas a lot, especially to the Middle East and Africa where at times the only internet available is via USB modem devices. This TP-Link Portable 3g?3.75G IEEE 802.11n, IEEE 802.11g, IEEE 802.11b Wireless N Router ( TL-MR3020)  ( Sorry, the product link did not work ) is a great travel router. I had a chance to try this out in Arizona, our home is in Idaho and normally when we go down there, I have a hard time getting connected at my father's place. This time, the TP-Link Router worked like a charm, with just a plug in, which enabled me to get the WiFi. It does take a little time to set up password etc etc, because the instructions with this set up were minimal, which is why I gave it a four star instead of a five. It sets up as a router for 3G but also can be configured to just be a standard router for several devices in your home.This router is small and lightweight, especially great when you are traveling. I had considered taking my old Linkseys router with me on long trips, but that is only good if you stay in one place. This router is easy to take along and one of the good features is that it has the ability to plug into a hotel ethernet connection, which then converts into WiFi, so you can use it with your tablet.This worked quite well for me and I do recommend it. If you have a problem with the passwords, tech support is only too happy to help you out! I bought this specifically for the purpose of the wifi extender/repeater function.  Try as I might, it just wouldn't work.  I returned the unit for a refund.  I did not give the unit one star because I did not try its other functions.  As far as I know, those other functions work well.By the way, I have other TP-LINK products such as their power line ethernet products and have been very pleased with them.",4.124087591240876,"7,675",1399.0,2199.0
B006GCYAOI,TENDA TE-W311MI Wireless N150 USB Adapter Nano,"tv, audio & cameras",Home Entertainment Systems,"Didn't immediately find my wireless router in Windows XP, but after manually entering the profile and rebooting, there it was connected.  I used the driver-only installation off the included CD, and it worked for both Windows XP and Windows 7 after I finished upgrading that same computer.  After re-installing the drivers on the fresh install of Windows 7, the adapted did find my wireless network on its own, so the original issue might have just been a Windows XP issue.  I can't speak to speed other than it seems to easily keep up with my wireless-G router.  When I get the wireless-N unit set up, I may try to update the review.Either way, worked and continues to work, and for the price it's hard to beat. Works great.  No fuss at all.  Modem technology is cool.  1 2 3 4 5. There is your 10 more words. No problem.  Just load the CD and it then works fine.  Seems to have a good range.  My router is 25 feet away - plus several walls. This product works fine though it heats up a little and the connection is spotty.  The wifi is only about 15 feet away and through a wall but I not able to get good speed from it.  I may need to try a desktop antenna. I had a couple PC's that did not have wireless capabilities, Used the CD included and have flawless connection through dry wall about 20-30 feet away with 5 sometimes 4 connectivity bars in Windows, Very low profile adapter that I get about 1.3 megabytes per second.Lenovo Workstation running XPSmall MicroATX running Windows 7.About to buy a couple more these things are great!",3.8333333333333335,"2,470",624.0,800.0
B006JH8T3S,"Logitech C920 HD Pro Webcam - 1080p, Optical, Full HD Streaming Camera for Widescreen Video Calling and Recording, Dual Mi...","tv, audio & cameras",All Electronics,"Excellent Video! Easy set up and installation! Perfect, this camera has worked exactly as expected and then some. Easy to setup and easy to use The ONLY reason I'm not giving this 5 stars, is for some reason, the software you download from Logitech's website acts retarded with Windows 8.1.  When trying to access the cam through their software, it acts like there is no video input.  However, I use OBS for my game streaming and can fully access the zoom, HD, and other options through it.  So it works perfectly, but I don't like having to use 3rd party software on a product that comes from such a great company.The picture on this is amazing and the dual mics are quite sensitive for Skyping or whatever you want to do. This webcam takes phenomenal video and pictures. The built-in microphone isn't too shabby, either. Probably the best webcam I've ever seen. I use it to record my facecam on my YouTube videos. I bought this webcam to use on my Mac Mini on Nov 26, 2012. As many other reviews indicate that Logitech C920 works on a Mac, it was compatible with Skype on a Mac Mini(Mountain Lion) without downloading any software. I do acknowledge that it requires a PC, mainly for its support software.After using it once a week for two months, the internal microphone stopped working. I tried in on different computers and other chat programs. I found that the microphone does not work on any computers or programs at all.I called Logitech for help. The only answer I received was that I have to use it on PCs. Otherwise, they would not help me fix it. The product warranty is 2 years.I called Amazon for help, and was offered a full refund right away without a question, although they could have offered a partial refund/credit or replacement. (As always, Amazon is the best)I would not recommend this product to any Mac users because if it has a problem, Logitech would not help you at all.** The quality of the video on Skype is not goo great either. In comparison to the webcam on the first gen. unibody Mac Book (2008), my family members did not notice a superior video quality on Skype when I video chat with them. It was also same on FaceTime and Google Voice and Video Chat.",4.512333965844403,"29,053",8100.0,12995.0
B006LW0W5Y,"AmazonBasics 16-Gauge Speaker Wire - 100 Feet, Transparent",car & motorbike,All Car & Motorbike Products,"When it comes to speaker wire, many vendors (in brick and mortar stores and online) will invite you to overspend --sometimes at ridiculously high prices) for cabling and connectors of all kinds.Speaker wire is among offerings from those who want you to overspend for something that doesn't offer any substantial gain in performance...even with huge leaps in price beyond what you would pay for a commodity item.I've been hooking up speakers to stereo components since Gerald Ford was president, and have yet to detect an audible difference between generic offerings such as this (or even plain old bulk lamp cord).If you don't need the leftovers from longer lengths available in bulk, this is an excellent choice. The wire is wound around a 3.5"" spool, making deploying and collecting easier. One of the twin strands is marked with a continuous white stripe, allowing you to easily differentiate your positive and negative connections.Don't overspend. This a good choice once you've decided not to. Cheap, 16ga speaker wire.My worry was that the sheathing would be too stiff to easily route but this is great and easy to use. Will definitely order again next time I need more. Works fine for my 6 Dayton B652 Speakers in 7.1 Surround Sound with a Yamaha 120amp per channel AVR receiver. Needed some basic 16 gauge speaker wire to wire up some small speakers in my basement and my garage.  Nothing fancy, got the job done.  The marked polarity on the wire helped me make sure that things were hooked up properly to my amplifier. Cheaper than anything I was able to find local, and with 100 feet I have plenty more in case I decide to run more speakers around the house. I used this wire to hookup my home theater system.  Great wire; the insulation does not feel cheap and one of the wires is clearly labeled with a white stripe.  Insulation was easy to strip off and the cable was wrapped around the spool nice and tight.Don't waste your money on expensive cables.  A conductor is a conductor and this does just fine.",4.709821428571429,"49,838",799.0,1700.0
B006T9ZKAQ,Koss KPH7V Portable On-Ear Headphones (Black) with Adjustable Headband,"tv, audio & cameras",Headphones,"It was cheap, or rather I should say inexpensive. Lightweight, comfortable and the sound is very good...  I despise the ear-bud type headphones and these sound better to my ears. Can't beat it for $3.70... I bought these for my two children, because they like to listen to their music. These are relatively cheap (both in cost, and in quality) so there is really no concern with making these &#34;last&#34;. Great purchase for young kids. We need to send headphones in with my son for school each year.  These work well, are inexpensive, and are over the ear (not earbuds, which I don't like for small children).  I buy a number of these each year (I place an order for myself and other parents so that we all meet the minimum for free shipping) and I have not been disappointed. very lightweight, durable and easy to wear, and better yet you can enjoy listening to music, movies and so on without bothering others, or in my case them bothering me So far these headphones work well when I am out walking.  They are fairly comfortable and the band is adjustable.",3.902439024390244,"7,514",1209.0,1990.0
B006TAP096,Nikon AF-S 85mm F/1.8G Prime Lens for Nikon DSLR Camera - Black,"tv, audio & cameras",Cameras,"This is a great lens. I am using it more than I thought. This lens will stay in my camera bag. Cheap and bokeh is beautiful, though in some situations it might be a bit  harsh, but  this lens delivers! Don't fret, it will be worth it! on a d600 it can't be beat for this price!Quick delivery!Bought 3 days before the nikon rebate and  amazon was kind enough to apply the rebate!!! amazon FTW!!! Having purchased the nikon d5100 as an upgrade from my d40,  I also realized that I needed to look at expanding my experience rather than depend on the lens kit that come with the cameras.  Because of cost, I spread out my money by choosing the nikon 35mm f/1.8 first and later purchasing this lens (85mm f/1.8).  Now, I travel with my two cameras with the 35mm and 85 mm most of the time since most of my photo opportunities are inside.  With the wider aperatures, I am able to take photos without flash.  To me, flashless photos look more natural (since people are unaware of me taking pictures).  With these prime lenses, you don't have the luxury of a zoom lens - you have to move around-  but, I believe, this has helped me better compose photos in camera rather than depend on cropping or other post processing tricks.  I will leave it to other reviewers to speak about bokeh, and depth-of-field, etc.  I will just say, that since I purchased the 35mm and 85mm f/1.8 lenses, I rarely use the zoom lenses packaged originally with my camera.  I highly recommend this lens. While everyone nit-picked about &#34;fringes&#34; on the 85mm f1.4 I bought this lens because it DOESN&#34;T have those problems.  While I have used it only twice so far it has performed beautifully and produced some images that had me smiling.  Great lens at half the price of the f1.4. Get it and forget it. A must have for anyone that has a Nikon DSLR...be it a D7000 or D4. I just love this lens...Period!!!",4.836065573770492,"2,058",0.0,30440.0
B006TZE0UQ,MANFROTTO MVH502AH,"tv, audio & cameras",Camera Accessories,"The Tripod head is ok overall but I have am yet to figure out the Panning design.  No matter what tension setting, at the end of a pan, the Tripod heads jerks into position slightly.  Shooting with a Canon 5D Mk iii, it's rather not usable for panning. Once you get to the end, there is a slight springy type movement. My $49 Velflo 8 does not behave like this, it's way smoother for panning and comes to stop perfectly.  The Tilt however is acceptable with the right amount of tension dialed in.I am surprised that nobody has noticed this, unless I got a bad copy... I have to admit - I used to be a fan of Bogen/Manfrotto. But I now know that there's better sticks and heads to be had in photography. And, the Arca Swiss mounts are certainly superior. Enter video with DSLR's and Canon's Cinema series. I fought it, and now I'm doing a series of seminar videos. Go fig. Right away I had to get something besides ball-heads or 3-way pan-tilts. I also didn't want to spend a ton of cash as there's lots of other investments to be made, from rails to audio.Like you, I scoured the web and youtube for ideas of what could be had for under $200. 3 names came to the surface: Fancier, Benro and a couple of Manfrottos. The Fancier was quickly eliminated, and I boiled it down to Benro and Manfrotto. I suppose partly because of the Devil I know, as well as interest in the SYMPLA system, I went with the Manfrotto, and specifically the 502. It was tough between this and the 500, but it looked like the 502 simply had the control I was looking for.As you're probably aware, the biggest complaint about this head is the friction adjustment for the tilt is on the left, the lock on the right. I'm not sure why this is such a deal killer for a lot of folks, other than they've become used to the standard layout. Kind of like how Nikon people think Canon zooms are backwards, and vice-versa. Also, I'm a southpaw - and as such have become completely ambidextrous in many things. So much so that I probably won't reverse the control arm, and am totally happy with the friction control being on the left!When I first got the head and started playing with it I had an ""oh no!"" moment. When I'd tilt the arm up, down or rotate it - I'd get some push back. It just wouldn't stay and move back just a tiny bit. ARGH! I was all ready to box the thing up and send it back, actually collecting all the packing pieces and tags I'd already spread around my office. But, I wanted to play with the EOS controller and my laptop - so on it stayed for the evening. Low and behold, after moving it around for a bit, and I do mean literally only minutes of play - the problem completely vanished. I think the problem being that the fluid needed to move throughout the channels and even out the pressure. There was just too much pressure or a vacuum or something going on. Two weeks later it's never repeated this problem.I highly recommend that if you're connecting your camera directly to the head, get the Manfrotto quick release plate, or a Giottos if it's going to be a stand-alone or you have other Arca Swiss compatible stuff. I'm going to stick with the Manfrotto on Manfrotto here. What I do is attach my rail assembly directly to the 502 head, and then put the Manfrotto quick-release plate onto the rail system, so I can quickly attach the camera of my choice to that. The plate/rail will then quickly pop off for transportation. You will find if you try to attach a DSLR to the plate on the 502, that the plate tightening knob will hit the camera, preventing you from placing it centered on the head. Oddly, many photos from Manfrotto show the camera mounted directly to the head this way - another ergonomic goof.Oh here's one more ergonomic oddity (maybe) and I'm done. The lock knob for the pan is inside the ""bridge"" of the head, at the front. So you sort of have to reach inside to lock or release it. This has not been a problem with me (ever). At least the way I use it, I unlock it and that's it. It's nothing I constantly access and lock and unlock while I'm working - just like the tilt lock. I usually keep them both unlocked so I can pan and tilt when I need to - I record presentations and don't know what the speaker is going to do so I need to be ready. YMMV.Aside from some of these ergonomic quirks, the head is fantastic. Granted, if I've ever played with a video head in the past, it's cost as much as a Honda Civic. I've simply never played with a ""mid-fi"" $3k head. I have played with a few sub $200 heads though, and been way less than impressed. For my 6D on a rail with a Tascam, follow focus and Sigma 70-200 f2.8 OS, it's more than up to the task.Pros:- Fantastic build- Big and wide! Easy to balance equipment on- Holds medium weight with ease- Super smooth motion- Very linear feel- Great friction control- Gorgeous- Easy to use, and fastCons:- Tilt drag control knob on left- Tilt lock on right-  Pan lock in front under bridge- Plate system NOT for ""stand alone"" use- BigI've now used this a couple of times now for a video shoot - about 12 hours of time. It performed flawlessly with a 6D, rail, follow focus and 70-200 f2.8 lens, along with a lighter lens. The only comment I'd make is that the weight should be as centered as possible if you don't want to have to lock down the tilt. With a lighter lens this seemed to not be an issue at all, but the extra 3lbs makes a difference. Certainly a heavy video recorder could be too much - but a typical DSLR rig around 6-7 lbs is not an issue if centered properly. I could easily add a cage and a matte box without having much more of an affect on it.Bottom line: It's smooth, it holds and it's very well built. It certainly looks and feels as if it should cost a whole lot more - something I can't say about some of their ball heads! Currently I have this mounted on one of my old Bogen 3001's, and it works fine. However in the future I might just consider a specialized tripod, and getting a half ball. I feel this head will stay with me as I grow my system, something I wasn't sure of when I purchased it. Not the cheapest, but not that much more expensive for something that stands next to their 504 for twice the price. It's a keeper and it gets 5 stars. It's ok, nice head, only problem is that i wants to buy Rapid Connect Adapter with Sliding Mounting Plate can be use the same 502 head plate, can't find any&#60; i don't want another 502 head pay $200 to $300. Very smooth panning and definitely much more solid than my old slick 504QF fluid head. It would have been nice for it to come with a 1/4-20&#34; to 3/8&#34; adapter for tripods that only have the smaller thread and also somewhere to store the smaller screw from the qr plate when its not needed.Aside from that it's a great value head and I'm sure that it will help take my work to the next level of smoothness and professionalism. I've been using a Manfrotto 501HD head for the last six years now and it's been a great workhorse for me.  It's biggest flaw was that it wasn't a true fluid head, but rather used grease so there was always a bit of backlash and it was never ultra smooth.  I finally decided it was time to upgrade and thought I'd try the 502 video head before eventually picking up a whole new system and wow, what an upgrade!It's so smooth and because it's true fluid head with bearings it actually took me a few hours to get used to it.  I was so used to fighting the grease that I would move too quickly, and then blow the take.  Luckily it didn't take long for me to get used to the new awesomeness and I was panning and tilting like never before.  The drag adjustments work well and allow for a lot of fine tuning.  Not huge on the placement of the pan and tilt locks, but otherwise I love it.",4.375,"1,878",21725.0,26629.84
B006U3O566,"Deadbolt Banana Plugs, 12-pair, By Sewell Direct","tv, audio & cameras",Home Entertainment Systems,"Easy to use... These work great and are easy to use. OK, so I finally tried these and they are the absolute bomb.  Better than any other banana's.What is the deal with ""not available and no date predicted?""  This sounds like a total lawsuit fromone of the gouger's in this business.  I cannot believe that we get a product this good and at a fair price,then it get's yanked.  Let me know what you think... I like these banana plugs a lot. They are relatively easy to attach to the speaker wire. I am using 14 gauge, as well as double-14 for a bi-wire connection. The bananas fit easily into all the binding posts I've tried. COnnecting and disconnecting is a snap. The bananas feel quite secure, though I haven't done an audiophile-grade listening session to ensure there's no impact to audio quality.The one caveat is that it's important to insert the speaker wire just modestly, e.g., 1/4"" or at most 3/8"" through the center of the banana when preparing to screw down. If too much wire is in the plug, the wire interferes with closing the banana plug. This just takes a little time to get used to. If you keep the wire short, putting the plug onto the wire is very easy. If you use too much wire, then screwing down is a little harder and can require a pliers.I have bought two packages for a whole-home bi-amp double-14-gauge in-wall application. Love it. If you want your equipment to look awesome from the rear this is it..Very impressed with the turn out and the towers look great from the rear too..PRO all the way",4.8283378746594,"7,712",6214.0,12428.0
B006ZN4TZS,Celestron 71256 G2 10x50 Upclose Wide-Angle Porro Binocular (Black),"tv, audio & cameras",Cameras,"don't waste your money. the pair I received was like looking cross-eyed at anything i tried to look at. I returned them for a refund. I originally purchased the Celestron Outback 10x42, but had to return it due to a defect.  Replacements were out of stock, so I research more and decided to go with the Celestron UpClose G2 10x50.  Honestly, I can't tell the difference in visual clarity or quality between the two (even though the Outback is supposed to have Bak4--better quality prisms).  These binos feel really solid, have a nice protective rubber layer and comfortable shape, and the 10x50 provides a nice, wide view that lets in plenty of light.  For most people, a 10x magnification is more than enough (gets pretty shaky as you increase magnification).  These are a little heavy and not super portable, but still comfortable. Got these for a trip to Colorado. Half way there I remembered I hadn't packed them. They are great for watching the wildlife at my feeders. I have had no problems with focusing or collimation. Given the price, I was not expecting much.  I was very pleasantly surprised when I got these and tried them out.  They actually perform better than a pair for which I paid three times as much. After a long hiatus I have recently rekindled my interest in astronomy. I purchased these binoculars with an Amazon gift certificate given to me for Christmas by my best and most dearest friend. Thanks again Joyce!!! These binoculars cost me $32.33 shipping included. $32.33? These are a great bargain!!! They are well made and I have not been able to detect any flaws in workmanship. Everything that I have observed with these has come in crystal clear. Birds,aircraft,distant structures,and the night sky were all seen in detail. Just gazing into the night sky with these babies allows you to see stars and constellations that cannot be seen with the naked eye.Of course at this price these are made in China. Pretty much everything that is on or at my desk is made in China (except me!) For $32.33 you cannot go wrong. If you are looking for a pair of binoculars that you can utilize for just about any outdoors activity then order a pair of these. Over the course of my life I have owned many binoculars. These are just has good as other binoculars that I have owned that cost over ten times as much! Celestron's lifetime warranty cannot be beat. Just remember to print out your Amazon purchase order and keep it in a safe place. You will need it if you want Celestron to fulfill their warranty should the need arise. To all of my fellow amateur astronomers out there.....KEEP LOOKING UP!!!!!!!!!",4.666666666666667,"2,019",4400.0,6500.0
B006ZN4VE2,"Celestron – NexImage 5 Solar System Imager – Astronomy Camera for Moon, Sun, and Planets – 5 MP Color Camera for Astroimag...","tv, audio & cameras",Security Cameras,"I was excited when I received  this product, but after a few days of use I realized it wasn't what I was looking for in my first telescope camera. I want an introductory camera to get me started for a year or so and after a few uses I was able to see this product does not have those kind of legs.I took some videos of Saturn, Mars and Jupiter with this device on different days before I made my judgement. At this point I realized that I wasn't going to get results that I've seen other users get with the same telescope and similar entry level cameras. The image quality is not very good. For a little bit more money there are other options that will give you a lot more detail and better colors.The iCap software does its job, is pretty simple to understand and there are some youtube videos to help you learn how to work it.The software does not work well with Windows 8. The iCap software will install fine on Windows 8, and will run for a bit but occasionally crash the computer when you are capturing or changing settings. Surprisingly this software is the first software to give my Win8 laptop the blue screen of death. And it happened multiple times within an hour. I have read comments from other NexImage 5 users, and some have been successful using it in Windows 8, but others have not been as lucky.Using my XP laptop I had none of the technical issues, and even though my XP laptop is about 7 years old the processor is dual core and was fast enough to capture video at the highest resolution without a technical issue. If you have a reasonably modern multicore intel laptop I think this software should work OK for you.The 5MP setting will make a planet like Jupiter look very small, so using the 640x480 setting is the only way to get a good view of the planets. Simply put, even in 5MP mode Jupiter and it's moons will never take up more space than 640x480 pixels, you will have mostly black space filling up the image. 5MP mode is good for aligning your scope to the target, but for imaging you will want to use a lower resolution. Lower resolutions capture many more frames per second, which is essential to get a good image when using the included Registax software.The iCap software also installs a system idle process/firewire management program that does not uninstall when you uninstall iCap. You will need to find this manually and remove. The idle process program always runs, even when you are not using the capture software and it completely drained my laptop battery within a few hours. Normally my laptop can go a few days on a single charge when it is not being actively used, but this software actively drains your device even when it should be idle.I would not recommend this product to friends. Bought it to use on a Meade ETX-80. It only worked about half the time, and when it did, the image was just dismal. I had to send it back, I got better results from sticking my iphone up to the eyepiece. This is not the first astrophotography camera I've used.  I can only get it to work on two resolution settings, even though there are nine options in the software.  I cannot bin, I get an error whenever I try this.  I was not impressed with the results from one lunar imaging session.  Although I purchased this below the current $200 price, I am sorry for spending the money on it.  I guess for the time being, I'll go back to my other cameras for planetary imaging. Because of the price, this is a great starter camera for anyone wondering whether or not they would like to get into astrophotography. One thing to keep in mind is this camera is equivalent to a 5mm eyepiece so the magnification is huge, requiring you to really zero in on the object. You might consider buying a focal reducer to use on close up objects like the moon. Otherwise your field of view would be small. The other thing to keep in mind is Celestron recommends not using it with your star diagonal. I agree. Remove the star diagonal and insert this camera directly into the OTA. Not doing so will give you problems with viewing and finding the object. I use this camera on my Celestron Nexstar 8 SE. The device came with both the image capturing software and with Registax 6 for post processing. Both work without issue. When it works, the camera takes great shots of planets. I was able to get some really great shots of Jupiter and Saturn with it, and I plan on using it as a guide camera when I get my equatorial mount. That being said, it's ridiculous that in 2014 the only drivers for this camera are for Windows XP. It took several days of toying around to get this to work on windows 7, and some of the functionality (read: resolution / FPS combinations) were not available. It was equally as hard to get it to work on Parallels on a mac. If someone could make an AP, USB camera that was actually a member of the modern age and was literally plug and play, it would be great. But alas, no such camera exists. For what this is, it's a good bargain. Just be prepared to be frustrated when you set it up if you're not on a 10 year old windows XP machine.",3.142857142857143,332,0.0,29670.0
B0071HY3T4,Pyle PLPW15D 2000 Watt Subwoofer (Black),"tv, audio & cameras",Speakers,"I bought 4 of these and only 3 for now. I hook all 3 up to a Hifonics 2400.1D Amp @ 1ohm. Each speaker getting 800 RMS perfectly. As long you tune your amp to your headunit and have proper wiring, you shouldnt be able to blow them.FYI ----- It doesnt come with screws... I bought a pair of these for my '12 Mustang with Shaker 500 sound system. At $18/ea, I figured they were worth the risk, and I'm pleasantly surprised by the fact that they're actually better than the factory speakers, even running off the factory amp. They even fit in the factory enclosure with a very thin foam ring that I cut out for the application, and fit under the factory trim rings.For sound quality, at sane listening levels they are about the same output as the factory system but are a little clearer and not as muddy as the factory speakers.Where these speakers shine is when you turn up the music and are listening to something with a good bass track. Where the factory speakers just get muddier and more boomy, these little speakers remain clear and punchy.To sum it up, for $18 it's hard to go wrong with these little speakers. Certainly changed my attitude about the Pyle brand name products for budget builds. just put this lil 6.5 woofer in the rear deck where the factory woofer was the basket is to big to fit down in the hole with some washers nuts and bolts it bolted right up the the facroty holes on the bottom side &#34;through the trunk&#34; took me about 5 minutes for the whole install and this lil sucker moves .. will prolly have to add a box to it though to keep it from over exursion Installed the sub in my 96 cherokee and sounds great. For the price it creates great sound when hitting a lot of open air I installed this on the rear deck of a 2007 Chrysler 300. Installation was pretty in depth having to take multiple panels off the vehicle in order to install but the sub is pretty nice. Nothing over the top just a good standard sub. Sounds clean and adds a little extra bass to the vehicle. Good product.",3.923076923076923,590,17999.0,24500.0
B0074TEZPQ,NP-FV70 Battery for Sony HDR-CX190 HDR-PJ230 HDR-PJ380 HDR-PJ430V HDR-PJ650V HDR-PV790V HDR-TD30V Handycam Camcorder + More!!,"tv, audio & cameras",Camera Accessories,"I own two OEM Sony batteries and two Wasabi knock-offs. The sony is a great battery. Very surprisingly this Sony FV70 fits very loose on my camera. It works perfectly and it never loses power even when shaking the camera so it's just a annoyance. For the money, all future battery purchases will be knock-offs. I give it 5 stars because it's great. The Sony branding just ups the price. This is a battery, it's function is rather simple and when it works properly, there's nothing to report.  That is the case with this product. This battery does just what it says it will do.  I only wish that it were smaller, but hey, if you want more capacity, you have to settle for a little bit more in bulk.  It's not too bulky to fit in my camera case and it works just fine.  Very pleased. THIS DOESN'T SEEM TO REGISTER PROPERLY WITH THE SENSOR OF THE CAMCORDER. WHEN YOU THINK YOU HAVE MORE POWER IT CUTS OFF!!!! BEST GET THE SONY NAME BRAND. Works as stated, I get about 4 hrs. per charge & a 32gb sd card will hold about 4 hrs of hd video, perfect.",4.428571428571429,3,0.0,4532.0
B0076BNK30,Canon EF 24-70mm F/2.8L II USM Standard Zoom Lens for Canon DSLR Camera,"tv, audio & cameras",Cameras,"Why the heck did I buy a two-grand lens?!Let's backtrack a bit. My 1st L lens is a 24mm f/1.4L USM II Prime and I still have this. Then I needed something with a zoom for a vacation we were going to-- enter the 24-105mm f/4L USM. And then someone hired me to do a wedding coverage...With the reviews I've read, there was only one thing I needed to do, out with the old zoom and in with the new. I thought I could make do with the 24-105mm but I found someone willing to take it off my hands. Thinking about long term, why not? I was impressed with some photos I've seen taken using the 24-70mm f/2.8L USM (version I), so it was safe to assume this one may render the same quality... or even better.My only direct comparison right now are the outputs from my 24mm f/1.4L USM II Prime. And yes, to some degree, the 24-70mm f/2.8L USM II shoots photos like a prime! Buying this lens actually made me think twice about keeping my prime because sometimes having it may be redundant. But, with the falling price of this prime, I'm not sure if I want to take the hit as opposed to keeping a f/1.4 that really comes handy in low light situations. I'd probably faint once Canon launches a version with an IS, which I heard is coming out pretty soon-- late 2013, early 2014?Overall, this lens is superb and I'm always excited when using it. If you can wait it out until the one with the IS comes out, wait. In my case, the wedding I'll be doing is coming up before that so here I am 'suffering' with this lens in my hand.07/24/13 UPDATE:Signed another wedding client after showing some sample wedding-themed shots using this lens. Meeting with a prospective client to do senior photos in August.Also, if any of you got wind of the weather down in Orlando, FL in the early weeks of June this year then let me tell you that Canon wasn't joking when they said ""weather-sealing"" (with filter of course, your camera should have weather-sealing too). I was 'forced' to test it out so you guys won't have to, but in case you're as 'adventurous' as myself then feel free to do so. :)Brought this lens with my prime but stored the latter in a safety box in a Disney World hotel 5 days out of 6. In fairness to my prime, it just didn't suit my needs at the time due to absence of a zoom. So far, I would still recommend this zoom lens with financial considerations aside. This is my 7th or 8th L lens.  Professional wedding photographer.  It really lives up to the hype.  Very sharp.  One star off because my rubber zoom ring came loose after one year.  Get on that canon and you will have a perfect lens. I can confirm that the second version of the 24-70 f/2.8 lens is better than the first version. I had a persistent sharpness problem with the first version of this lens, and micro adjustments didn't seem to correct it. I was so happy when I tested this lens through all focal lengths and found the sharpness to be as good as my 24mm f/1.4 on the wide end and it was damn close to the 85 f/1.2 on the tele end.Since my only complaint with the previous lens was the sharpness, I spent less time evaluating the bokeh, vignette, distortion, and other optical qualities of this lens because it's a zoom and I have prime lenses if I want the best bokeh or contrast. But, nothing stood out to me as being undesirable and the images overall looked beautiful. This is a must have buy if you don't already own a normal zoom lens for these focal lengths, and is a highly suggested upgrade if you have the old Canon EF 24-70 f/2.8 USM. Brought this lens 2 months ago and its pretty good. I am using this with the canon 5d mark ii. Overall satisfied with the image quality (super tack sharp).I am not too fond the of the build quality of the lens, which is why I gave it a 3 star review. The lens feels cheaply made when i compare it to the canon ef 17-40. The 24-70 feels almost plastic like and not metallic. The zoom ring was very stiff, but got smooth as I started using it more, but still feels stiff. I think the zoom lock is kinda stupid since it only locks at the wide angle. The new hood doesn't look as cool as the one for the mk i.Pros-Sharpgood color/contrastlow cafast focusgood flare controlCons-82mm filter - can't use my 77mm filers :(construction feels cheapzoom ring not smoothPrice - Is it worth 2k? I say no unless your a professional. I'm a career photojournalist and bought the Canon EF 24-70mm f/2.8L II lens to fill that yawning gap between my 16-35 f/2.8 and 70-200 f/2.8. Recently I used this lens to shoot a variety of editorial, business, PR and party assignments. Here are my initial impressions:1. Dang, this sucker is expensive! I coughed up about $2200 with tax.2. As everyone says, too bad it doesn't have IS.3. Somewhat chunky, but anyone who handles pro gear will hardly notice. One disappointment is that the front section slides forward 1-1/2 inches when zooming from 24mm to 70mm. I'm surprised this Canon upgrade didn't incorporate an internal zooming mechanism like the 16-35 and 70-200. This weather-sealed lens uses a latch to lock at 24mm for travel and running around.4. The lens analysis in DPreview.com is dead on: you see significant vignetting at f/2.8, but it settles down at f/4.0 and nearly disappears by f/5.6. Some minor barrel distortion.5. Superb sharpness and contrast even at f/2.8, comparable to the legendary 70-200 f/2.8! Excellent color.6. Truly superior lens flare control, even when shooting directly into light sources! Locking lens hood (included) is shallower than I prefer for optimal protection of that massive 82mm front element. My lens came with a standard snap-on lens cap; I replaced the Canon cap with a Fotodiox 05CAPT82x1 82mm Inner Pinch Lens Cap and it works nicely.7. Close focusing is okay. Not macro quality, but close-ups at 70mm are acceptable, even at f/2.8.Conclusion: this is a real workhorse that will remain attached to one of my full frame bodies from now on. Horribly expensive, Canon is charging all the market will bear. But since I will probably use it for the next decade, I'm not complaining--too much!LOW LIGHT UPDATE: last week I had an assignment to shoot stills on the slasher/suspense movie set ""Killing Mr. Right."" I used this lens to shoot handheld existing light at f/2.8 the whole time. I was blown away with the razor sharp images! I was tap dancing right at the edge of usable existing light, but the photos turned out great! Yeah, I wish it had IS, but this lens is sharp enough to cut ya!",4.743589743589744,801,0.0,149995.0
B007K3TK4W,GoPro Camera Accessory Surf Hero Mount,"tv, audio & cameras",Camera Accessories,"The mounts work great.  That said, I could see these work great for Surfboards.  Higher impact sports (like wakeboarding or snowboarding), the camera gets jostled around on the mount.  It just won't stay pointed where you want it, no matter how hard you crank it down.However, that is not the mounts fault.  These things adhere nicely, with more surface area... which makes all the difference.  5 Stars. I used the mount on my helmet while whitewater rafting and it worked great. I fell in a few times and hit the botom of the raft. The camera mount itself is strong and the safety tether is just as strong. Never fell off my helmet. Put one of these mounts on the back of my boat, the other on my wakeboard.  Provides safe anchor points for catching some awesome action videos! Really helps you out while surfingyou have a second option to put in the back of the board. to make really nice videosI recomend I purchased these mounts for use on my Stand Up Paddleboards.  They are easy to install and hold well.  I have not had my GoPro detach from my boards at all.  The only downside to these mounts is that they are a permanent mount, and once affixed to the board, cannot be re mounted.",4.428571428571429,752,0.0,0.0
B007NKOC2W,Orei 4K 1x4 HDMI Splitter - 1 Port to 4 HDMI Display Duplicate/Mirror - Powered Splitter Ver 1.4 Certified for Full HD 108...,"tv, audio & cameras",Camera Accessories,"This is well built (metal) enclosure which means it can be permanently mounted on a device.  It seemed to handle anything I threw at it but it is a little early in the game to give a total thumbs up.  Can't find anything wrong with it right now though. The first time I ordered this item, it did not power up.  I suspected the power supply since it came in the box with the cord wound sloppy with no tie wrap.  I substituted another supply with similar rating and the splitter powered up and worked as expected.  I was going to simply buy another power supply but they seemed too costly so I returned the unit to Amazon for a refund and immediately ordered another one (since Amazon does not do exchanges on Marketplace orders).  The second one worked like a champ.  The power supply cord was packaged as I would expect, neatly wrapped and tied.  I suspect the first one was a return that was simply re-stocked, so I stuck a piece of tape marked &#34;defective power supply&#34; on the box I returned to perhaps avoid someone else having problems.  I will give Amazon the benefit of the doubt -- perhaps the first buyer did not know or explain that the unit was defective.As usual, both Amazon fulfilled orders were quick with free shipping (including return shipping). This one in and four out hdmi switcher works as advertised! Installed with 3 foot ""in"" hdmi cable and two ""out"" cables, one six foot and the other thirty-five feet. Other switchers I have tried worked 1080P hdmi fine using the six and thirty-five cables. But only the 6 foot cable worked for 1080P 3D. This switcher worked using the thirty-five foot cable to the projector 3D! Yea! I now can watch HD TV in my bedroom! My receiver only has one HDMI output so I needed this splitter. I also purchased the BlueRigger 50 feet HDMI cable and the picture quality is still great! We are using in a cigar shop for several HD TV this unit is great compared to other more expensive brands well worth the buy",4.490909090909091,"15,022",1409.0,11710.0
B007SHJIO2,Jabra Speak 410 USB Speaker (Black),"tv, audio & cameras",Speakers,"I found this speakerphone for voice-over-Internet to be every bit as good as the Cisco version I use at work, at about one-third the price. I like the styling better as well, it's cleaner and takes less space. I have had bad experiences with less expensive brands which are less sturdy with inadequate sound quality or volume.If you do a lot of voice over Internet and have a good enough Internet connection that the microphone/speaker is the bottleneck in communication quality, I think this could be an excellent choice. This little speakerphone, about the diameter of a CD, performs like a champ. It's very easy to use, and sound quality is excellent in both directions. It's on the expensive side for home use, but if it's in your price range, buy with confidence. And a small office that doesn't want to invest in a high-end system could do a lot worse.Unsurprisingly, documentation is minimal, and if there's one knock on the unit, it's that the touch controls and indicator lights are not super intuitive. However, it doesn't take long to get the hang of things. Once you figure it out, you'll be fine.The unit is truly plug & play. I didn't even touch the included mini-CD, although I was amazed to discover that those are still being manufactured! When I plugged it into my PC's USB jack, it automatically downloaded the proper driver and was good to go.There was one incident where the speakerphone suddenly stopped functioning. I simply unplugged it and plugged it in again, and it was back in business. I delayed my review for a while because of this, to see if it would be a recurring issue, but it's been a few months now and there have been no further glitches. Opening this speakerphone, I could not help but think it reminds me of a portable speaker I haveAltec Lansing Music Speaker. I also own a few Jabra Bluetooth headsets and car speakerphones so with everything combined, it was very easy to navigate.I installed the software and it immediately let me know there was a more current version which I upgraded to. You are downloading Jabra PC Suite. I did not know, but this speakerphone is compatible with Avaya, Cisco, IBM Lotus Sametime, Microsoft, and Skype. What versions and what operating systems can be found on the Jabra website.The size of the speaker is a lot smaller than I would have thought. I have used it with Skype and I was amazed at how well it worked. All of the buttons worked for me. In fact they are very sensitive, if you are not careful, you will accidentally hit one without realizing it. Once you have it connected through your USB port, it takes over as your main speaker. I thought it would default to the speaker and microphone but I had to drop down and select each of them while using Skype. It was no biggie though. Calls seemed really clear and I was told I came through clear as well. One feature I really liked is my volume control is on the front of my laptop. I can control the speaker volume up and down with the main computer dial which I am more used to. Sure you can turn it up and down on the top of the speaker, but I found it easier to use my speaker dial.Another great feature is that you can use this as separate speaker to listen to music or watch videos. I was rather impressed at how loud the sound got. I was able to turn it up half way and it was rather loud. Again, it will override your computer speaker but the sound is wonderful. I would not turn it up too loud though as it does get a bit distorted if too high.So far I am enjoying this and carry it with my with my two PC laptops. It comes with a convenient carrying case that appears to be made of neoprene and has a zipper. When done using the speaker I wrap the cord around the speaker, place it in the sleeve, and place it in what computer bag I might be using that day. I also like that it is powered by the USB port and not battery operated.I can tell I am going to get a lot of use out of this little speaker whether it is using it with Skype or as an extra speaker to listen to music or videos. Jabra has impressed me over the last year and again, they did not fail with this product. I use Skype, but often have trouble getting to my screen, refreshing it, and clicking a button.  I decided to give Jabra a try.When a call is coming in, I just click the green button now.  Very convenient.  When more or less volume is needed, clicking on +/- works very well, and white LEDs appear to show the current volume level.  The speaker/microphone combo works fairly well.The USB cord is about a meter long, and wraps around the base when not in use. I needed aUSB Extensionfor my set-up -- I keep my non-noiseless computer in another room.The only drawback i've run into is that occasionally the speaker thinks it is the main speaker when I launch some games, and I'll hear Diablo coming through the Jabra speaker rather than my stereo speakers.  This takes a few seconds to fix on the rare cases where it happens.  My old set-up often required a few extra seconds to answer the phone, and I's much rather have an occasional minor Jabra problem for having easy phone answering.Recommended. I ordered this as I am often on skype on my phone and computer with both business partners and relatives that are not local. For the computer connection this unit is great but I haven't gotten my 4 connection cord to hook my phone to this unit in just yet. Though it works well with just audio put to it.The touch sensitive buttons on the unit make for easy adjustments while in a conference call and the quick mute access is perfect for use when clarifying information locally before continuing. Also the LED read out of volume level & Mute status is a great feature, along with the audible selection notification.Key features:Each button press returns a static like beep notification to let you know the button press worked.Buttons are touch sensitive, not tactile (no actual pushing of a button).Functions include:Answer call, End Call, Volume up and down, Mute.Muted: all LEDs around the perimeter of the speaker turn red and stay red until mute is deactivated.Un-muted: The bottom center LED remains white to let you know that mic is active.Volume level is indicated by the volume of the tone returned with each press of the - or + buttons along with the LEDs that form a circle around the speaker increasing or decreasing in the number that light up. These turn off after a couple seconds of the most recent button push.Volume is good for large offices, even with minor discussions taking place, microphone clarity is very good as well.A very good product overall, it would have just been nice to have gotten a proper cord for use with a cell phone as we often use a cellphone connection during interactive presentations for products.",4.490196078431373,"2,379",21073.0,28913.0
B007XC99JQ,JJC Waterproof Extremely Tough Memory Card Case MC-2 for 4 CF Cards 8 SD Cards,"tv, audio & cameras",Camera Accessories,"This case gives me peace of mind. Very tough, can pack a lot of media cards. I could use two or three more of them heavy duty but the inside rubber is so rigid, that when I inserted my SD card it popped it in two.  Never really thought about it but the card itself is pretty brittle, thin plastic, so when I pressed it in, the memory card came apart at the seams, rendering it useless. Ironically, I want something to protect my cards, and I break it by using this very thing. And I've never damaged a card prior. This memory card case is adequate and does what it is advertised to do. For the price, I say but it. Small and light.  Haven't tested the waterproof feature.  Don't think I will test it either.  Cards fit snug but not too snug.  Easy purchase.  Seems like a quality product.  Would buy again. This is a nice case.  I think it would protect my memory cards from any damage if it were dropped, kicked or stomped.  It's too big to be really &#34;convenient&#34; like for a shirt pocket. But if you are interested in protecting your memory cards, it will be great for that.",4.071428571428571,734,400.0,999.0
B007XZM6VG,Sandisk Ultra microSDHC UHS-I 32GB Class 10 Memory Card with Adapter (Upto 30 Mbps speed),"tv, audio & cameras",Camera Accessories,"A little hard to remove from backing but I got it. looks good on my Escape and seems that it will stay. Bought this for my son and he gladly uses two of those (black and blue, of course). Rubber feel nice to touch and seems quite reliable so far. Having a spare battery is essential when you're not able to charge your phone for an extended period. It's very easy to replace the battery in the Samsung Galaxy S4. Love it. I choose this skin because it was something from my childhood. I also purchased a black skin that is similar to this skin. Although they look great, they are more of a gimmick because of how loose the skin is on the Samsung Galaxy S3. They are not functional in everyday use because of how loose they are. But, they do looks cool and if you can figure out a way to make the skin tighter, then it is a five-star rating! I gave this 4 out of 5 stars because while this case looks and feel great you can tell that there is a tiny bit of play on the sides between the case and phone.  But maybe that is just me being nit picky.  But i do recommend this case for its great grip and sleek design.",3.75,"11,710",2625.0,3749.0
B007Y4NWI2,Case Logic TBC-402 Point and Shoot Camera Case (Black),"tv, audio & cameras",Camera Accessories,"I bought this b/c another review said that it fit the Sony RX100 perfectly. However, I didn't realize that the RX100M2 is slightly thicker than the first version (RX100). My camera doesn't fit so I had to send it back. It looks like a great case and plenty durable, but don't get it if you have the Sony RX100M2. I use this case to hold my Canon Powershot S110 camera. Fits the camera like it was made for it. It's a soft case; I don't think it would protect too well from drops. But it's perfect if you don't want your camera rattling around loose in your bag or backpack.The fabric, clip, and zipper all seem sturdy, especially so given the price. There's a separate external pocket that I use to hold a spare battery and memory card. Perfect size case for my Kodak playsport. Well made lightly padded case to protect your purchase. Cant beat the price! Fits my Canon Powershot A4000 perfectly and side pocket easily holds 2 batteries. Seems like zippers and stitching will last long time. The 402 is a little larger than the 302.  It would also work great for the Canon A1400.  I am currently using several to hold USB/Charging cables and wall outlet adapters for Olympus point and shoot cameras -- SZ12 and VR-340.  (Side note - I use a Case Logic DCB-302 for the camera, extra battery, extra memory card, and cleaning cloth for each of these two cameras.  The DCB-302 is an entirely different case than the TBC-302).  If you are looking for a camera pouch for a Canon SX160 or SX170, or a Nikon L620, definitely take a close look at the TBC-403.  The 403 is a little deeper and accommodates the size of these three models very nicely.Case Logic are excellent cases.  They will serve you well once you find the right size for your camera and accessories.",4.583333333333333,408,0.0,699.0
B007Y4NWRI,Case Logic DSLR Camera Holster Tbc-406,"tv, audio & cameras",Camera Accessories,"The item was returned as the camera I ordered came with a case..However the case was very well made and fit well. I have a Canon T4 and fits perfectly. The side pockets are a bit tight but this is mainly because the charger is huge for this camera so I have to put the charger on one side and the cable in the other so dont have any more space there.Front pocket is tight but perfect for a memory stick or a remote. I needed a case to help protect my Fujifilm X-S1 &#34;bridge&#34; camera when not in use, which this holster case does very well. It can hold the camera and its USB cable, its battery charger and a couple lenses. It's too small for the battery charger's AC cord and metal &#34;petal-style&#34; lens hood that came with the X-S1.If you're looking for a case to contain your DSLR camera and all of your accessories, you might be better served elsewhere (like Amazon's own AmazonBasics Large DSLR Gadget Bag). Seems to be well made and my camera with the 50MM lens fits nicely. Comfortable to carry and lightweight but with reasonable padding. I do wish the side pockets had a little more room to carry an extra battery or other items around that size. Overall a good buy. When I received this I was in doubt about it fitting my Fuiji camera with 50x closeup.  It fit my camera perfectly with room to spare.  The only thing I didn't like is that I thought there were more pockets for storage, but that's alright I'm just happy that the camera fit and the quality of the zippers is excellent.  Would definitely recommend this to my friends.",4.714285714285714,464,1139.0,1899.0
B007YKUWN4,"Ceptics Europe Travel Adapter, India to Europe (Schuko) plug - Type E/F European plug adapter, Universal adapter for Europ...","tv, audio & cameras",All Electronics,"It works in France as advertised.I did not have any issue with plugging this into the hotel sockets and my phone charged without issue. Works perfectly, very well built. Good for switzerland plugs. Tested and works. It should work with all household loads which do not have exceptionally high power requirements. Avoid using it with press or big microwave. Bought these to use recently on a trip to Australia and New Zealand.  They worked well.  We combined them with travel-size surge protectors for our camera, phone, and computer gear.  The surge protector verified that these adapters were providing a fully grounded charge.  They fit all of our devices and all of the outlets that we came across on our trip. More stable than the typical two prong adapter. Work just fine. What else can I say. The others are not grounded.",4.713414634146342,"16,719",721.0,1499.0
B0083I7Y8W,"Logitech BCC950 Conference USB 2.0 HD 1080 Pixels, 3 Megapixel Cam, Optical, Black","tv, audio & cameras",Cameras,"dropped in to the conference room for our training courses.  works great.  plug and play with windows 7.  may get another for home. Speakerphone is excellent without any echo and allows for conferencing within a room of 6 participants easily. The camera features coupled with the remote allows you to zoom and focus to the right person who is talking. Clarity at 720p is commendable. This little eye on a stalk does a pretty good job turning your chosen computer-based calling solution into a real live conference phone. Skype, Google Hangouts, join.me, Uberconference, etc. all work great with this device.Obviously, the most important thing is sound quality, and this does a remarkable job with both the speaker and the microphone. It's even tamed a wicked echo in the conference room at one of our offices.The camera is also very good quality - Logitech seems to have gotten that down. The pan and zoom are a nice feature, but since they require someone in the room to man them, it's easy to forget / fall behind. However, auto-follow is the domain of much more expensive conference solutions - and even those don't work that well - so I don't hold that against it.The look is... interesting. But I suppose the bobbing eye look is a fine trade off for getting more eye level for everyone. This webcam is a very good small conference room camera. The microphone works well and the picture quality is very good! I love the PTZ function on it and the sleek remote control. We use this for WebEx conferences and we love it so far! I bought some of these as an experiment with tele health at the company I work for.I was very impressed with the ease of set up, and quality of the image.  Given the price I was not expecting an amazing HD experience, but truly they surpassed expectations by quite a long way.  If you compare this to the typical built in web cam you might find in a laptop, these are a serious upgrade.",4.2592592592592595,"1,206",28799.0,39990.0
B008I2175E,Manfrotto Quick Release Plate with Special Adapter (200PL),"tv, audio & cameras",Camera Accessories,"It's great, strong sturdy and easy to use, Just screw it to camera and then just put it on tripod, very easy to remove. Very sturdy system, you know it's solid and won't move. 4 stars because they are gray rather than black...? Would it cost so much more to dye the metal Black? Solid quick release plate that works flawlessly.  It stays snug on the head but is very easy to remove when needed.  The rubber will wear over time, but you will get good use out of well before you have to replace it. Nice, heavy duty. Works very well with my cameras. Very nice tight fit for a firm hold even on my Sony 70-400 G zoom lens. This is the normal small Manfrotto please. As plates go, it's OK. The one thing I don't like about the design of these plates is they will go on backwards and semi lock in (not securely). The Sachtler plates are better because they lock in securely in any direction. Anyway, it's great to have one or two extras in your kit because a missing tripod plate is the one thing that can ruin your day. It's easy to forget and leave them on other camera bodies you don't have with you. So buy one or two extras because they are cheap!",4.653846153846154,"3,105",1575.0,10888.0
B008NF8BKK,Canon EF-M 18-55mm f3.5-5.6 is STM Compact System Lens,"tv, audio & cameras",Cameras,"Defective. Started giving me Error 60 which is the lens. I gave it a shot, maybe a glitch. It got worse as I used it. Aperture would be at 0 and the screen would be dark. It would not take a picture. I had to reset by removing the battery. But it kept on getting worse. Returned the item to Amazon. Wished it worked. My 22 mm is now back and it never gives me any Error messages, ever since new. I still would like to get a replacement for the 18-55mm but I want one that works. Thanks. Because the other reviews describe this lens very well, I'll focus my attention on handling.While this lens is very good for the price, I find it a bit clumsy to carry and take pictures. I usually would prefer to use my feet to zoom closer than to use this zoom lens.  And, while the zoom lens is sharp enough, the prime lens is sharper - and don`t forget it`s wide open aperture is f2.Yes, the 18-55mm zoom is very good technically.  But, between the slow focus, the small camera body, and stiff zoom, it's awkward to handle quickly.  With this lens and no viewfinder on the M, I would miss most of my shots.  When I go out with the intention of shooting, like at the dog park, I use my Canon Rebel EOS T4i with my 50-200mm Ultrasonic zoom lens.  It's heavy with the battery grip, but with it I always get the picture.The M-zoom really is a good lens.  I think it's better than the regular Canon zoom lens of the same zoom range.  And I purchased it through e-bay for under $80.00. I do recommend it despite all my bitching.  But do shop around for price. I found this lens to be quite sharp and well made, and it focuses fine on the eos-m.  Good buy. All in all, I am very favorably impressed by the 18-55 STM.  It is sharper and smaller than the ef-s 18-55 Canon offerings.  It's also sharper than Sony's NEX 18-55 (I've owned all of these).  It focuses quickly and silently.  I had no trouble with focus noises in a couple of quick videos I did of my son playing basketball.  The only apparent drawback of this lens is that it will flare if there is a direct light source in or near the frame (especially the sun).  I know it is a common complaint about Canon, but they really should have included a hood with this one. This lens autofocuses faster than the 22mm STM pancake, but even with the new firmware update, the EOS-M is too slow for my needs (toddler). I found myself carrying around the camera with the 22mm simply because it could fit in my pocket, whereas this 18-55mm, which has very good build quality, was just too big.The EOS M isn't a DSLR replacement, it's a point-and-shoot replacement for DSLR owners and makes a great 2nd camera, but unless you carry it on a strap or have a purse/fannypack, it's not portable enough.",4.473684210526316,106,16995.0,19995.0
B008UGPBXM,BlueRigger Audio RCA Cable with Gold Plated connectors (1 RCA Subwoofer Cable 8 FT / 2.4 Meters),"tv, audio & cameras",Home Entertainment Systems,"Overall a good cable and it could be a little better if....Okay I have to say I have more experience than most. Lot's more, I'm an electronic tech, I've created the systems in a half dozen recording studios, I've created more club and concert systems than I can remember. What I would have different is a more flexible cable, which is more convenient, so more flexible for routing and maybe so a sub could be closer to a wall. The other thing is what's called strain relief which is the couple of inches near the end being strengthened to keep the strain off the wire to connector connection which then allows for a more flexible cable that's easier to route, see?I purposely headlined this review the way I did because there are no magical properties to a subwoofer cable and if you want, you can use any line level RCA to RCA cable. You'll find that a pair from HOSAHosa Cable CRA204 Dual RCA To Dual RCA Cable - 13 Footmight be less expensive and can be split for two sub cables while being more flexible with strain relief or maybe you already have a cable you can use. Likewise you could buy two of these to connect a device like a DVD to your receiver, because they're the same type of cable. Nice tight fitting ends, almost too tight but I like that. The ends are securely integrated into the cable and it has a nice heavy feel indicating it has proper shielding. My sub-woofer sounds great with it, and it easily carries all the signal without any noticeable degradation. The item was shipped quickly and arrived timely and was exactly as described & pictured. Good quality, good price, and works great with no problems even though I run the cable along many other cables (speaker, power, and Ethernet) that could possibly cause interference.I bought this to hook up a second SVS subwoofer, and they said this cable would be fine... and SVS knows subwoofers.I thought 35 feet might be a little long for me, but it wasn't. I'm glad I got this length and they offer it.Also, MADE IN CHINA (in case anyone cares)... and can't beat the lifetime warranty. Solid cable that is well-shielded with substantial connectors on each end. I do wish one was right-angle, but that was corrected easily enough with an adapter. Its ok. good price and gets the job done. all you can expect from a wire. looks good and delivers.",4.866666666666666,"4,990",737.0,8646.0
B008VYLY3E,BlueRigger Bundle - Premium Mini DisplayPort (Mini DP) to HDMI Female Adapter + HDMI Cable (6 Feet / 1.8 Meters),"tv, audio & cameras",Camera Accessories,"There aren't really any negatives here.  I needed to get a replacement HDMI cable for my Raspberry Pi and an adapter for my Dell XPS13, and this bundle has both.  Each item performs as expected with no issues. I've bought several cables from bluerigger now, and have been pleased with the product each time.  I bought this bundle after doing some research on the specs necessary to play 3D content (HDMI 1.4 support needed) from a Surface Pro to my Asus VG23AH monitor (passive 3D - also a good product, though some of the reviews are negative on this well-priced item because the reviewers weren't using the right settings), and the bundle works perfectly for viewing 3D bluray movies.Cord and connector are great.  Only wish they had it in black! Haven't used it a lot but I did connect it to all of the displays that I have and it worked fine. At this price, this is a great product and well worth it. I am using a surface pro 2 and I had no problems. Plug and play, no drama, and at a really good price. Works very well with a Dell XPS 12 ultrabook/tablet convertible. This product is excellent. I have been using it for presentation and watching tv. Excellent quality output and I would recommend it.",4.761904761904762,"3,036",799.0,1918.0
B008VYQLA0,BlueRigger Bundle Mini DisplayPort (Mini DP) to HDMI Female Adapter + HDMI Cable (10 Feet / 3 Meters),"tv, audio & cameras",Camera Accessories,"This cable was purchased so that i could use the mini DP on my surface pro and use my desktop monitor as an extended display. Both the HDMI cable and mini DP adapter work extremely well and feel very well built. If you have a surface pro (or any other device with a mini DP port) and wish to marvel at what it has to offer on a big screen, this is what you need! The adapter and the cable is a good combo. Good quality. It supports audio as well - no special settings other than telling your mac to use the HDTV speakers from the sound in preferences. I had hdmi cable, but it did not work and the cable that came with this helped me figure that out. The combo is worth it. Recommend this product! Supple cable. Tight connectors. Perfect connectivity. Great price. Will definitely look out Blue Rigger for future cable purchases. The end. Great for the price.  Sturdy with a good build quality.  Saved me a bundle by not having to pay sixty bucks for the Microsoft Surface version and works flawlessly with my first gen surface pro. I have had no issues using this product. All I needed to do was plug in the cable and it was ready to use. It works as it should with my Macbook Pro.",4.878048780487805,"3,036",799.0,1918.0
B0096W1P5W,Sony SEL35F18 35 mm f/1.8 Prime Fixed Lens (Black),"tv, audio & cameras",Cameras,"This is a very well made lens with optical image stabilization. The focal length is equivalent to a &#34;normal&#34; les in 35mm format. The f1.8 makes it a great lens for available light photography! It's a bit pricey, but, a whole lot less than the Carl Zeiss 24mm! If you bought a NEX-7 like I did and want a lens to replace the kit 18-55, this is one of the best candidates. F1.8 makes it really fast, and also creates very nice bokeh. There are other reviews from more intelligent users that compare this with other lenses, go into technical details etc. I don't have all the knowledge. I can only say that the image is sharp (as sharp as the NEX-7 will let it be, that is), AF is fast although I mostly use MF and the 35mm creates a nice field of view, although on a APS-C sensor it is gives the appearance of a 50mm.Also, prime lenses force you to think before you shoot, to frame the picture, compose it and if necessary walk around to find the best spot and angle for your shot. Zooms make you lazy, but they can be useful too, I suppose. :)I took my kit lens off and put this one on. The only time I put the kit lens back on is when I need a wide angle shot, otherwise this one stays on for 90% of the time. This lens is not noticeably sharper that the 3.5-5.6/18-55 kit lens as measured by a few casual tests to determine if I could see an improvement. Nope. I mainly use it on my NEX-5N at indoor events with friends and family for casual shooting without a flash. At f-1.8 It's much better than the kit for this kind of use and is the reason I got it. An obvious disadvantage of any fast lens is that depth of focus can be a problem you need to be aware of. And sometimes a wider angle requires a swapping with the zoom. These factors reduce its usefulness to me.I've had problems with the aperture blades not working. The aperture simply stays full open (1.8) resulting in a number of totally overexposed shots. IOW, the lens views and focuses while fully open as it should but does not close down to the proper higher f-setting. If this continues I will have to get a refund or replacement.I decided not to return it yet only because at 1.8-2.8 I can get handheld shots that are otherwise impossible. It has good image stabilization and focuses noticeably more rapidly -- especially in darker settings -- than the kit. If it were in the two hundred dollar range it would be a reasonable buy, but at twice that it's not. Great lens especially for street photography. I bough this lens for my NEX-6 and it's a very nice lens.  With the 1.8 focal length, you can get a nice Bokeh effect.",4.392857142857143,"1,580",41250.0,41490.0
B0097JLQVC,"Monoprice 5 Pairs Gold Plated Speaker Banana Plugs, Closed Screw Type","tv, audio & cameras",Home Entertainment Systems,"MUCH nicer than trying to screw the speaker wires down to the posts. These are simple to attach and easy to use. Remember to match the black and red tips to the same side of each speaker wire. These were a great price and are of great quality; I would buy these again rather than at Home Depot or Lowes. Shipped quickly These are pretty well made but I still haven't found these that are really convenient to use.  But they do the job and look nice. Makes my theater setup look a lot better than plain wires.  Easy to put together. These are very high quality, durable, and easy to use banana plugs.  I use these on 14 gauge speaker wire and have had no problems.",4.421686746987952,"13,470",1957.0,5300.0
B0099XFRIY,"D-Link DWA-182 Wireless AC1300 Dual Band USB 3.0 Adapter, Black","tv, audio & cameras",Home Entertainment Systems,"I bought this adapter along with D-link DIR-865L AC1750 router to be able to transfer large files fast over the wireless connection. Installation of both the router and this adapter took no more than 10 minutes, and I was happy to see 585Mbps connection between my Windows 8 desktop and the router... until I tried to copy a 2GB file from my desktop to my NAS drive. The transfer speed was just 11MBps (approximately 88mbps), just a little bit faster than my old N300 router could handle... and that's not even the worst part of the story. During the transfer, my desktop lost wireless connection. I opened device manager and couldn't find wireless adapter under network controllers at all. It simply disappeared. I removed it from the USB port and put it back - nothing. Put it into another USB port - nothing. Both USB ports on the front of my desktop just stopped working. My desktop couldn't recognize any device connected to them. I turned off my desktop, removed power cord from the wall outlet, and, after a few minutes, turned on the desktop. This time, thanks God, both USB ports worked just fine. From my experience, such kind of things happens when some device, connected to USB port, requires more power than the USB port can supply. Long story short, I tried 16 different USB ports on 2 desktops and 1 laptop (let me say, modern desktops and laptop with both USB2 and USB3 ports) and found a few ports which could handle this adapter's power requirements while transferring large files better than others. Even now, most of the time, I wasn't able to transfer any files larger than 3-4GB. I think this adapter has a major design flaw which could probably be fixed by firmware or driver update... but let's see what's the latest driver's date on D-link website. It's dated 10/29/2012, and it's major advantage, according to D-link - ""Supports Windows Vista"". It doesn't even officially supports Windows 8 (but in fact works with it, I must say). Six months without any updates... Well, I better return this thing to Amazon and buy adapter from another brand. I use with a Dlink AC 1750 and it performs great.  No real install problems.  Using the adapter on a home theater PC for streaming to internet base content as well and recorded TV.  I use the 5GHz band for media streaming, and the 2.4GHz band for routine networking and internet access for everything else.  No complaints. By itself this is a good card, like if you have a Desktop PC. On my laptop however it breaks the Realtek Driver. Microsoft has a knowledge base page that explains the issue and basically says you can't run this adapter with another brand's adapter. This wouldn't be such an issue if it weren't for the fact that even when this adapter isn't connected the other won't work. I've been using the DWA-182 for the past week now, with an Asus AC66U wireless router, to see if 802.11ac was really all that. My initial thoughts were that this USB device was huge and that it would block lots of USB ports. Another concern I should voice is that it is still only USB 2.0, so you will be limited to the bus speed of 480Mbps (about half of the 867Mbps promised). Connection has been very stable and although the driver has not been updated since the initial release, it does seem decent and works well on my Windows 8 x64 system.My biggest complaint is about the transfer speeds. Using this adapter, connected at 867Mbps (according to Windows) and sitting 15 feet from the router (no obstructions), I was able to transfer an 800MB file in 42s to a computer hardwired to the router, on Gigabit Ethernet. Same file took 40s using my internal 5Ghz 802.11n Intel card, with the otherwise same setup. With other files, the transfer rate in MB/s that Windows 8 reports is about the same on both wireless cards consistently. I'm not entirely sure what this is about, but I do think you should wait for a new USB 3.0 version with better throughput, or use a PCI-E card if on a desktop system. Bought this adapter and a d-link router to match it. Not really so great. I bought the adapter in November 2012 it died today 5/23/2013.Using my old adapter now. DWA-140 seem to work just as well.",3.5833333333333335,"2,375",0.0,0.0
B009D79VH4,Transcend TS-RDF5K USB 3.1 Gen 1 Card Reader (Black),"tv, audio & cameras",All Electronics,"Bought this to make it simpler to transfer pictures from my Canon 70D and it does exactly that.Cheap, fast and means I don't have to plug the camera in (or make sure I have sufficient battery power remaining) in order to transfer pictures. Also connecting it to a USB 3.0 port sees much faster transfer speeds than I would have experienced with the USB 2.0 built in to the camera.Works great on Windows 7. its so fast I had the Kingston USB reader before this one & it was bulky and felt cheap. This one doesn't feel that way, plus it doesn't block your other USB ports. It just works, plus it's very portable. I'd recommend getting this one over the Kingston one. Contrary to what some may say, there is absolutely nothing wrong with Transcend memory products. The little RDF5 USB 3.0 reader is a typical Transcend product. The USB flash card reader is small in size and will read all SD, micro SD memory cards including UHS-1. The reader allows the user to use whatever SD or micro SD memory card volume size is needed to contain the data, not limiting the data files to the capacity of a USB ""flash drive"".  Reading and writing from the memory card is like any other USB device. Backward compatible to USB 2.0 devices and ports. The most current firmware is available for download, as well as a image recovery software from Transcend. 4/5 Good unit, reads cards and doesn't conflict with anything on my older XP/Linux box. I down rated it because the side connect for SDHC cards is awkward. I would much prefer the SD cards in the end of the stick (like the old IOGear units). It does what I bought it for and it works on ALL my USB equipped devices (media players, routers, NAS storage, laptops, and desktops)",4.630252100840337,"24,222",697.0,1299.0
B009IUIV4A,micca MB42 75 Watt Bookshelf Speaker (Black),"tv, audio & cameras",Speakers,"The website description list the Impedance as : 4-8 Ohms.Not being a physicist, an electrical engineer, or someone with advanced expertise in audio equipment, I assumed that this meant that these speakers would work with my 8-ohm receiver.HOWEVER, the speaker manual that is delivered with the speakers reads: &#34;The MB42's impedance VARIES between 4 to 8 Ohms. Care must be taken to ensure that the amplifier is capable of handling a 4-Ohm load. ...  ... Improper amplifier selection or setup may result in permanent damage to the amplifier or speaker.&#34;IF this information was included in the website description, I would not have purchased these speakers. I am just a guy who wanted to buy a pair of speakers on-line, plug them in, and enjoy them without having to worry that they might damage my receiver, and without having to invest the extra time into figuring out whether or not my amplifier is safe.Being a normal busy human being, returning a box of speakers via the mail is quite an inconvenience. I discussed this situation with some electrically savy friends of mine. One of them said that as long as I do not turn the volume up too high, I should be fine. Since I had been needing a new pair of speakers for sometime, and was not looking forward to wasting my Saturday morning going to the post office, I decided to plug them in. At first they sounded great. Then over time, I found that the sound quality seems to vary from great to good to &#34;dirty&#34;, for a lack of a better descriptive word. Now, after 4 weeks, I experience a phenomenon where I am enjoying my music at my desired volume and then, suddenly, the volume lowers, on it's own. The volume then stays at this lower level for some time, say ten - fifteen minutes or even longer, until it eventually shifts back up the the originally set volume. Again, I am &#34;assuming&#34; that this phenomenon is being caused by the varying impedance of the speakers. I finally decided to invest a few hours this morning to take a trip to the post office to return these speakers, only to determine that the Return &#34;Window&#34; expired last week.Now I will wearily utilize these speakers until I have the funds to replace them with dependable speakers and discard these speakers, while hoping that my amplifier survives unscathed. UPDATE: Much later, after replacing the bad little ""woofer"" these speakers have held up very well... and I listen to dubstep at insane levels for hours at a time, so you know they are good, going from 4 stars to 5 stars...UPDATE: The little ""woofer"" was covered under warranty and is easy to replace.  They sent me a replacement and I am all good now.  Upgrading to 4 stars for prompt response to the issue.I bought these speakers a few months ago and one of them is already buzzing and getting worse.They are a little tinny sounding to begin with, if not paired with a good sub-woofer, they wouldn't be very good. Pros:These speakers really astounded me.  I was looking for &#34;decent&#34; speakers and super cheap.  I ended up with INCREDIBLY clear sound, natural tones, and surprisingly robust low end! No, they're not audiophile quality, but they perform like significantly more expensive speakers!  Not only that, they're pleasant to look at, and they even have solid post/banana connections for heavy gauge wire!  I'm not sure how well they'd handle high power, though.  I've got them on a 90watt Pyle Amp and they do great!Cons:None to speak of! I haven't heard the least bit of distortion or muddiness from these wood-cabinet speakers. We just replaced some much bigger, 25 year old speakers with these.  They sound better and their small size is great!They are a terrific value. We needed a sound boost for our flat screen TV which sounds, well, flat. Paired these speakers with the little Lepai amp and it sounds fantastic!",4.666666666666667,"1,594",7990.0,8990.0
B009KAU0WO,Microware HDMI Audio Splitter Converter Supports 3D/4Kx2K to Analog Audio Left and Right Channels 5.1,"tv, audio & cameras",Camera Accessories,"This did not work for me. I got it specifically for the Wii U which has no optical audio out. A lot of sounds did not come through like weapon reloads and other things even though the main soundtrack could be heard. I was pretty disappointed so if anyone else out there is searching for a work around with the Wii U sound this isn't it. The Tivo mini does not have separate digital audio output, only two channel analog or HDMI.This adapter lets me receive multi channel audio with my older TOSLINK-only receiver.My only concern with the adapter (instead of giving it 5 stars) is that the behavior I noticed did not match the Kanex website's documentation or FAQ.The Kanex website says that it will simultaneously down mix to 2 channel audio while passing multichannel audio.  (I planned to use this for my analog-only zone-2 application.  The adapter does not down mix.  It will only drive both digital and analog outputs with 2 channel PCM sources.Lastly, the documentation's information regarding status light meaning is exactly opposite of my experience in real life. I have an older (by today's standards) AV Receiver. It does not have HDMI inputs/outputs. It did have optical inputs. I just bought a new smart tv and a Sony Blu ray player that has only one HDMI and one coaxial output. Obviously this will not allow for my audio to play through my receiver. This device does exactly what it says it does. I take the HDMI output from the Blu ray player into the Kanex input and route the HDMI output from the Kanex into the TV and the optical output goes to my receiver. I now can play CD's and play them through my receiver (5.1 channel). it sounds great. A simple device that does exactly as its designed to do. I can't be more pleased. It did the trick.We have a control room where the computer is and just outside we wall mounted a monitor for the users to see the screen and HEAR when their training is expired. This worked well as a solution to get auido out of the computer and the wall mounted TV. I'm sure this box works great for some people, but with my setup, it did not. I could not get actual 5.1 out of the optical port with my setup on my Xbox 360. My setup consisted of an Xbox 360, Roku, and Tivo Mini connected to a Monoprice HDMI switch which was then connected to the Kanex Pro HAECOAX and then optical out to my receiver and the HDMI went to my TV.  Audio worked fine, but I could never get full 5.1 surround sound. Unfortunately, I had to return it.On a side note, Amazon handled the return without question. Great experience, as usual, with Amazon Customer Service.",4.0,1,3999.0,9999.0
B009W3WHDO,Big Mike's Pack of 2 LP-E12 Replacmenet Batteries for Canon Rebel SL1 EOS-M Mirrorless Digital Camera + More,"tv, audio & cameras",Camera Accessories,"I recently purchased a Canon Rebel SL1 and the first thing I did was buy extra batteries. There's absolutely no worse feeling than trying to get the perfect shot when &#34;Replace battery pack&#34; shows on the screen. This 2 pack of replacements is very inexpensive, however I feel like I get every bit as much life from them as I do from my original battery. I haven't actually tested to see exactly how they compare, but I haven't noticed them lasting a substantially shorter amount of time than the stock batteries. I figured if they didn't quite have the capacity, at least I'd have two. Now I happily have 3 good batteries for my camera. The next question will be how many charge cycles they last through, but for the price, I don't mind buying another 2 pack if I need to down the road. These are far less expensive and give me the same amount of shots at the original Canon battery.  I don't know how they will hold up across time, but for the price difference, I'll be able to buy new ones and still come out on top. Batteries are good and hold charge. I think my Canon battery is defective. Canon battery wears down faster than these batteries. One thing that needs to be addressed is the shipping box. I got the product with the clear screen protector bent. So it was useless. At the time of this review this battery is made by Bower, model XPDCE12 For Canon LP-E12, in China.  It is rated at 7.4v 1400 mAh and the original Canon LP-E12 battery is rated at 7.2v 875 mAh.  In a few cycles of charge and discharge I have yet to notice any battery hysteresis, but they seem to hold a charge a little longer than the OEM.  Again, this is not scientific and I don't have any conclusive data at this point. It is based on initial observations. I have seen no detrimental performance in the EOS M mirror-less camera at this time.  For the price and performance it seems to be a winner. I needed a cheap alternative to the Canon OEM batteries for my EOS-M and these did the trick.At less than half the cost, they have roughly 70% of the capacity of the OEM batteries and work great to augment the relatively short life of the OEM LP-E12 battery.The battery indicator is a bit wonky with these battery in that at times they go from a full charge to flashing low, and this may be due to these 3rd party batteries lacking the computer chip on the OEM battery.Either way, they serve my purpose of letting me shoot for several hours without needing to re-charge.",4.421052631578948,"1,167",4620.0,6499.0
B009W7ZVS8,BlueRigger Digital Optical Audio Toslink Cable (35 Feet / 10.5 Meter) With 8 Channel (7.1) Audio Support (for Home Theatr...,"tv, audio & cameras",Home Entertainment Systems,"The HDMI 15ft cable is very well made.  The connection was tight and the product works perfectly.  The cord is thicker then most so keep that in mind. I bought  this with the hope of converting the digital signal to an analogue; I know the wire would not do it, but thought I would play with other devices once I got it. I could not convert without spending more money than I hoped, so I maybe I will buy an sound bar for my TV and us it. This cable was used on an installation job, has been purchased before and always works as advertised.  Pleased again with the product. Purchased this to connect my LED tv to my stereo receiver on the other side of the garage. Some people say anything above 30' you start to get noise. Mine sounds flawless and works perfectly. I purchased numerous cables from BlueRigger and have not had ANY issues whatsoever. This optical cable worked perfectly and was just what I needed. Connections into my equipment were secure and the cable itself is smooth and flexible, but still feels strong. Great price for such a quality cable, especially considering the length.",4.857142857142857,"30,859",1203.0,2099.0
B009W8EWOG,BlueRigger High Speed HDMI to DVI Adapter Cable (3 Feet / 0.9 Meter),"tv, audio & cameras",All Electronics,"This was a nice cable and easy to use. You have to make sure you have the right fittings for your tv. Mine did not fit. I have purchased several cables from BlueRigger.  This one, like the others, is of good quality for a very reasonable price.  This one arrived well within the stated delivery estimate.  I have and continue to recomment BlueRigger cables to friends and family. For some reason it cost me a bit of effort to plug the DVI side into my monitor. I thought the pins where off, or the shape of the connector was wrong and I was afraid of pushing it hard, but in the end I was able to plug it in without major problems.The cable just works! it feels sturdy and I kind of like the nice blue color in both ends. Exactly what I needed to use my older DVI monitor with a new small-footprint PC which has HDMI as sole video output.  And being able to get it in a 3-ft. length was helpful in keeping my wiring neat and tidy.  Seems solidly constructed, and works perfectly. Looks and feels like high quality, and even comes with warranty.Works perfectly at 1080p resolutionCouldn't ask for more.",4.712643678160919,"4,066",449.0,1599.0
B009WA115M,BlueRigger DVI Male to DVI Male Digital Dual-Link Cable (3 Feet / 0.9 Meter),"tv, audio & cameras",Home Entertainment Systems,"I was a little disappointed when I saw ""Made in China"" on the bag but these cables are heavy duty and look to be of high quality.  Plus the length is what I needed and they came at a good price. Works perfectly. Came as described. Replaced a cheaper product that caused display issues. This one works well.Solid quality construction. I needed this cable to hook up an additional monitor to my multi-monitor display. The usual, 6-foot variety did not quite make it from my CPU on the floor to the other side of my desk. The cable is solidly constructed and I get a clean signal to my second monitor. No complaints. I also like the stylish, blue metal connectors. A great buy for the price! It's a cord, so not too much to say. It functions exactly as I would expect it to. DVI was a failed attempt to become the new standard and is generally not found outside of corporate offices, but it worked when I needed it to. I only needed it once, but I was so happy with it I'm keeping it in case I need it again. I use 4 monitors coming out of one video card so I needed extra cables. After looking at cables and the price of them in a local appliance store, I was shocked to see how much they sell them for. These BlueRiggers are had at a low low price and work fine with my equipment. I also ordered another kind of cable from BlueRigger.",4.86936936936937,"2,325",499.0,6446.61
B009YYFVV6,Think Tank Photo Cable Management 10 V2.0 Camera Bag and Case Pouch,"tv, audio & cameras",Camera Accessories,"Digital cameras come with so much stuff: spare batteries, charges, cables, lens brush, etc.  Travel on airplanes limits your carry ons.  Rather than a big dedicated camera bag, I keep my camera in a neoprene jacket and put all the loose supplies into this Think Tank bag.  Makes them easy to pack in my carry on.  I bring a light weight messenger bag with me on trips folded flat in my main bag. At my destination, I can then use the messenger bag for multiple purposes - to carry my camera and supplies along with a water bottle and jacket or sweater. The cable management bag is neat.  Fit and finish are excellent (5 stars) but the price is way too high and that's why I am giving it 3 stars only.  I've seen my daughters' pencil bags made by a German company and let me tell you that they are as neat as the cable management bag but cheaper. This became my man purse.  Great pouch. This is the perfect size to hold charger, spare battery and SD cards, plus a few more accessories for my Fuji X100S. I am using this pouch with my computer bad to hold assorted cables, adapters, usb sticks, etc. Very good material, and the clear plastic side makes it super easy to find what I need.",4.833333333333333,379,0.0,1450.0
B00A3CMAYY,Just Mobile Headstand for Heaphones with Headband (HS-100),"tv, audio & cameras",Headphones,"I like this stand. It is so much better than plastic ones (I have plastic one as well). May cost 2 times as much, but you will certainly appreciate the craftsmanship and how it compliments your desktop space while doing it's function flawlessly. I have nothing bad to say. over all this headphone stand is a nice touch to compliment anyones equipment, looks great, works great, only thing i noticed that i didnt care for is, a heavy pair of headphones the rest will leave an imprint of the metal in the soft leather, not a big deal, other than that they are convenient and somewhat classy looking, shipping seamed to take a little longer than it should have, took over a week to get from New York to Ohio, all in all I would recommend  this stand. I saw some reviews here saying their headphones wouldn't fit on this stand, but I'm not sure how that can be.  I actually own a pair of Logitech G930 wireless headphones and even mounted the wireless transmitter to the base itself and still have no problems.  I have uploaded a picture showing the base mounted (with velcro).The quality is good but this stand isn't cheap.  Still, the base is on the heavy side, it is made out of aluminum, and the bottom of the base is rubber, so it will not slide or tip over.  You get what you pay for. This stand is quite stylish and my headphones sits nicely on top of it.  I have a Beats Studio as a reference.  You must have a humongous head if yours doesn't fit on this stand.  Seriously, try to slide your headphone back to its original position? Let's be honest - this is crazy expensive for a couple of non-functional pieces of metal held together with some screws.  But it does hold my headphones adequately, so I can't complain that I didn't get what I paid for.  Which is a couple of very expensive non-functional pieces of metal held together with some screws.",3.888888888888889,180,2100.0,4350.0
B00AAIPVH4,"Wasabi Power Battery for GoPro HD HERO3, HERO3+ and GoPro AHDBT-201, AHDBT-301, AHDBT-302","tv, audio & cameras",Camera Accessories,"Unfortunately GoPro sucks the juice down faster than it should, resulting in horrible battery life & frequent change-outs required.  That's not Wasabi's fault, so I give them a 4/5.  The -1 is for the tape peeling off as you try to lift it out of the GoPro.  I'm not sure if it's just the type of battery, but it seems to take 2hrs to charge for ~ 30 min video, not very practical. I get between 20-40 minutes more life out of this battery than the one my Hero3 came with. I am not sure if that is because that battery is a year old or this is better? After 4 months of use no issues with the battery. I have also never had my camera freeze up on me with the battery. The stock battery the camera will sometimes freeze and require me to pull the battery to reset it. It has never done that with this battery. more juice than stock hero 3 battery, charges just as fast as stock battery.  only as with other comments mentioned, the tape at the back is quite soft and not firm, and is a bit tight fit thus harder to pull out I took off one start on principe because these batteries seem to have slightly lower true capacity then original GoPro battery, no matter what the label on the battery claims.  I don't like when manufacturers overrate specs on the label.Said that, in real world use it is not really that bad.  If I let camera record video with freshly charged battery until battery dies, I get about 1 hour and 13 minutes with original GoPro battery, and about 1 hour and 10 minutes with Wasabi battery (using same recording settings, under same conditions, etc).  At half the price of original, 3 minutes less of recording time isn't that much of an issue.  If you want to buy two of these, Wasabi also sells 2-pack combo that comes with dedicated wall/car charger.  If you go through multiple batteries in single day, definitely buy 2-pack combo with charger instead of two individual batteries, so that you can charge multiple batteries in parallel (one in camera, one in dedicated charger). Perfect for the Gopro hero 3 or 3+. The tab on the battery is a little more flimsy, but does not affect any performance. Still able to pull the battery out easy enough.",4.636363636363637,319,2617.1,4499.0
B00AFTDWVA,"Fujifilm Instax Mini Rainbow Instant Film (Multi-Color, 10 Photos per Pack)","tv, audio & cameras",All Electronics,"I bought a polaroid camera for my girlfriend and this one of the first instant film that I bought for it. So far no complaints. I am a very happy customer. The different colors add the extra fun and personalization to the instant picture taking but it is way overpriced IMO. If you want to add a little flare to your instax mini grab this film.  The cool thing is you don't know what color is coming next. This film is great, its perfect for the camera as it is fujifilm and the camera is a fuji camera.  Good Price for it as well. This was a Christmas gift for my 11 year old daughter.  She loves these.  She like the colored borders a lot better than the plain white ones.  The price is very reasonable as well. You just made a fun camera/film even better. My daughter loves these colors. I just wish the colored border film was available in multi packs and bigger economical value",4.428571428571429,"5,890",636.0,649.0
B00AQUO5RI,Jabra Speak 510 10 Watt Wireless Bluetooth Portable Speaker (Black),"tv, audio & cameras",Speakers,"As with other reviews, the folks on the other end heard lots of echo.  I had to return it. I was looking for a speaker for my daily conferences. I nailed it! You can be hear and hear other clearly. Good improvement to our meeting room. Switch between your computer phone (Lync) and your cell phone with a push of a button. I've used this in the car (similar to a built-in blue tooth) as well. It is generally easier to hear and be heard than most car stereo systems. It's also great for road warriors who find themselves needing to attend a conference call and learn the conference room they're connecting doesn't have a phone. Pull out your cell phone, BT-connect it to the Jabra, and you have an conf-call quality phone connection.I owned the unit prior to this that did not feature the Bluetooth. While it was a good product, the difference in value of having BT functionality goes well beyond the $10 price difference (though I suppose the older model was discontinued). This device does a great job at being a mobile speakerphone. It also plays music. The battery lasted me about 6 hours and it charges via micro usb. Setup is a breeze. It comes with a case. Music playback is just average quality but gets very loud. People had very little trouble hearing me in an office...All that being said... I'm actually in sales. I have lots of friends in both outside and inside sales. I have no idea why this product exists. I cannot imagine much need for a mobile speakerphone outside the office that a descent cell phone wont be able to handle. Also this will amplify your connection. It won't magically make it better. So if you have poor reception (more likely if you're traveling with this device some place far from an office) it will magnify all the hissing and noise. I use this unit as an external speaker for my laptop, and it does a great job.  It's compact, has good volume - enough to fill a conference room sized room.  All I had to do was unpack it, plug the USB jack into my laptop, sit back, wait for a driver to load, and it was ready to go!  Easy.It has its own volume control, and intuitive controls for switching between modes.This speaker pulls its power from the laptop, so there's no separate wall plug to hassle you.I also like the neoprene sipper pouch that comes with it, so I don't have to worry much about it getting bonked while it's in my shoulder bag with my laptop, etc.I you are looking for a small, yet powerful external speaker, this unit may work for you.5 stars - does what it is designed to do, easily and with a shallow learning curve.",4.418918918918919,295,14400.0,18500.0
B00B7LQ73U,Nikon 8245 ACULON A211 8x42 Binocular (Black),"tv, audio & cameras",Cameras,"This one is the first real binocular i bought(previous ones were more of cheap roadside stuffs), therefore i do not have a lot to compare with. Although not heavily used yet, i am pleasantly surprised by its range. The  things that i do not see in naked eye is made clearly visible makes this model a winner to me; for example, i could see the number-plate of a car passing about 60-70 meteres away which was not visible at all OR at everglades the body parts of the birds were clear which was barely visible in naked eye.Personally i'm very satisfied with it for the value i got for my money. I would recommend this one for the users of moderate expectation; doesn't necessarily mean that its not up to the mark for experts, just that i do not have the expertise yet to recommend this for users with very high expectation. I'm amateur with binoculars but, my opinion about this pair is, they give you a very clear vision even when the sun is against you, I mean they cut the glare, you can adjust the focus and you can see far as posted on de description but, nighttime better buy a nighttime vision ones.  Look the description for the weight, maybe is good for you or maybe they are heavy. I play with photographic gear alot so I am familiar with various aspect of optical performance.The image is bright and sharp, very nice 3D rendering. The field of view is wide, way better than similar priced/spec roof prisms. This blows away the other 8X42 roof prisms I tried. Weight is about about right for a full size binocular.Yes, the Aculon, has a tiny bit of chromatic aberration at high contrast edges.Yes, the edge of the view is not pin sharp.To get the next image quality update, you will need to break into the $200+ range to look for any real improvements. For the average user, it's simply hard to tell the difference. The Nikon 8245 ACULON A211 8 x 42 Binocular is totally awesome.  I have always been a fan of Nikon glass.  I use Nikon in my rifle scopes and my cameras.The clarity of the Nikon 8245 ACULON A211 8 x 42 Binocular is superb.  I chose 8 X 42 because I mainly use them at dusk and dawn.  This is when the wildlife comes out around my ranch.  The critters and deer look amazing through these.I could not imagine a better piece for this price. Write out of the box they were everything I thought they would be.  Clear and crisp image.  Nikon always makes great products",4.846153846153846,"4,859",14799.0,16000.0
B00B7LQ8ES,Nikon Aculon A211 10x42 Binocular,"tv, audio & cameras",Cameras,"Giving it a 5 star since the description was what the product can do.  Used for hunting purposes but this binocular is not fog proof during the cold season.  A bit bulky and heavy but that is the trade off for low light performance 42mm objective lens.  Although very bright and clear there IS noticeable color fringing.  If your looking for an affordable yet average these binoculars I would recommend.  If you want the best consider the Monarch line of the Nikon product but I'm sure there are other better ones out there.  Good Luck! My dad had been using an old set and was thrilled with these. He could see much farther and clearer than he ever expected. Perfect for someone who enjoys the outdoors! TOOK THESE ON A CRUISE TO ALASKA.  PERFECT SIZE TO PACK AND EASY TO CARRY AROUND WHEN ON SHIP OR ON EXCURSION.  BEAUTIFUL SIGHTS WITHOUT BREAKING THE BANK. Awesome binoculars. Come with eye covers and lense covers. They have a rubber feel so they wont slip off your hands. I use them for bird watching, but I also like looking at the moon with them, I hope to see an alien one day.must buy What you get are high quality Nikon optics in a lightweight economical housing for a very good price. If you want a higher quality fog proof, water resistant housing you will have to spend about twice as much. If you want better optics you will have to pay a lot more for only slightly better optics. I am impressed with the clarity and brightness. The wider angle makes them much more pleasant to use than some cheaper binoculars I have. They work well with glasses.I saw these in Sports Authority and thought about buying them there but the plastic case they were in was locked (yes, locked) so I couldn't try them out. So I looked them up Amazon to see what the reviews looked like and was shocked at the price difference. The SA price was even higher than what Amazon shows as the list price. So I saved a bunch buying them on amazon and they came in a friendly package which I could open without cussing.",5.0,982,0.0,12490.0
B00B7LQARS,Nikon ACULON A211 10x50 Binoculars,"tv, audio & cameras",Cameras,"A few years ago, I bought my daughter a pair pair of $600 Leupold 10x50 roof prism binocs that wee exceptional. She's an avid birder! But recently, I wanted to update my 7x26's so tried out a lot of binocs. For about $120, this pair of porro prism binocs performs exceptionally well. They are not water-proof, fog-proof or light weight. There is some curvature of field, and some chromatic aberration at the edges. But the view is fantastic!Seriously... I don't go bird watching in the rain, and frankly, the bird is always centered while trying to ID. So all those 'negative' aspects that raise the price to $1,000 or more just don't offer true value for money, at least for me. If you have been following binocular design for a while, you will know that porro prism designs are much easier to optimize, and that many early roof prism model were very dark and had similar negative properties. Some birding sites actually recommend similar Nikon porro prism models for quality of view. I also like the rubberized grip of this model, they fit the hand well and have good eye clearance, though I don't wear glasses.If you can, visit a store that lets you try out a number of models... you'll be surprised at how much binocular $120 can buy! these are a great size, excellent clarity, good zoom feature easy to use and a solid investment, definitely satisfiedthanks Nikon I bought these Aculon A211 10x50 Binoculars on sale from a retail sporting goods store. I was able to test them out in the store and also outside. I liked the bright,sharp and contrasty view these Binoculars provided. Everything looked great at the store so I decided to buy a pair.They feel solid in the hand and all the adjustments are smooth and well dampened. The rubber coating is solid and provides both protection and grip. Nikon used a different texture on the thumb grips similar to what my Digital SLR has.The optics are very sharp compared to an older pair of Minolta 10-22x50 Binoculars that I was borrowing from my father. While this particular pair on Aculon A211 is fixed at 10 power I can actually see more detail in every type of lighting condition compared to my fathers Minolta's at 22 power! The images are free of distortion once you are focused on your subject. However I did notice that if something is out of focus the bottom of the image will have a sort of fisheye effect until the image is brought into focus. Once focused on something the distortion disappears.One more benefit to these A211's is the generous eye relief. So if you wear glasses like I do then you won't have any issues. The shoulder strap is the same size as the one on my Nikon D7000 DSLR so its plenty big for a pair of 10x50 binoculars like this. The Aculon 10x50's are not heavy at all.These Binoculars come with a nice sized case which has plenty of room to fit the Binoculars in. You don't have to fiddle with anything just slip the Binoculars right in and your on your way.The front and rear lens caps are good not great. The rear cap slips on easy, but the front caps clip onto the inside rim on the rubber overhang on the objective lens. They have a secure fit but I think they might get lost easily if you don't pay attention to them.Overall I'd recommend these to anyone. They are sharp and well made Binoculars at a great price. These binoculars are perfect for my wife and I to view wild life, etc., as we camp and fish as well as travel. They are steady as you try to hand hold and view images. The focus is easy and exact. These are the best binoculars I have ever owned. It seems like I have owned dozens of Bushnells and Tascos. Not only do these brands have inferior optics but they do not hold up either. They tend to come out of alignment over time and thus are rendered useless. The Nikons have a bold and bright image and are exceptionally clear. It is the first binocular I have ever owned without wanting to upgrade. The downside. They are a little clunky and heavy. If you are a pure fan of portability than these may not be for you.I,however, am a happy camper.",5.0,"4,859",13399.0,15000.0
B00B9Z24J0,Nikon ACULON A211 -10-22 x 50 8252 Binocular (Black),"tv, audio & cameras",Cameras,"Most of the others I've used lose acuity on higher settings. These stay sharp and are easy to focus. In my opinion, Nikon offers the best dollar for dollar value in binocular optics. This is my 4th pair and the quality is just great. I really wanted something that would get me way out there. I'm the kind of guy that wants it all. I don't like to have to &#34;settle&#34; for something. I feel I got everything I wanted from these. The image quality is AMAZING!!! The distance is AWESOME!!! The feel Great!!!If I had to say anything bad about them, it would be the eye piece lens caps that came with it. It's WAY too big!!! It doesn't even come close to being the right size for these bin's. The objective lens covers are good. It's cool that it comes with a tripod adapter as well. I had a a pair of 10x50 bushnell binoculars before getting these. These Nikon's with 10-22 zoom is absolutely incredible and they are so crispy clear to look through too. These are great to take hiking or birding but keep in mind that these are pretty large binoculars and can become quite cumbersome to carry around on long hikes or walks, especially if you are already carrying other equipment. Weight aside the optics on these are really incredible. These come with a carrying case lens caps and the tripod mount. For the money... EXCELLENT!! The best binoculars I've ever owned. So clear, and the zoom is great. I just don't know why I need to add 7 more words?",4.461538461538462,"4,859",23450.0,24999.0
B00BLG5CSM,"Philips SHQ1200 ActionFit Sports In-Ear Headphones, Orange and Grey","tv, audio & cameras",Headphones,"too big! not for people with small ears... has the same size as an iphone and the silicone things that come with it, help change the size a little bit (for bigger!)... I run, and lift weights a few times a week. My last pair of earhook type earbuds crapped out on me and I couldn't find them locally so I just needed cheap headphones quick. I paid $20 but that is still virtually nothing for headphones.Pros:Stayed in my ears very well. I had to use a combination because my ears are apparently different.Perfect length cord (I'm 5,11 your mileage will vary.90 degree cord.Nice Sub bass and Passable treble.For $15 I can say I have heard worse.Cons:When they say tuned for bass, they mean it has ridicules bass that bleeds heavily into the mids. The low sub bass is pretty good as well as the mid bass but it just bleeds into most of the midrange. It sounds good in electronic music and metal but for just about everything else they don't sound great.I admit the driving bass did help me push myself extremely hard but unlike my last pair of running headphones I wont be taking these out and about because the sound is pretty bad. In my opinion these are the best ear phones to own if you are an avid runner. Sweat proof and extremely comfortable. Price: Excellent valueComfort: Stays put most of the time; however, i move around a lot and keep my iPhone on hand or around me all the time so i can change tunes. This causes the cable to move around a bit and sometimes I need to adjust the headphones.  I will state that these are much better than the original iPhone earbuds in terms of comfort and wearability in the gym.  These also do not make my ears hurt after wearing them for a long time.Sweat proof?  Well, I sweat and they still work. How much sweat these will handle is unknown to me, but for the price you simply cannot go wrong.  I rather buy three of these in a year than a more expensive type that will last just as long.Sound:  Great sound from such an inexpensive device. Keep the price in mind when comparing it with a Bose or like products that cost 3 or 10 times more!  But it sounds good enough for me at the gym.Negative: I think the cable tangles a little and that is the only negative thing I have observed. Must have been a static shock as opposed to electrical, but these hurt like heck when I put them in. Not only did they shock me, the little nub aggravated my inner ears to the point of pain, so I returned, They also sounded very bad and were too big.",3.2,"3,686",5119.0,8119.0
B00CBB7P4U,Sony NP-BX1/M8 Lithium-Ion X Type Battery (Silver),"tv, audio & cameras",Camera Accessories,"No problems using it interchangeably with the original battery that came with the camera.  Works as well as could be expected. One thing I've learned over the years is that you get what you pay for. Although most brand specific items are a bit pricier on one hand, I've rarely had issues when it came down to where the rubber meets the road. Photography is a passion and I used to use ""other brands"" to save money. Well... it's a 50/50 shot as to what the ultimate satisfaction will be.This battery is an extra, to have ready when I need it. As with other Sony batteries, I've only had one, in the past 8 years that's had an issue. It turned out to be a crooked contact within the top cap. Amazon sold it direct and I had a replacement within a day and half, sending the other back through an easy and simple process, dropping it off with UPS. Done deal.Yes... it's a little more than most, but I still have many of the spares after all these years and have never had an issue with charging, sudden or dramatically shortened use cycles, or someone passing off a fake that looks like the genuine Sony product. I've stated many times in other reviews that buying an items that's directly from Amazon or Amazon playing the intermediate, has proven the way the go. Mind you, there've been rare occasions I've purchased from ""other"" sellers and the inevitable happened a couple times. Read everything and save a copy of the actual description page for that seller. Trust me... it usually will turn out in your favor, as it should.But, back to this item, you can't go wrong and it's been used in my Cybershot camera's with no signs of degradation after using and charging at least 3 complete kill/charge cycles a week sometimes. They get used in the DSC-HX50V and the DSC-RX100 v1, which I bought recently and will review. All I can really say is that it's the perfect battery for both of those cameras. Paying a little more in the beginning has given peace of mind that they'll work when I need them to and they'll last a good while before needing replacement. It all comes down to the usage patterns. It's not that much more expensive than a 3rd party battery.  I trust the manufacturer's battery always.  I'm always out on long trips, and swapping out batteries for my camera is a must.  I don't have to worry if the battery will bulge and get stuck, catching fire, leaking, dying early, etc..  Just spend a bit more for some solid peace of mind. You never know when you need another battery.  I stayed with the factory Sony because the cost (compared to generic unknown quality) isn't worth the loss of video time.  If you paid for an expensive vacation where you are using a camera like this, it doesn't make sense to depend on an unknown generic battery that may fail or damage your expensive Sony camera. So sticking with a known brand at a higher price - sometimes that's the correct choice. does not hold a charge well.  I had to end up  buying a whole battery charger setup (since the battery charger is through the camera.",4.583333333333333,852,10398.0,14859.0
B00CHNREYS,Manfrotto Lightweight Fluid Tripod Video Head with Flat Base (MVH500AH),"tv, audio & cameras",Camera Accessories,"I'm a freelance photographer and videographer, and I've been building up my gear piece-by-piece for a while now, and I needed a fluid video head. I'd cruised around and looked at hundreds of heads, and debated between this and a cheaper, highly-rated Cowboy Studio brand head. I decided that it was worth the extra little bit of money to get the Manfrotto brand, and I was right! I have experience using a heavy tripod set with a heavy-duty Manfrotto head, and this one performs fantastically!I have not had much field testing experience with it yet, but these are my opnions and findings:- It's smaller than I thought it would be, but it still has fantastic quality. Luckily, smaller is sometimes better when it comes to portability.- The fliud drag controls are easy to use and are effective for making small adjustments. These are not 'on/off' controls, but rather incremental adjustments for how much force you have to use for pans and tilts.- The tripod plate attachment mechanism is new to me. I've used the slide-in method, and this is a side-slide-in method. Is it better? I'm not sure. This does seem a little more secure, since if the clamp is nottightened, your plate (and camera) still will not fall off, although they will slide around. I think it's a clever system, but I can see how it could be slightly frustrating with bigger camera bodies or rig setups. There's a chance that if your setup is too wide, you won't be able to tilt it enough to slide the plate in.- The handle is well-made with a good rubber grip on it (not much else to say about it, it's a handle).- The pre-weighted balance on it will help those who have a large DSLR or a medium-sized video camera, but you will be frustrated if you're slapping a GoPro/Handycam on it, or a heavy-duty studio quality camera. I use a Canon 5D Mark III, and the balance is just about perfect with the body and a mid-sized lens on it. With some balance tweaking, it can easily handle attachments (mic/light/monitor).- Something I wasn't expecting, but I am pleasantly surprised about is the 3/8"" attachment on the left-hand side of the tripod head. This means that with the right attachments, you can put a magic arm or mount on the side to hold a monitor, mic, audio capture gear, or light (heck, maybe even a cupholder!.......although I wouldn't recommend that).- The instructions are mostly visual instructions with a small amount of written ones. If you're familiar with video fluid tripod heads, then this won't be an issue (although I highly recommend reading through the instructions and visuals anyways). If you're not familiar with the way these heads work, definitely read the instructions or look up Manfrotto's video tutorials on their website or through YouTube.- Your tripod head is only as sturdy as your legs are. Please, please, PLEASE don't spend money on a quality head and slap it onto weak, broken, unsteady, or low-quality legs.- Keep in mind that balancing camera gear and getting smooth, fluid pans and tilts is more of an art than a science. You will get better shots the more you practice with this, so don't be frustrated if your first few shots aren't quite where you thought they'd be. Practice, practice, practice!I put this on top of Oben AC-2320LA 3-Section Aluminum Lateral Tripod Legs, and it seems like a very sturdy setup!Bottom line: This head will hold most photographers/videographers gear (if you're shooting DSLR/medium sized video camera), and will allow you to get solid, smooth pans and tilts. It's hard to beat this for the money. If you're on the edge about whether you need a bigger head or not, I would recommend Googling more reviews comparing different tripod heads (or go to your local camera shop and try them out!) I own multiple Manfrotto heads and this is my favorite for DSLR shooting because of it's smaller profile and awesome quick connect plate that lets you snap a camera in from the top instead of sliding in from the rear of the unit. Absolutely love it. It's made my videos so much cleaner and it's easy to use once you play around with it and get a feel for it. The price isn't too bad for it either but you honestly get what you pay for. I recommend this to anyone who is getting into videography or even photography I have started shooting more video with my 5D and wanted something other than my ball head for video. I already have a Manfrotto 055X carbon fiber tripod and wanted something that would go onto that quickly. What a breeze! Just unscrew the ballhead, screw this one on and away you go. Probably 30 seconds to make the change. What I wanted was something very lightweight and compact. This head fit the bill perfectly. The fluid movements are really wonderful. Perfectly dampened and with springs to help return it to level. Smooth as silk! The sliding baseplate is plenty long enough to balance the camera with a long lens attached. I have the Canon 70-200 and there are no issues balancing. It is not necessary to use the lens mounting option at all. Just slide the camera back with the plate on the camera and balance is quickly achieved. The finishes are very nice and everything seems to lock down properly. It would certainly support a heavier camera. Overall I am very very happy with the purchase. The pan/tilt handle can be locked in most any position and used on the left or right side. This is really a GREAT choice for smooth pans and tilts and you really cannot beat the price for this very high quality head. Buy it and you will not be disappointed! I needed a fluid head to take videos of my daughter in rowing competitions.  After some practice, this did the job perfectly.  It has the right combination of size and utility for the amateur videographer who needs to get a good, clean, fluid pan.",4.818181818181818,"1,596",10199.0,16162.0
B00D76RNLS,Manfrotto MTPIXI-B PIXI Mini Tripod (Black),"tv, audio & cameras",Camera Accessories,"I picked this up at a local store since it seemed like a good option over a pistol grip for my camera. As a mini tripod that costs $25 I'm not all that sure what people expect it to do. It holds a camera steady as a tripod and offers a stable hold as a grip. Its a no frills, easy to use tripod. Costing $25 you should realize that it is made out of plastic and isn't a carbon fiber mini tripod with an included hydrostatic ball head with a clutch design...lets be real people.Some state the ballhead isn't smooth and is &#34;sticky.&#34; If you look at the design the metal is textured to assist with increased grip and decreased creeping with your camera attached. One look at it and anyone would see this was done for a reason.The button is not simple to push but upon taking it apart the mechanism is designed this way to allow for the maximum hold in consideration of the materials and obviously the price point.This holds my OMD EM5, GX7 with a Panasonic 35-100 without issue. My 7D with a nifty fifty shows minimal creep but it does hold well.Overall this mini tripod does what it claims to do and for the price its actually a good deal! this is a good small tripod and when folded it fits nicely in the hand to hold the camera stable while you shoot. Ergonomic sturdy and functional. A very nice little tripod with a one button release/adjust mechanism. The legs fold in to make a very comfortable hand grip. Unlike the Gorillapod style tripods, these legs will not sag with the weight of a camera on them. Awesome look and feel... Fits in almost anywhere in a camera bag, light weight and easy to use. Only downside is the ball is kinda stiff and I'm hoping it loosens up with extended use... Manfrotto are great mid range products. Stiff and useful.Little push-hold strength on the Logo(safety button for the head join to move around).I recommend for a optional use for a tripod.",4.423076923076923,"20,420",1974.0,2456.0
B00D96LZ6K,Lowepro LP36576-PWW 250 AW Transit Sling Bag (Slate Grey),"tv, audio & cameras",Camera Accessories,"I have wanted a sling back for about two years now. Although I have a bag that perfectly and snuggly fits my Canon Rebel with the kit lens, I sometimes prefer to carry multiple lenses, or to use my camera backpack to store all incidentals such as a wallet and glasses, etc.This bag is this bag. It's sturdy, durable, lightweight, comfortable to sling around, doesn't get dirty easily. I can't sing its praises enough. I like it more than a camera backpack because of its spacious dividers, but not as large of a volume of the bag itself.In lieu of sounding like a fangirl, I really love this bag! I've owned a couple of Lowepro camera bags and they always have surprisingly good hidden features.  The general build quality is high and I know from experience that they generally use materials that last.Here are the features of this particular bag:1) Single shoulder strap - not just less dorky than a double strapped backpack, the real advantage of this system is that you can move the drop the bag from your back to your side without removing it, by rotating the bag across your body.  This is only useful because one of the two ways of accessing the bag is a side-mounted pocket that's perfect for a mid-sized camera body and medium lens.  If you need additional support, there is a hidden strap on the right side that plugs into the single shoulder strap about half-way up.  I thought this would create a waist strap, but instead it gives you a very strange triangular attachment that leaves all the weight of the pack on a single (right) shoulder but prevents excessive lateral movement.2) Waterproof cover - one of the major selling points of any Lowepro bag, this is a little poncho for your bag that stores in a pocket in the base of the pack.  If you're caught in a sudden downpour, it's convenient enough to pull out and cover the bag within a few seconds.3) Tripod carrying system - a fixed loop, an adjustable loop, and a pocket that drops out of another hidden pocket conspire to give you a way of carrying any reasonably compact (max 15 inch collapsed height) tripod.4) Internally re-configurable - lots of velcro separators and a clever panel that's the width of the pack but contains a lens shaped cut-out means you should be able to accommodate some combination of a small-bodied SLR-type camera with a lens attached and a couple of other lenses OR a full-sized SLR with a zoom lens that protrudes 8 inches from the body.  The maximum internal dimensions of this padded pack are: 14 x 8 x 4 inches, although the shape of the pack means if your lens is longer than 8 - 9 inches and you want it stay on your camera you probably need a bigger bag.5) Extra pockets - a tablet/document pocket right next to your back (but still well padded), an outside zip pocket for small items, a mesh pocket for lens caps, and an internal zip pocket with a key loop all give you extra flexibility6) Lightness - by any standards this is a lightweight pack - it feels like it weighs about 2 pounds at most.This is great for traveling with your camera for quick access, but only if you're carrying your camera as a carry-on on an airplane - I wouldn't trust my camera to the luggage hold in this bag.  It's great, but it's not indestructible... Usually, I just take my camera with one fixed lens and one mid-range zoom to everyday events. I have been using larger backpack type bags, but they have more room than I need. I also tend to carry more stuff in the larger bags I don't really need. If it were lost or stolen, I'd end up losing more. This sling bag is just right for my son's soccer games or other local events I find myself going to. It is has secure storage for the camera and 2 lenses, as well as smaller stuff like extra batteries and sd cards. There is a portion between the back and front designed to slip flat things in, but I think a tablet is more appropriate than a laptop, which may not even fit.I like the way it is designed so the camera with a short lens can fit side ways in the bottom portion or you can open a flap in the middle to stick the camera with a long lens suspended downwards. I just noticed the images on the product page showing a guy wearing the sling strap over his head. I never thought of that. I have been throwing it over my left shoulder then securing it with the front cross strap that snaps to the sling so it stays secure. Either I'm wearing it wrong or it can be down either way. Still, it works for me.So, I like this because it is small and just the right size for small, everday events, but I also have a larger backpack style camera bag for situations I want to bring more lenses. perfect bag for city sightseeing or traveling light  it fits my d7000 with 17-50mm lens perfect  it is light and comfortable to wear for long time This is a really nice sling bag. The best feature is that you can quickly slide it to your front and unzip the quick access zipper to get your camera in and out quickly. You don't have to take the backpack completely off every time you want access to your camera. The only issue I have with this is that when you adjust the height you have to wear it a bit lower on the back than I like in order to have it low enough when I slide it to the front. Maybe this is just because I am a bit short (5'4""). A taller person may not have this issue. If I wear it a bit higher up like I prefer, then when I slide it to the front the bag is a bit too high and awkward to use. The fact that there is a reinforcing strap that comes off the bottom of the bag helps make the bag more stable though.Overall, this is a great medium sized bag with lots of compartments. It is well padded and keeps the camera very safe.",4.387096774193548,231,4499.0,5950.0
B00D9MCVOY,"SMALLRIG Super Lightweight 15mm Railblock 3 with 1/4""-20 Thread for Red and Other 15mm DSLR Camera Rig - 942","tv, audio & cameras",Camera Accessories,"This railblock, although just a tiny piece of black anodized aluminum, works well in conjunction with a number of rail applications when mounting camera gear. We used this piece as our veritable linchpin to hold together a RED Scarlet clip-on mattebox whose mechanism was damaged, and it worked out perfectly. &#8230;and the extra holes, threaded and not, are very helpful for customizing my rig.Also the repositionable tightening screws make for a cleaner setup. Smallrig rod accessories are very well made and should last a very long time. They look good, have no sharp edges and come in a large variety of sizes and uses.And when you tighten them to the rod, they really grip. Not going anywhere.One of their best features is the adjustable thumbscrew. It gives you excellent leverage, but if it runs into anything you can pull up the spring-loaded handle and reposition the handle to clear obstacles.Machining is uniformly excellent and precise. Threaded holes are in logical places and allow a lot of flexibility in mounting.This particular mount is more of a bridge, with various threaded holes in it.It's lightweight and well built.I've bought a lot from SmallRig and will probably buy more. Best value and great for my DSLR cage. I was able to rig it with my Wooden Camera cage as a top rail system. Saved over $100. Small Rig is the best value for cages. Solid material and construction. Love the ratcheting knobs. Locks down nice and tight. The variety of screwholes on top and sides make it very versatile.",5.0,376,1200.0,1300.0
B00DIGD604,"Monoprice 4-Channel Speaker Selector - Black Up to 140W Per Ch. Distribute Speakers, Perfect for Home Theater Audio","tv, audio & cameras",Speakers,"This works great , i am an electrician and i used my ohm meter to confirm that this keeps the system balanced at 8 ohms and it does . As long as your speakers are all the same ohms 4 or 8 this little box does great . For anyone who doesn't have an ohm meter your going to have to trust it . The protection button needs to be in if you are only using one set of speakers , but that is the only thing you need to remember I have this hooked up to a mini Yamaha stereo and use it to send audio to the speakers it came with as well as to a set of monoprice ceiling speakers. It also comes with a pack of stickers to label the buttons. Good quality, metal casing, better than I expected.  Used it to control 3 zones throughout the house. Does the job, no complaints. One stereo pair in - 4 stereo pairs out.  4 speaker on/off switches.  No power plug.  No volume control.  Nothing complicated here.I have this unit in a home with three pairs of speakers, driven by the Sherwood RC-4015 100 watt workhorse.Couldn't be simpler or more effective. I have a yamaha RX-V675 with a powered zone 2. My house has speaker pairs in 4 locations (deck. kitchen, living room, and dining room) in addition to the main zone (family room). I'm not an audiophile so I had to research how to get the music to those locations. This type of device seems to be the only way. Hooking it up was very easy and the build quality is better than I thought it would be. Based on the price, I thought it would be cheap plastic but the outer casing is actually metal. I also like that it comes with little stickers so you can label the buttons. The only thing I noticed is that there can be some crossover or bleed through to a speaker pair even if it is not selected on the device. Now it could be how it's hooked up but I did double check the connections. It's not bad though. The bleed through sound is very quiet and I can eliminate it by turning the volume control knob (preinstalled when I bought the house) to that speaker pair all the way down. Again, I suppose this could be unique to my system or how it's hooked up. That being said, I would still buy this item again. Works well and does the job it's supposed to.",4.75,"1,253",7344.0,12137.0
B00E7H8GG2,micca MB42X 75W Wired Bookshelf Speaker - Black,"tv, audio & cameras",Speakers,"I purchased these as my rear speakers in a surround system (5+1).  I'm running B&W; 602's in the front with an AR 10&#34; subwoofer being driven by Denon AVR1802 receiver.  I haven't had a chance to hook these up in the rear yet, but out of curiosity I set them on top of the B&W;'s to try out as front speakers.Granted, they're new out of the box so they're going to sound a little tight until they're burned in for a bit, but with these little guys being backed up by the subwoofer - unbelievable!  The accuracy, imaging, and neutrality are amazing for a speaker in this price range.  I don't expect the depth that something like the B&W;'s provide (at about 8 times the price) but the sound is very clean and I expect these little gems to work very well as the rear speakers... I am an AV enthusiast, so picky about AV gear. I just needed something for my desktop and didn't want to pay up the butt for good powered speakers like: Audioengine, Emotiva, PSB, etc. I already had a Topping mini amp and FiiO DAC I dabbled with in my garage, so I brought them into my office to tryout with these Miccas. I am using these leisurely with a late MacPro (iTunes, FCP, games, etc.) I didn't need higher end studio monitors as I'm not producing a music album or anything. So, this setup works very well for me. I am very impressed with the SQ of these. I have them toed in and about 4&#34; from the wall. Is this audiophile grade? No. But I like this setup a lot better than something cheesy like Bose or Logitech speakers. I bought a pair of the Micca MB42X to use in a 12 x 20 family room.  It's been a while since I bought a pair of smaller speakers, but based on the others who reviewed these, I was convinced they were the ones to get.  And, I was right.  They have a tight sounding bass (no, it's not going to shake the room, and I wasn't expecting them to), clear and crisp highs.  The voices are articulated very well.  They definitely will fill the room I have.  I've coupled it with a Dayton powered 10&#34; SUB-1000.Well worth it.  One of the best purchases I've made in audio. I wanted some satellite speakers for music in my bedroom when I was playing music throughout the house.  I first bought the Polk equivalents to these, from Best Buy.  I couldn't stand walking from the main room into the bedroom, as their sound was soooo tinny and muffled.  So, based on the reviews here and elsewhere, I decided to try these.  What a difference!  I won't say these are anywhere near the Bose 161's + Subwoofer I have in the main room, but I can at least walk in the room and the sound is good.  Yes, they are not big bass...but I didn't expect that from these tiny things.  But they do create a nice crisp, well balanced sound.  So, I am happy! I review audio products, both on the low end budget and audiophile grade end. On the Micca MB42X speakers I just received, I used an Astell & Kern DAP as the source running through a Dayton Audtio DTA-1 T-Amp. Audio files either being 16 or 24 bit FLAC. This pair of speakers sound fairly unnatural out of the box. They exhibit the 'digital' sound you would normally find in DSP speakers, but in this case, a bit more is apparent to my ears. Mids are almost nonexistent. Low ends are squishy sounding. Not quite fart cannons, but instead sound filtered somehow, as if the lows were being passed through fabric, if that makes any  sense. In any case, the lows are only 'okay'. Also, the lows tend to be hiding when volume levels are low (9'oclock). Crank up the volume to 11 and they come out of hiding, giving a nice dollop of bass that many people tend to enjoy for gaming, EDM and any genre that feeds of lows and highs. The bass is still fun and not bad if you dont mind the lack of accuracy in the low ends and slam you normally find in high end speakers.As I mentioned, mids are gone from these speakers. But, the highs are quite nice. This is the only reason I would recommend them as value budget speakers because the highs have a nice little sparkle to them and are fairly clear. Mixed with the mushy bass, I can see these speakers being good for energy music, such as EDM, electronic, house and the such, where low end accuracy is not important.Now, there are other speakers to be aware of in this price range that perform as good or better, for less money or just a little more. The Sony SS-B1000 are excellent value speakers (which I own) and are less expensive than the Micca's. The B1000's also have a cult following similar to the Micca speakers. The B1000's have good highs (not as sparkly as teh Micca's), good mids and good low end. They sound fairly natural and are for the most part great all around speakers for the price. I find both the mids and lows to be a bit better than the Micca's. The bass on the B1000's are more accurate (not by much) yet don't sound as digitally enhanced as the Micca's sound.I used the Micca MB42X to replace the B1000's in this desktop setup. I do not play my music loud often. So, most of the time the audio is at 9 o'clock on the volume wheel. I listen to music on this desktop setup when working from home in the evenings. Unfortunately, due to the speakers not sounding full enough at low volume levels, I  will have to return these. They sound just the way I described them in the beginning of this review only at higher listening volumes. But, for study or work, normal listening levels leave these speakers sounding quite dull and boring. I think a subwoofer would do the Micca setup wonders, but I do not have one available that I can use for this review.Happy speaker hunting! -dave",4.4363636363636365,"1,593",0.0,24161.0
B00ECGX8FM,Nikon Af-S Dx Nikkor 18-140Mm F/3.5-5.6 G Ed Vr Zoom Lens for DSLR Camera - Black,"tv, audio & cameras",Cameras,"I leave it on my camera all the time now, only changing it for my macro lens or my 300MM zoom lens.  This lens is just superb.Highly recommended. The range is awesome. For those who are thinking to buy the 18-200 dont do it. This lens is great. The quality of the pictures is awesome. Im just beginning. But with my d5300 has been working great. The colors are amazing. Super sharp lens. Its all plastic so you need to be carefull. Just the mount is metal. And the weight is just right. For the money and the quality of lenses, this is the best lens that I use. The range from 18 to 140mm is amazing. This lens is nice and clear, great range and easy to use. Much better than the 18-55 kit lens for range and ability. I would highly recommend upgraded to this for your walk around lens. Finally a lens that I can keep on my camera most of the time. Arguably my best photos were shot with a 28-200mm Quantaray lens on an N80 film camera. Ever since I moved to DX cameras I have had to carry two lenses with me all the time, a 18-55mm and the 55-200mm; I kept missing shots, composition and timing are crucial in photography. This 18-140mm DX lens is equivalent to a 27-210mm on a full frame camera and it comes with the latest generation VR, up to 4 stops of compensation. I have now taken several dozens of photos with this lens and I am happily surprised by how sharper it is when compared with the 18-55mm kit lens. I had borrowed a 18-200mm lens, nice but too heavy, this is perfect. Beside this lens, only the plastic-fantastic nikkor 35mm 1:1.8 prime lens will remain in the camera bag - a lens I also highly recommend. Now at $600+tax, it did take a moment of weakness to hit the buy button; notified the wife after-the-fact.",4.818181818181818,911,25949.0,35900.0
B00EVWX5UK,Creative T15 2.0 Channel Wireless Bluetooth Speaker,"tv, audio & cameras",Speakers,"It was difficult to review these, because I had to adjust my expectation to go along with the price. I set these up in the garage for when we are out there piddling or I am doing my craft painting with furniture. I may be out there for several hours at a time. The speakers pair easily with my iPhone, iPod, and iPad. There is a midrange and a tweeter--I wouldn't call the larger speaker a bass. As long as I don't turn it up too loud, it is fine. If I turn it up all the way, I get a lot of distortion.This is good for lyric music like Dylan rather than jamming music like Emerson, Lake and Palmer. The sound is clearer on the easy listening type of songs. There isn't a profound separation of sound, but it is decent, adequate. If you are an audiophile who requires the best of sound for any listening device, then you may be disappointed. It can be difficult to recommend speakers for all, because everyone has a different ear, just like they have a different tongue for taste. For an audiophile, I would give this 3 stars, but if you are just wanting some companionable music for a limited time, then this will fit the bill. And for the price, it is certainly a serviceable and satifactory pair of Bluetooth speakers. Capsum: Creative Labs created the T15 wireless speaker for almost my situation. Light on weight and heavier in sound. Not as mobile ready as I&#8217;d expect for something so portable, and it has little place in a computer home theater setup. For simpler stereo needs I recommend these speakers.&#60;Review&#62;Kinda guy who whistles while he works&#8212;that&#8217;s me. Music takes the tedium out of the job, the drive, or the writing. When the whistle goes dry, the player turns on. Kinda need speakers for that.Good thing the T15 wireless speaker set came down the Vine: I tested them for you folks on four devices, in both Bluetooth and analog cable configurations:&#62;Bluetooth desktop PC.&#62; Kindle Fire with stereo jack.&#62;HP netbook with stereo jack.&#62;Bluetooth cellphone.My PC is wired straight into aOnkyo TX-SR608 Home Theater Receiver, putting out HDMI sound over a set ofPioneer Bookshelf Loudspeakersand aPioneer Center Channel Speaker. With audio integrated right into my video card, I use the mobo mainly for recording and haven&#8217;t bothered with a discrete sound card or dedicated PC speakers for years.However, for places like my workshop, I need a set of speakers I can plug &#8216;n&#8217; play, and that&#8217;s where Creative Labs has re-entered my computing picture. Here&#8217;s what the T15 does and doesn&#8217;t do:&#62; Connection: 1) Bluetooth wireless. 2) Analog 3.5mm stereo cable, line-out only. No PC wi-fi or USB connection.&#62; Speaker Setup: Stereo only. There is no software suite or data connection to a PC or AV Receiver.&#62; Sound Quality: Much fuller than laptop, tablet or phone, but obviously weaker than a proper HTPC setup.&#62; Bluetooth Range: Short, even for a personal network (PAN) device.&#62; Power: AC plug only. No batteries.&#62; Build Quality: Sleek, black, and sturdy enough. Bigger than typical computer speakers with the additional drivers. Clearly built for desktop duty, but are decent for mobile duty.&#60; Out of the Box &#62;The T15 speakers are tightly packaged with no plastic display shell&#8212;it&#8217;s all cardboard, baby. No drivers, no firmware, no accessories like a stereo cable or protective sleeves. Just speakers all the way.As a pair the T15 looks sleek, glossy and black. Speakers contrast well with wood, even when perched on the cord of firewood in my shop or on my cheap particleboard bang-me-up work table. They sit nice and flat; while the front face and speaker cones are tilted up, the bottom remains parallel to the supporting surface. Little pads keep the shell from scraping around, and they seem well attached.All controls and jacks are located on the right speaker. The pair is connected by a simple fixed audio wire. The lack of a reinforced wire or a supporting lanyard is your next clue, after the AC power, that these boys really aren&#8217;t intended to be trucked around with your tablet. And due to their hefty size, you can&#8217;t pack them in a laptop case. The speakers don&#8217;t snap or stack together.If you do decide to go portable with these guys, consider something like theTargus Compact Rolling Backpack for Laptops. These kinds of packs will take your laptop, phone and tablet all in one go, with a big compartment left over for the speakers.Plug in to wall power and activate the Bluetooth pairing button on the right speaker. Pairing varies with the device, but tends to be as simple as searching for the T15 in the Bluetooth dialog box of your computer or smart phone. It won&#8217;t always show up as named; on my Win7 system it was just identified as a generic device, while the smart phone recognized BT speakers.&#60;On with the Music&#62;There does not appear to be any out-of-the-box way to configure T15 as wireless side or rear speakers. And there is no additional output for a subwoofer or for traditional connections to an AV receiver other than 3.5mm. As the Amazon title says, these are 2.0 jobs. I&#8217;d be interested in hearing any method of getting these guys to take a rear channel stream in a surround setup.For their size and the kind of files they have been playing, the T15 sounds pretty good. MP3s play clearer and heftier than anything my netbook or Kindle speakers can manage. I can load up my 106-hour video games playlist and hear every track across an 1100-square foot shop space at half volume. Uncompressed WAV files also sound good compared to the tin can speakers of a mobile device, although again you are going to lose some feeling versus a bigger full-range speaker. As other reviewers said, the sound is &#8220;balanced&#8221;. Not great bass or treble, and on the other hand little or no distortion at higher volumes. Obviously, your speaker separation is limited by the length of the of fixed wire.Wireless range is also caught short. In my apartment, the T15 is unable to pair or to receive BT stream two rooms over from the smartphone. Likewise, they don&#8217;t range as far from my PC as myPX51 Wireless Gaming Headseton BT. Overall the T15 offers a reliable distance of 20 feet in my tests. I know these speakers are using a PAN, but I didn&#8217;t expect them to drop off so quickly. Unlike a radio which fades out, you either have a stream, or you don&#8217;t.&#60;Advanced Use&#62;Because of the Bluetooth capability, these speakers imply more mobility than they actually have. Aside from their physical design, there is no ability to stream from wi-fi or USB, which I consider beyond obvious to an absurd oversight for any modern PC speaker. You can&#8217;t get more &#8220;duh&#8221; for a digital link.At first glance, Amazon doesn&#8217;t stock any tote or bag for carrying what is ostensibly a portable sound system. This in turn makes me a little concerned about that little wire connecting to the left speaker. I know that&#8217;s a common, economical design for PC speakers in general and for smaller jobs like these in particular. For a more portable or flexible variant, or just to get wider separation, it would be nice to have them connected with a mono patch cable.Finally, there is the matter of power. Knowing these are fundamentally PC speakers, their portable promise suggests they should have a battery option. Sure, these boys are too small for C-cells and too powerful for AAs. I say mobile consumer tech has long exceeded the point where modern high capacity rechargeable batteries should be available for more than just cell phones and laptops. And yes, I accept these hypothetical batteries would still rapidly drain&#8212;wireless draws a lot of juice&#8212;but so does my tablet and my laptop when I spent a lot of time on the wi-fi. Willing to bet the same goes for a lot of you, too.&#60;Money Talks&#62;Mobility matters when laptops and tablets are otherwise perfect for T15. So too are crowded desktops that can&#8217;t fit a nicer surround system. The sort of accessory you should be able to take into work, hook up, and return home at the end of the shift. A netbook and a set of these speakers are the 21st Century equivalent of a boom box, and they can sort of live up to that ability.So the money question is answered by folks looking for something other than a hefty setup for Home Theater PC, but still wish to stream music and video on a regular basis with good results. With no subwoofer and the wireless built into the right speaker, the footprint is tight and tidy. Especially if you are streaming MP3, ACC, or similar compressed formats, they will sound fine. Uncompressed audio is totally decent for what these guys can do. These speakers arrived just in time, as far as I am concerned, because my younger brother's Mac Mini needed better sound, giving me the perfect opportunity to plug them in and see how they worked. Simple answer: fairly well.After you get past the miles of tiny-print instructions, warnings and warrantee information (there are three fold-outs of all that), it's fairly easy to set these speakers up. The speakers themselves are standard-sized and have only one or two cables (thanks to the Bluetooth), so with the instructions it took about ten minutes to set up, install and start playing sound from the computer (using the same methods that you Bluetooth-adapt anything).However, he power adapter is a bit difficult to put together, and at times it's hard to know what plugs into what.As for the sound quality, it's fairly good. It sounds a bit tinny at first, but it's pretty good overall -- clear and sharp.One small caveat: these speakers are clearly intended for desktop computers. You could apply them to a laptop, but only if you plan to place them on a shelf and have them play from there. They're too big and heavy to be effective portable laptop speakers. I always wanted to have a decent external speaker system for my laptop, so I could enjoy Redbox Streaming and Xbox Video Streaming more. Teeny audio kills the watching experience, but I often am too lazy to move to the TV. These speakers are really easy to set up, as I've successfully paired them with two Toshiba laptops as well as my first-gen Surface. The sound quality is more than adequate, and it makes watching videos on the laptops so much more engaging. The speakers are well made, and the fact they are wireless makes it easy to place them. I wonder if Creative offers a subwoofer that can be integrated with these little but powerful speakers. All in all, I'm quite happy with this product! I really like these speakers.  There's just a plug for electric and one to connect the speakers.  No clutter! They have a sharp black glossy finish.  Setup was super easy with the creative Bluetooth audio usb transmitter (bt-d1).  Sounds great.",4.476190476190476,613,0.0,14979.0
B00F19Q7AC,GoPro Tripod Mount,"tv, audio & cameras",Camera Accessories,"The whole GoPro experiences is new for us, so every accessory I get for it is partially a new experience of learning how it works the best. After I get more familiar with it rating could be a 5 star I gave it a 4 because it appears to be well made and couldn't rate from experience of using at this point. It is an original GoPro Accessory and that means it will work with the camera. What you would expect from GoPro parts. Fits well, works as designed and easy to use. Would recommend to anyone looking for GoPro attachment for their tripod. These two tripod mounts come packaged together and are nice mounts.  They are GoPro branded and one mount is small and has a secure threaded 1/4x20 insert to fit standard camera tripods.  The other is a quick-disconnect base and has two inserts on the bottom, both standard 1/4x20.  Very happy with the products. I bought these to attach my GoPro Hero3 to a tripod, and they work perfectly. I love them. You can use the smaller, rounded one to mount directly onto the tripod, or you can use the larger, more rectangular one to mount to the camera via one of the standard clip adapters (not included) that came with your camera. I tried both, and I preferred the larger rectangular mount because it made it very easy to remove the camera from the tripod. Not much you can say about this mount.  It fits the tripod correctly and does what it needs to do. Great price through Amazon.",4.7611940298507465,910,1749.0,1800.0
B00F19Q7YI,"GoPro Suction Cup for Camera, Plastic, Black","tv, audio & cameras",Camera Accessories,"Awesome suction cup mount. Has held up to 60 MPH so far, mounted on the side of a truck bed. Works great on any flat surface. The product description says that it has an industrial strength suction cup that can withstand up to 150mph.To be honest, I wouldn't risk it... the suction cup has fallen off several times when attached to my kids' push car! I have cleaned the surface and followed the instructions, but it still fell off.Maybe on glass or car's body it might hold better... but I personally wouldn't risk my camera falling off at a high speed and hitting the asphalt! I used this to fasten my Go Pro to the plexiglass windows in my airplane so I can shoot out the window while I am flying.  Installs easily, does not come loose.  Very well made, and I love all the little accessories that allow me to configure the suction cup in dozens of different ways. Suction cup is strong!  I like to fabricate mounts brackets etc or go with 3rd party companies to save that $$. This time  I wanted to make sure that the camera won't be moving around since my car is lowered and the streets of San Francisco is pothole central. Im glad I went with the official Gopro suction mount. This bad boy does not move at all! Used this mount on the windshield of my truck while on vacation in Colorado and it never budged. Never took it off the entire trip (I will admit I had it tethered just in case it were to come off). Got some amazing film that I otherwise wouldn't have been able to get. I leave it stuck to the inside of my back glass in my truck so I can put it on at a moments notice.Wonderful Product!",4.444444444444445,"6,223",3129.0,3800.0
B00F5UY9XE,Yongnuo YN-14EX TTL LED Macro Ring Flash Light for Canon,"tv, audio & cameras",Cameras,"I was very suspect on purchasing this unit as it is a quarter of the price of the Canon model. The fit is perfect, I use it with my D7 and an assortment of lenses. The first this you need to do it take this out of automatic mode and put it into manual. Then you can unleash all of it's flexibility.The manual is the only weak point as it is a poorly translated handbook, but you can figure it out.The ability to balance the flash left to right is a great feature for shadows and special effects. The unit is OK because the light pattern is so narrow. The center part of the photo lid up so well but the edge is so dark. What can I say.  Compared to the $500 and $800 Canon macro flashes, and the ultra cheap third party alternatives, this is a steal!  I use a lot of Yongnuo flashes, and have been very impressed with the quality and value, and this one is no exception.They are made for Nikon and Canon, so you have no reason to buy the OEM flash if you use one of those brands.  Not sure if they are made for other brands of DSLR's.Hopefully at some point Canon will get the message that their accessories are stupidly overpriced. As far as I can tell, the YN-14EX flash does almost everything the Canon MR-14EX II flash does for $450 less!  Good solid build quality feel.  Primary differences between the Yongnuo and Canon macro ring flash units:  Yongnuo GN=28 vs Canon GN=46, Yongnuo flash adjustment 1:64 vs Canon 1:128, Yongnuo fits 52mm, 58mm, 67mm, 72mm vs Canon 67mm only.  Every other feature is pretty much the same (e.g. E-TTL, Camera flash control, R/L flash tubes,...)In addition to macro flash photography, I have used the YN-14EX to take interior real estate shots as it eliminates shadows from objects such as ceiling fans... drives me crazy!Highly recommended.  The price is right.  It's a full flash unit, not an LED &#34;light&#34; masquerading as a flash. I've used this twice for portraiture and what's great is that you always get a catch light. Dead eye is a thing of the past. If you want a large catch light, you'll need a larger ring.",4.5,430,15400.0,19999.0
B00FAYL1YU,AmazonBasics 67-Inch Monopod (Black),"tv, audio & cameras",All Electronics,"I do like this for my still camera.  It is just the right size for those tighter situations but I also like to use it for anything I think needs a bit more steady hand when shooting.  This does not help me with video I need a full tripod for that or there is too much movement. I would like the adjustment clips that you flip to expand it to be a bit more flowing -they are rather tight and difficult at least when new.  You cannot put the bottom of this into a stand, the threads are not really accessible even with the rubber rolled all the way back and that rubber tip dose not come off.  I love the cushion soft handle and the light feel of this. I love photography- but I am not a huge fan of toting a tripod where ever I go- I find it cumbersome.  This is a good alternative. The monopod does stabilize my photos and is easy to switch between cameras as I tend to shoot multiple cameras. None of my lenses are too heavy so this is a nice alternative to shooting freehand photos.The monopod is adjustable in height by quite a bit and I have never ever in the short time I have been using it felt that it wasn't tall enough or short enough- so the built in height adjustments works well for me- and I am 5' 4&#34;. It's compact and lightweight so it's not bad to carry (and it comes with a handy carrying case- which frankly- I personally do NOT use at all).  What is nice is the monopod also has a spike/rubber tip at the foot so that you can use it to secure the monopod on different types of surfaces. You can also use it as a light walking stick while hiking for those nature shoots.I am pleased with this product and would recommend- as long as you don't have too heavy of a camera lens on it. This monopod is a great tool, it's light weight and yet well made.  It has a nice traveling case with an adjustable strap that will keep it protected from rain, weather and wear from rolling around in the back end of your car and makes for hands free portability.I like the versatility and portability of this monopod.  I very rarely use my tripod, it's old and big and cumbersome and honestly I would feel like a goofball pulling it out and setting it up.  But this monopod is small and can be set up without a big to do, and no one except the people nearest to you will even know you have it.It's easy to open and adjust to the right height and gives my hand constant steady support at a great price.A very nice item. I am extremely impressed with this monopod. Purchased to help me video my high school wrestler without all the shakes I was getting before. The grip at the top of the pod is indulgent - meaning very well padded and &#34;thick&#34;. Throw in the 3 individual adjustments which allow for virtually any height up to 67&#34;. Also comes with a black carrying case which I probably won't ever use, but a nice touch. I recommend highly if you're in the market. This is a sturdy monopod and should work well for what I intend&#8211;which is to use it as a stabilizer when I film with my iPad. I will have to get an adapter as the threads are only good for cameras with a threaded socket. But the price was right and I should be able to get a good adapter fairly easily. If you know of a good one please mention it in the comments. Many thanks!",4.657894736842105,"8,298",869.0,1999.0
B00FR85IRK,Fujifilm Instax Mini 90 Neo Classic Instant Film Camera,"tv, audio & cameras",Cameras,"Bought this because I always wanted my own Polaroid Camera, this one has features that other polaroids don't have, meaning it cost much more.First the camera, it is plastic and feels like a toy. It is a solid piece of plastic though, not sure how well it will handle a drop and I don't feel like testing. It comes with a strap so you don't have to worry about dropping it, worry about it swinging around though if you are putting it over the shoulder and body. Camera itself looks very nice, retro looking with the gray and black. Looks like a toy Fuji X-100.My favorite feature for the camera is the double exposure. Fun to play with because results are instant. Just be careful though because films are expensive, but then again every picture I take with this seem to always come out nice.The problems I had with this camera are holding the camera and the viewfinder. I know I am probably holding it wrong, but I can't seem to find a way to hold it comfortably. Next the viewfinder is small, again maybe because I'm doing it wrong. I can't seem to look through it properly all the time.Overall the camera is fun to play with, great pictures all the time, just need to spend a lot of money because of the film. I had an older poloroid years ago which I donated to Goodwill, boy was I dummy. I was researching photosbooths for my up coming wedding and kept seeing ideas about doing your own with an instant camera. I started searching and came across the Fujifilm instax mini 90 and immediately fell in love. The style and functionality is nothing like anything else on the market. This became my birthday gift and has been a lot of fun using. It's a chemical process for the photos, not a printed, so don't expect super crisp, extremely colorful photos, use as a novelty as it is intended :) I thought my kids would never learn about the evolution of cameras and film, but this little thing is a great learning tool.  They understand that sometimes, you only get one shot, so make it count.  They are learning that film developing is different than a printer. I AM IN LOVE. I had the Mini 8 and I loved that camera! I collect old camera and have a fascination with polaroids but it's hard to find film (or it's $30 for 10 prints) and sometimes they aren't very portable. I was so happy to find this line of instant cameras. I used my mini 8 for everything possible. I took pictures of my nephews and niece at there birthday parties and hand out photos to everyone! I took pictures of my vacation in North Carolina! I was using it as if it were my phone. Snap Snap Snap. It's easy to be happy with every photo.THEN I saw this guy all over instagram and had to have it. It is 100 times more amazing than the others in the mini series. I can do so much more and make beautiful mini pieces of art! I love all the features (light, dark, double exposure, etc etc) I have seriously taken 20 or more double exposure photos. I am driving people nuts I always want to take a picture with this camera and make them my test subjects.It takes better pictures than the mini 8 or maybe I am so in love with the neo classic that I am putting my blinders on. It so amazing to people able to adjust the darkness or lightness of a photo. I use to put electrical tape over my flash on the mini 8 so pictures were 1) over exposed 2) still to bright out for a decent photo. Also this camera has an on/off switch for the flash. BAM! So many problems solved with just two of the many upgrades!I read a lot of people's complaints about the photo size! I love the size I am into junk journaling, art journaling, smash booking, and these pictures are perfect for all those things and make for easy smashing! I think I enjoy my smash booking so much more with these little photos. I think they turn out amazing. You can't ask for a better instant camera! It does so much more than any other instant camera!Sorry I am not good at writing coherent reviews!If you have any question feel free to ask. Everyone love it. I love it. The people I shoot love it. The reaction I get, as someone that is always taking photos is, oh its him again, then the magic happens and the photo pops out and their faces light up... very enjoyable for nights out at bars or parties.. always, always gets a smile. Camera works well, setting easy to change, photos pretty good if you remember to get in close to your subject. I love it and the price per photo is livable....",4.8,"2,762",9199.0,10999.0
B00GUQJZCW,ExpoDisc EXPOD2-77 2.0 Professional White Balance Filter 77 mm,"tv, audio & cameras",Camera Accessories,"great little tool! This works way easier on my Sony NEX 6 then my Canon 6d. But that's more of an issue with the hardware rather than Expo disc. This really will save you lots of time in post! If you're serious about white balance, you owe it to yourself to get this.  I shoot lots of Infra-red, and this is a must have.  Don't bother with the low cost alternatives.  Do your research, and you'll see that none of them give you quite the accurate white balance.  The ExpoDisc does. I use this product on the majority of my shoots, with usually pleasing results. It is better than relying on the camera's white balance. However there are 2 instances where it will not work well.1. If you have an on camera flash. You need to point the camera at the light source in this case the light source is on the camera...they say you can point you camera at a white surface bounce the flash then try to get a reading. But that can be tricky outdoor and indoors if your surface is not perfectly white the you ll have a color cast.2. If you are late in the afternoon in a big shade area on a sunny day, where you can't see the light source. Such as behind a big building. Taking the reading of the blue sky will give you the wrong white balance, as well as taking a reading by pointing the camera around...In cloudy days things work better.In other words if you can't point this thing at the light source(s), you are out of luck... The last wedding I shot was about 3000 images and this baby nailed the WB better than any other tool I've used. What a time saver in post! I went cheap at first and bought a Mennon which works just ok but this blows it away. If you're like me you've bought and tried almost every gadget to save time and sanity just to find you've spent $50 on a piece of plastic that does almost nothing. Not the case with this! I couldn't be happier as it's paid for itself on the first shoot already by saving me hours in post. Thanks Expo! This is my second Expodisc! I would buy it again,  this is a must have tool is you shoot interior architecture, Events, or anything where you have multiple types of lighting. They hand check each one to ensure it meets specifications (18% Grey). unlike a grey card the light flows through it so you don't have to mess with temperature in post processing... Get it you will not regret it!",4.666666666666667,796,0.0,5800.0
B00HHFBEK6,"Micca MB42X-C Center Channel Speaker with Dual 4-Inch Carbon Fiber Woofer and Silk Dome Tweeter, Black","tv, audio & cameras",Speakers,"I got this guy to match up with a pair of the MB42x bookshelf speakers I got to redo the front of my HT.  I originally bought the MB42X's for my computer.  I was so impressed that I wanted to put some on my HT setup.  This guy completed the front setup and so far I'm very happy with the results.  The vocals are very clear and project nicely across my room.  If you're looking for a low cost HT setup I really think you should look at this speaker with either two more for L/R or a pair of the MB42Xs. Good center speaker and fits our entertainment center perfect. Wife and I are very happy with our purchase and it arrived a day early too It exceeds expectation!! When watching movie in Dolby mode, the center channel has very clear high and deep bass. The human conversation can be heard just like some one talks in front you. I am totally impressed by this speaker that only costs $69!!!!  I've been recommending Micca's for 5.1 surround sound for well over a year and the biggest hurtle has been no matching center. I would just advise people buy another full pair of the MB42's and keep one in the closet and use the other. Those days are gladly over. A pair of these is as impressive as the bookshelves but louder. I haven't done an A-B on them to see if the low end is greatly improved or popped the crossover out to take a look but on the first few days worth of impressions, I am impressed.When you stand up a pair they are narrower than the MB42's by about a half an inch but are about an inch deeper so these will fit in some odd places should you actually want to hide them somewhere special. The magnetic grills are super clean and impressive as always and although the rear 5-way terminals are of good quality they are still 7/8ths spaced which means normal dual 3/4&#34; banana's wont fit and you will need to wire directly or with single banana's instead.If you have Micca's already and want to push to a 5.1 or higher these are your speakers. You can even consider buying three for your entire front assembly.  LEFT - CENTER - RIGHT all these and finish off with the standard MB42's in the rear.",5.0,836,0.0,0.0
B00HVLUQW8,Audio-Technica Ath-M30X Wired On Ear Headphones Without Mic (Black),"tv, audio & cameras",Headphones,"No need to waste money on some billionaire's mediocre headphones.Buy a pair of these and you won't be disappointed.Great studio-style headphones - great for recording.Very long cord and it includes both plugs. The sound quality on these is incredible, the noise-cancelling is good, and the comfort is great. They also weigh much less than I imagined them by looking at the photo on Amazon. Highly recommend, especially at this price! They are big and bulky, but really comfortable. The ambient noise isolation and the sound quality are very good. They also seem well made and robust. The product is great not that good of a bass other then that it is great comfy and fits well. I really like the way these headphone fell.  They are well balance, light and sound great.  This is my first headset in a decade, I had moved to earphone for portability, but when size is no issue these are great.  The do a good job of reducing noise and not feeling overly snug. The only thing I would change... the length of the cord, I believe it is 9 feet.  I would have liked one about half the size, but this is a minor issue not worth a star.",4.6,"9,849",6799.0,11800.0
B00HVLUR18,Audio-Technica Ath-M20X Wired Over Ear Headphones Without Mic (Black),"tv, audio & cameras",All Electronics,"These Headphones sound terrific after having used turtle beaches for a little over a year, and the build quality is extremely solid for the price, the only down side is the heat and the long attached chord.  The chord I wish you could replace and the heat gets annoying and requires you to pull em around your nech to cool off after around 2 or 3 hours.  Over all I'd recommend them to anyone! These headphones have really full sound and help cut out the bleeding of music from the headphones into the mic when recording vocals. They arrived quickly and work great. Excellent pair of headphones, sound quality is better than beats even at this low end model. You just don't get as much bass.  Build quality is very durable but no detachable cord like on the M40x or M50x.  Cord is long but does not get in the way.headphones are very comfortable and can make your ears hot if using them during a workout. I'm not even going to say you can't go wrong for the price. These must be my favorite pair of headphones ever. These headphones are clear sounding, have a very flat frequency response range, the cable is very long, but not too long, and to top it all off, they're only 50 bucks. Buy these headphones! I get this in a perfect price. I really feel unbelieveable that this product just need this price- $49.99. The product is perfect. After I wear it, the only sound I heard is the music. It is very comfortable and not heavy. Good tough feeling.",4.8,"20,208",4499.0,7788.0
B00IGUUYTI,"SoundBot® SB510 HD Water Resistant Bluetooth 3.0 Shower Speaker, Handsfree Portable Speakerphone with Built-in Mic, 6hrs o...","tv, audio & cameras",Speakers,"We use this little marvel in the shower.The sound quality is great. Pairing was a breeze and It sticks to the glass really well.The microphone feature doesn't work nearly as well, so I won't suggest buying this as a hands-free speakerphone. I almost returned this because I mistakenly thought I had it on max volume with my phone volume at max and it was so quiet.  I WOULD HAVE MISSED OUT!  So it turns out that it has it's own independent volume control so that you can adjust volume in the shower when you don't have the phone near you, and it arrives from the factory at a low setting so I would never have known if I hadn't read the instructions.Press and hold the &#34;next song&#34; button until it beeps to tell you the max volume has been reached.  Then you can also control it with the volume on your phone if you want, but that's independent of the speaker's setting.The sound is FANTASTIC at HALF the cost of even the cheapest other speakers!!! Man, I wish I had to shower right now that I figured this out!!! Lol I bought this to listen to the radio through my ipad air in the shower.  I charged fully when it arrived (a little over an hour).  I initially had a little difficulty getting it to pair with my ipad, but after a few tries (5-10 mins) I finally got it to connect.  It works well enough, but the sound is not very loud and I sometimes have trouble hearing it when the water and bath fan are running.  It is working fine for now, and I will keep it and update after a while. I have no idea what the naysayers are writing about. I charged it, it plays - I don't charge it, it doesn't. I brought this out to the pool area just for S&G's - worked great. Only issue I had was when it was in the bathroom charging, I forgot to turn it off, while in bed I played a YouTube video on my iphone and the sound came through the speaker 35 ft away. scared the crap outta me. I was very disappointed with this product.The volume is pretty low, although it's usable. One really annoying aspect is the proprietary charging port. Instead of just using micro USB and allowing me to charge it along other devices, it's uses some arbitrary charging hole.Lastly, I am having a lot of trouble getting the suction to work. It can usually make it through a shower, but falls down later.",3.888888888888889,"11,609",3499.0,6499.0
B00JKUPRF4,Nikon 18-300 Mm F/3.5-6.3G Ed Vr Af-S Dx Nikkor Lens - Black,"tv, audio & cameras",Cameras,"I have the predecessor to this lens, and it works beautifully as an all-purpose lens for garden photography, but it is way too heavy to be practical for me. This is a HUGE improvement in terms of weight, and there is no discernible difference in how it works. In a book on close-up photography that I got from Amazon, I found a suggestion for turning this zoom lens into a close-up lens by adding a Canon 500D lens. I was skeptical, but after taking it out on two outings, I think it will work well for me. The only problem is that the two lenses fight each other a little bit, and the Nikon lens tends to shift focus slightly as the lens wobbles, which naturally affects the photo. It takes some getting used to, but I'm starting to get the hang of it. Ultimately, I see these two lenses working in tandem as the workhorses of my little photography stable. Today I had the best day ever in 3 years of D-SLR photography, thanks to the new and improved 18-300 mm lens and the Canon 500D. Nikon should reintroduce its own close-up lens to provide the perfect complement to what I see as a nearly perfect lens for everyday use. I can't wait to see how time will improve it. Is a compact 400 mm lens on the horizon? I looked at a lot of lenses before settling on this new Nikkor 18-300, and I must say I'm very pleased with the choice.  The lens is compact but has a great zoom range.  I shoot pictures for a local sports team, and the versatility of this lens is just great.  I've also done nature photograph with it as well.  I'm pushing 800 pictures since I got the lens, and I've very satisfied with it.  There is some distortion at either end of the lens (barrel and pincushion), and there can be some vignetting, depending on aperture and zoom, but these are easily correct in a photo editing program and/or RAW editor. Overall, I'm very satisfied with this lens. I got the lens 2 days ago and made several photos outside and indoor using it on Nikon D7000 in P mode. It is not bad. It is not 'super' either. The focus feels a little slow (maybe because it is quiet?). It is sharp. The color and contrast are good. The image is almost perfect in sharp areas. As soon as it gets less sharp it gets noisy especially at max zoom.  I also own Sigma 18-250mm (very good lens). The bokeh on Nikon is not as pleasant as on Sigma (it looks smudged). Nothing can obviously bit the range. Overall I rate at as 'good'. I wanted this for a trip that is coming up so I don't have to change lenses constantly. I do like to limit myself to fixed focal length lenses but when you want an all in one as your go to lens this is the best one to get. This is almost the exact same size and weight of the 18-140 that is also an awesome lens but I personally wanted something with a longer focal length and was an all in one solution. Nice and balanced, fast accurate focus, great zoom and all around if this is the only lens you have I can't see how you will be disappointed. This is a nice addition to my ever growing assortment of lenses. I often contemplate going with something off brand but always come back to Nikon lens for my D7100. Love It.  I had purchased a Nikon 55-300mm lens and was planning to take it on a lengthy European trip.  Spent a week at home getting to know it -- decided I hated it.  Hated the clarity, the color, the contrast, the sharpness.  Everything.  Very mediocre uninspiring  images (I'm sure a lot of blame belongs with the photographer).  Traded it in at a local shop (sorry amazon) for this 18-300 f/3.5-6.3 lens.  LOVE IT.  Getting wonderful results -- from my D5200 body.  Someone said to me that lenses are like acoustic guitars -- some are real winners -- some dogs.  Can't speak to that; except my new lens is a winner.  Am now in Europe, been getting wonderful results.  Very very pleased with this purchase.  The old 55-300mm is not missed at all.",4.857142857142857,"1,139",0.0,51450.0
B00K7O2DJU,"Sony RX100M3 Premium Compact Camera with 1.0-Type Exmor CMOS Sensor (Optical, DSC-RX100M3), Black","tv, audio & cameras",Cameras,"I will not go into the technical details of the camera. Professional reviewers did and will review it much better than me. All I can say is that for such a small camera, and from a still-photo perspective, there is almost nothing you cannot adjust. The photo quality is amazing even at high ISO. The viewfinder and tilting screen are more than rare in such cameras. My only take, and it is not worth taking out a star, is the size. I have a Canon PowerShot S120 and it is ""pocketable."" I am a big guy, and I can still cannot fit it in my pocket. It is still small enough though and truly worth buying. You can imagine camera manufacturers trying their best to squeeze every possible feature into a compact camera body while still keeping it priced reasonably. In my opinion, Sony has innovated the most and made the third iteration of the RX100 the best of the three, as well as when compared to the competition.I have both the original RX100 and the RX100M3. I bought the first model right away when it came out a couple of years ago. It is still an excellent prosumer camera in 2014 with a good, basic feature set.I did not buy the RX100M2 because I felt it did not have enough additional useful features to justify the added cost. Visually, the protruding multi-function hot-shoe also made the camera less aesthetically pleasing.I bought the RX100M3 because of the following reasons:1. The excellent Zeiss lens offering a wider wide angle (24mm) and much larger aperture (f/1.8 to 2.8) while trading off a smaller zoom range (24 to 70mm vs. 28 to 100mm), when compared to the original RX100. I use the wide end of a zoom lens much more often, and frequently in low light, so this lens is more suitable and useful for me than the one on the original RX100. For shooting in the bright outdoors, the M3 has a built-in 3-stop neutral density filter that helps to keep the aperture from stopping down for a pleasing blurred background effect.2. The built-in, pop-up Electronic ViewFinder (EVF) which allows picture-taking the traditional way (up against the eye/body for more steadiness), is useful, unobtrusive, and more convenient than an external one. It is also a necessity when the shooting environment is the sunny and bright outdoors, where the LCD screen cannot be seen clearly. An external EVF is available for the RX100M2, but beside additional bulk, it costs $450 extra. The built-in EVF is great not just for composing a shot but also for checking exposure after a shot (or a video) is taken. You can't appreciate this feature enough until you find how frustrating it is trying to compose/check a shot under a bright sun, looking at a dim and washed out LCD screen.3. An even more versatile tilt screen. The RX100M3 now allows you to take pictures from a low position, above the crowd, and of yourself. Without the protruding hot-shoe of the RX100M2, it was then possible to design the M3 screen to tilt up 180 degrees for taking selfies (self-portraits). You may be surprised how much you will use this feature now that it is possible. No need to risk asking strangers to take pictures for you anymore when you want to be included in a travel scene.4. Last but not least, the RX100M3 is a vastly better video shooter compared to the two previous models. The new BIONZ X image processor permits full-sensor readout and XAVC S compression (requires SDXC memory card class 10) for excellent quality video comparable to the Sony RX10 bridge/superzoom camera. Video frame rates now include 24p, 30p, 60p, and 120p (@720p).The RX100 series cameras utilize a 1-inch image sensor in a compact body while most point-and-shoot cameras use 1/2.3 inch sensors. A larger sensor can gather more light so its image quality tends to be better than a small sensor. But compared to 1/2.3 inch sensor cameras, a 1-inch sensor camera's lens size needs to be physically bigger and its zoom range much smaller, given a limited camera size. With these constraints, I deem it a wonder that Sony can come up with the RX100 series camera with so many features while keeping it very compact. Sony also makes cameras in the Compact System Camera (CSC) category that feature an even larger sensor (APS-C) and interchangeable lens capability, but they are not ""pocketable"" and an equivalent 24-70mm Zeiss lens costs $1,200 alone.While I have other cameras, the Sony RX100M3 IS the one that I carry with me all of the time. I suggest using Sony's well-designed LCJ-RXF jacket (ever-ready) case to carry around your RX100M3. It allows the camera to be well protected until the moment you want to use it. I waited patiently for 2 months to receive what is now the third version of the RX100.  I read everything about it that I could ahead of time and recognize that this is a camera enthusiasts dream.  All of the other reviews focus on the positives of the camera so no need to repeat that except to say that the build quality is excellent, the software nearly perfect and the image quality just stellar for its size.  It's a technological marvel.But, after using the camera for just a brief time, I realized that I just cannot live with the immensely small (2.9x) zoom.  It's even less than the last version.  As good as this camera is and as spectacular as the image quality ends up being, the camera is just not practical for me without more optical zoom.  It barely zooms which essentially means you have to be right up on your subject which, for me, means missing out on many shots.I get that Sony made tradeoffs to get such stellar picture quality in such a form factor and my hats off to them for their remarkable advances.  But, for me, I realized after using the camera briefly that I'd happily trade slightly less quality for much longer range.  Most compact cameras nowadays have outstanding picture quality at longer distances.I'm sure many will be extremely happy with this camera, and there's a lot to like about it, but it's just not for me. Expectation:The camera should be compact so it can go anywhere, focus quickly, focus accurately, and take sharp/high quality photos that are rich in color. As an added bonus, it should take high quality video and do well in low light without a flash.With that expectation in mind, the following pros and cons were found while shooting extra fine jpeg images and AVCHD 60p 28M(PS) videos.Pros:1) Compact enough to go everywhere.2) Takes excellent photos in low light without a flash.3) Takes beautiful macro shots that are rich in detail.4) Focuses very quickly.5) The background can be forced out-of-focus to create a professional looking effect.6) Takes high quality video at 1080p.7) Easily takes panoramic shots.8) Zooming in and out is nearly silent.9) The screen flips up for self-portraits.10) The ""Fn"" button brings up a highly customizable quick menu.11) Several buttons including the control ring can be customized.Cons:1) The ""Wide"" ""Focus Area"" setting frequently results in the image, especially the center, being out-of-focus. Half pressing the shutter button will correct the issue... sometimes.2) ""Intelligent Auto"" shooting mode is not a dependable mode to leave the camera in.a. It ALWAYS uses the ""Wide"" ""Focus Area"" in this mode (see con #1).b. Scene recognition frequently selects the wrong scene. Taking an image of a car passing at 25 miles per hour results in a blurred streak.3) When the ""Center"" ""Focus Area"" setting is selected, images still lack sharpness when compared to a Panasonic Lumix DMC-ZS3 from 2009.4) Colors are dull, especially when compared to images taken by a Panasonic Lumix DMC-ZS3 from 2009.5) Auto white balance (AWB) sometimes produces shots that are too warm.a. If two shots are taken back-to-back sometimes one will be warm and the other accurate.6) In a space the size of a living room, using a flash at distance frequently results in overexposure.7) When shooting handheld, it's difficult to maintain the proper grip and use the control ring due to the size of the camera and lack of an actual grip.8) The screen is cluttered with an excessive amount of icons that cannot be individually shown/hidden. Given that individual icon control is unavailable, the following seem like unnecessary icons for these reasons:a. Infrequently changes: image ratio, number of megapixels, video formatb. Simply unneeded: SteadyShotSummary:There are several pros when it comes to the RX100 III but they seem to center around physical camera interaction and less frequent uses such as, low light and video. When it comes to daylight photos, which is a very frequent camera use, the bottom line is that pictures are not sharp enough or rich enough in color. Furthermore, you need to be ready to take a picture at a moment's notice and that requires a high quality and dependable automatic shooting mode that is lacking in this camera. Had the original 100, and this is a step up in all ways except zoom length.  As with my first one... Extraordinarily sharp, clear, detailed and saturated photos, faster shot to shot and better low light performance.  Little heavier, little thicker, very well made.  I would easily have given up the EVF for a touchscreen... I suspect Sony knows that by now, and i have no doubt it sill be on the next model.  Cons: The flash is now a manually actuated pop up, even when forced &#34;on&#34; in the menu, which seems dumb... and not well thought out, especially since the menu hasn't changed.  Why have a forced flash menu option when you have to manually pop it up?  Form factor still REQUIRES the addition of the rubber grip, or you WILL drop it.  How Sony got that one wrong is a true mystery.  That being said, yes... I ditched my Nikon D7000 and lenses and could not be more happy, not to be lugging it all around.  Under almost every circumstance, you cannot tell the difference between the DSLR shots and the Sony.  I have been a photographer for 40 years, and this is the first real game changer that made me ditch all the gear... Its just not necessary any more.  I fully understand that this is a subjective review, not technical.  If you need that, there are many technical online reviews that come to the same conclusion.  You will not be disappointed.",4.407407407407407,522,50990.0,53890.0
B00K899B9Y,Canon EF-S 10-18MM f/4.5-5.6 is STM Zoom Lens (Black),"tv, audio & cameras",Cameras,"I own the Canon 10-22 USM and love it, and I also had good experiences using the Canon STM lenses.  So the combination of both wide angle and STM just makes sense.  After first inspection, the lens is just slightly smaller than the 10-22 mm, made of solid durable plastic, and amazingly light.  The only real major thing missing form the 10-18 is the distance scale and maybe the extra 4 mm of zoom from the more expensive 10-22.  Combined with the Canon SL1, and this is one light duo.  The focus speeds between the two lenses are negligible.  USM is very quiet but after using the 10-18, STM is absolutely silent.  I even put my ear up to the lens to try to hear any focusing and nothing.  Video can be taken in Liveview using autofocus with no mechanical noise.  Both lenses produce great image quality.  The game changer is the IS.  In low light with the slightest shake using the 10-22 and the picture is out of focus.  With the 10-18, there is a higher chance of images coming in focus with minor shaking or motion.  Upon further inspection, the 10-18 produces sharper images, but I didnnotice some grain/noise overall when zoomed in.  My 10-22 produces much smoother images with noticeable less sharpening.  This could be a deal breaker for some people but I prefer the ability to use IS and have my images sharp and in focus.  I noticed that the front lens glass element does not sit flush with the zoom zoom/focus ring and body of the lens at 10mm.  It will sit flush when the zoom ring is set to 14mm.  This worries me because I mainly shoot wide open at 10mm and I leave the lens in that position when it goes into my bag, potentially allowing dust or cause damage to the lens.  Can anyone else verify that with their 10-18?  I find I use this lens much more than the my 10-22.  It has been a good run with the 10-22 but I think there is a new king of ultra wide zooms for the APS-C sensor Canon cameras. This is a great lens for landscape and night photography. It's lightweight but produces images that rival those of much heavier L lenses (except prime L lenses, of course). Like the old Canon EF-S 10-22mm and practically all ultra-wide angle lenses, images are a little bit soft in the corners at 10mm. But at 12mm and up, even the corners are sharp. This lens will most likely bring down the price of the old 10-22mm and other third party wide angle lenses. I took one star because of the ""kit lens"" build quality. As a long time photographer who's scaling back from big glass for the carry around convenience I was really surprised on how great the images were and usability of this lens compared to my 17-35.  One of my favorite lenses for my 70D This an excellent lens especially for indoor or outdoor architectural photography.  Nice price point and good quality glass.  Would definitely recommend if you are shooting real estate or interior design work. The EF-S 10-18 4.5-5.6 IS STM is the least expensive and smallest APS-C wide zoom among a small field of contenders. Here's what I thought about it after a couple weeks of shooting:CONSTRUCTION: Save for optical elements and electronics, it's entirely made of plastic. Plastics are high quality and the barrel is well finished in semi-matte. I could detect no wobble or play in the mount or zoom extension. This petite lens is a featherlight 240g and easy to slip in a coat pocket or purse.FOCUS is internal--no front element extension or turning--and fast, but silent to onboard mics. The STM drive rendered pulls and Movie Servo silky smooth on a 70D. I found STM focus equally effective for both video and stills and surprisingly surefooted in low light. The electronic or ""by wire"" manual focus is smooth, finely pitched and has a long rotation (100+), making pulls and fine adjustments a snap. While the FTM feature allows full time manual focus without flipping a switch, the gotcha is it only works when the camera is powered up with the shutter button half-pressed. The focus ring is thin and tricky to locate by feel.ZOOM: The ribbed zoom ring is large, grippy and smooth in rotation. During zoom operation, a small nested barrel extends from the main barrel at 10mm and 18mm, and is fully retracted at 14mm. The 10-18 range is only 1.8X, but short ratios are the norm for ultra wide zooms.IMAGE STABILIZER (IS) gives me two additional stops of hand holdable range at 10mm and three stops at 18mm. But not the four-stops claimed by Canon. Somebody with a more steady hand might squeeze out another stop. Also, IS was very quiet and I was unable to hear it on video with the built-in mics.OPTICAL PERFORMANCE wide open is sharp center frame but slightly soft towards the edges. Stop down to F8 and extremities sharpen up nicely. Sharpness is consistent across most of the zoom range, with only minor degradation towards the long end. There's slight barrel distortion at the wide end but distortion is negligible as you zoom towards 18mm. Chromatic aberration is well controlled with only a pixel or two of magenta fringing along high contrast edges. e.g., tree branches against a bright sky. However, it's easy to remove in DPP, LR or Aperture. In normal light you'll never notice magenta fringing.Photos of sunsets, spotlights and other bright light sources were sharp with well controlled flare (no filter installed). I could invoke flare with the afternoon sun (summer) in the frame and stopping down to F11 or 16. Use of a hood is highly recommended to help protect from stray light, doggie noses and raindrops. Unfortunately, the EW-73C hood is considered an accessory and costs a cringe worthy $29. I expect a price drop and/or inexpensive EW-73C knockoff to be available in the near future.Light falloff (corner darkening) is pronounced: heavy vignetting at 10mm from F4.5 until F11. It lessens as you zoom toward 18 and/or stop down, but is always there. If you shoot JPEGs, Peripheral Illumination Correction can automatically reduce light falloff. RAW shooters may correct with a few clicks in Lightroom or DPP.The dilemma is choosing between this lens and theEF-S 10-22mm f/3.5-4.5 USM. Image quality is a tossup so choice revolves around other features. For example, the USM lens has 4mm of extra reach (2.2X vs 1.8X), faster aperture, better build, internal focus and zoom, distance scale and metal mount. On the other hand, the STM lens is $300 less (!), smaller and lighter, includes IS and the STM drive is better for video.LAST BLURB: Obviously, Canon cut corners to swing this price point but managed to do so with few compromises in optical quality or function. The result is a marvelous lightweight zoom for landscapes, tight quarters or any situation a sweeping view is desired. Anyway you slice it, the EF-S 10-18mm f/4.5-5.6 IS STM is a great performer and value.",4.666666666666667,"2,264",0.0,23995.0
